transaction_id,store_id,employee_id,customer_id,plan_id,transaction_date,transaction_type,status,amount
1,12,32,1046,4,2026-06-21,Bill Payment,Completed,55.0
2,7,15,4,5,2025-11-09,New Activation,Completed,74.28
3,18,50,261,1,2026-01-14,Upgrade,Completed,63.22
4,14,36,1857,3,2026-05-25,Bill Payment,Completed,45.0
5,5,12,428,1,2025-07-29,New Activation,Completed,43.05
6,5,12,2579,6,2025-03-28,Bill Payment,Voided,0.0
7,2,3,318,3,2025-04-24,Bill Payment,Completed,45.0
8,8,18,1741,3,2026-04-03,New Activation,Completed,56.61
9,15,40,1024,4,2025-12-23,Bill Payment,Completed,55.0
10,17,47,2152,4,2026-06-14,Plan Change,Completed,8.61
11,11,27,856,5,2025-02-10,Bill Payment,Voided,0.0
12,3,7,1265,2,2025-05-23,Bill Payment,Completed,40.0
13,4,10,1182,3,2025-04-06,Plan Change,Completed,9.22
14,1,1,800,,2025-06-23,Accessory Sale,Completed,93.54
15,1,,378,,2025-09-06,Accessory Sale,Refunded,-48.74
16,8,17,2039,,2025-01-22,Accessory Sale,Completed,116.77
17,8,17,880,1,2026-03-03,Upgrade,Completed,75.38
18,7,15,1146,5,2025-02-04,Bill Payment,Completed,60.0
19,5,12,1524,4,2025-10-07,Bill Payment,Completed,55.0
20,14,38,1458,,2025-08-25,Accessory Sale,Completed,95.54
21,11,29,1356,3,2025-06-19,Bill Payment,Completed,45.0
22,6,13,312,4,2025-02-01,New Activation,Completed,67.49
23,2,4,239,,2025-02-26,Accessory Sale,Completed,146.5
24,7,15,485,6,2025-02-21,New Activation,Completed,75.72
25,7,15,2238,6,2026-06-29,Bill Payment,Voided,0.0
26,17,48,1453,4,2026-06-19,New Activation,Completed,64.44
27,14,36,1249,3,2026-05-27,Plan Change,Completed,7.65
28,7,16,217,2,2025-12-17,Bill Payment,Completed,40.0
29,18,49,120,,2025-08-12,Accessory Sale,Refunded,-113.85
30,11,30,1381,4,2026-01-12,Upgrade,Completed,126.82
31,5,11,2205,5,2026-04-05,Bill Payment,Refunded,-60.0
32,18,50,2235,1,2026-04-11,Bill Payment,Completed,30.0
33,15,42,1166,2,2025-06-30,Bill Payment,Voided,0.0
34,16,43,753,,2025-04-21,Accessory Sale,Completed,125.5
35,10,26,88,1,2025-11-26,Bill Payment,Voided,0.0
36,6,14,2401,6,2025-08-22,Bill Payment,Completed,65.0
37,3,6,2219,1,2025-11-06,Bill Payment,Completed,30.0
38,6,14,745,2,2025-11-26,Bill Payment,Completed,40.0
39,2,3,2344,1,2025-09-15,Bill Payment,Completed,30.0
40,8,18,971,2,2026-05-04,Bill Payment,Completed,40.0
41,15,42,2104,2,2025-06-07,Upgrade,Refunded,-116.92
42,2,5,2490,1,2025-06-05,Bill Payment,Refunded,-30.0
43,11,29,1228,3,2025-07-29,Bill Payment,Completed,45.0
44,18,49,2055,1,2026-01-19,Bill Payment,Completed,30.0
45,9,22,1650,4,2025-04-02,Bill Payment,Refunded,-55.0
46,18,50,1386,6,2025-12-30,Bill Payment,Completed,65.0
47,17,48,700,3,2026-04-06,Upgrade,Completed,85.25
48,2,4,2176,5,2025-12-04,Bill Payment,Completed,60.0
49,1,2,278,4,2025-02-10,Bill Payment,Completed,55.0
50,1,1,1456,1,2025-01-25,Plan Change,Completed,2.89
51,11,27,614,5,2026-02-04,Bill Payment,Completed,60.0
52,5,11,2570,2,2025-07-17,Bill Payment,Voided,0.0
53,11,28,76,2,2025-01-28,New Activation,Completed,46.73
54,6,13,221,5,2025-12-28,Bill Payment,Completed,60.0
55,2,3,1986,3,2026-04-02,New Activation,Completed,52.53
56,8,18,1451,3,2025-06-19,Plan Change,Completed,4.26
57,8,19,384,4,2025-10-13,Bill Payment,Completed,55.0
58,2,3,2004,3,2025-04-05,Bill Payment,Refunded,-45.0
59,6,14,901,4,2026-01-02,Bill Payment,Completed,55.0
60,11,29,1064,5,2025-05-01,Bill Payment,Completed,60.0
61,17,48,1827,3,2025-03-17,Bill Payment,Refunded,-45.0
62,3,8,1924,1,2026-01-16,Bill Payment,Voided,0.0
63,6,13,2276,6,2026-03-01,Bill Payment,Completed,65.0
64,6,13,946,1,2025-09-23,Bill Payment,Completed,30.0
65,7,15,350,2,2026-03-24,New Activation,Completed,47.37
66,6,14,2361,1,2025-08-01,Bill Payment,Completed,30.0
67,17,48,1828,2,2025-01-18,Bill Payment,Completed,40.0
68,4,9,1864,,2025-12-04,Accessory Sale,Completed,68.2
69,5,11,700,5,2026-02-12,Upgrade,Completed,138.89
70,2,,2266,1,2025-09-03,Bill Payment,Refunded,-30.0
71,2,3,1911,3,2026-05-14,Bill Payment,Completed,45.0
72,13,33,1183,,2026-01-06,Accessory Sale,Completed,86.81
73,14,37,2227,5,2026-05-23,Bill Payment,Completed,60.0
74,5,12,857,6,2025-10-21,New Activation,Completed,71.03
75,6,14,1658,3,2025-10-21,Upgrade,Completed,78.73
76,2,5,799,,2025-04-17,Accessory Sale,Refunded,-20.9
77,5,12,1940,3,2025-04-29,Bill Payment,Refunded,-45.0
78,7,15,1010,3,2025-08-20,New Activation,Completed,52.29
79,8,18,1381,5,2025-10-17,Bill Payment,Completed,60.0
80,12,32,1764,3,2025-09-17,Bill Payment,Completed,45.0
81,9,22,1674,2,2025-01-05,Bill Payment,Completed,40.0
82,18,50,394,5,2026-05-18,Bill Payment,Voided,0.0
83,9,22,562,2,2025-01-14,Bill Payment,Completed,40.0
84,10,25,435,2,2026-05-01,Bill Payment,Completed,40.0
85,14,38,1832,5,2026-01-25,Bill Payment,Completed,60.0
86,1,1,400,4,2025-05-07,Bill Payment,Completed,55.0
87,2,4,606,,2025-08-29,Accessory Sale,Completed,118.38
88,17,48,493,1,2026-06-09,New Activation,Completed,41.15
89,6,14,662,5,2025-03-31,Bill Payment,Completed,60.0
90,5,12,2078,,2026-01-16,Accessory Sale,Completed,77.45
91,14,37,2010,2,2025-05-20,Upgrade,Voided,0.0
92,5,12,2445,4,2026-05-07,Bill Payment,Completed,55.0
93,11,30,252,,2025-12-11,Accessory Sale,Completed,57.48
94,11,29,314,3,2026-05-04,Upgrade,Refunded,-95.08
95,6,13,264,1,2026-04-27,Bill Payment,Completed,30.0
96,2,5,2341,4,2026-02-01,Bill Payment,Completed,55.0
97,8,17,99,3,2025-01-27,Bill Payment,Completed,45.0
98,5,12,1390,4,2025-09-21,New Activation,Completed,68.7
99,7,16,236,2,2026-02-04,Bill Payment,Refunded,-40.0
100,9,20,795,,2026-05-25,Accessory Sale,Voided,0.0
101,14,36,1727,1,2025-05-11,Bill Payment,Refunded,-30.0
102,11,29,2477,6,2026-01-20,Bill Payment,Completed,65.0
103,15,42,249,2,2025-03-02,Bill Payment,Refunded,-40.0
104,3,6,971,1,2025-03-08,Bill Payment,Refunded,-30.0
105,2,4,875,6,2025-07-18,Bill Payment,Completed,65.0
106,17,48,1480,2,2026-04-03,Bill Payment,Completed,40.0
107,4,9,107,6,2026-01-22,Bill Payment,Completed,65.0
108,5,,963,1,2026-03-18,Bill Payment,Completed,30.0
109,11,30,456,3,2026-04-28,New Activation,Completed,55.01
110,18,49,2406,6,2025-08-31,Bill Payment,Completed,65.0
111,12,32,2550,6,2025-10-09,Bill Payment,Completed,65.0
112,9,20,1753,4,2025-02-12,Bill Payment,Completed,55.0
113,12,32,1162,2,2025-11-16,Bill Payment,Completed,40.0
114,13,34,2300,,2025-08-13,Accessory Sale,Voided,0.0
115,2,3,1133,6,2026-02-09,Bill Payment,Completed,65.0
116,8,19,1570,5,2025-04-16,Bill Payment,Refunded,-60.0
117,6,14,825,2,2025-10-28,Bill Payment,Completed,40.0
118,3,7,1508,5,2026-04-22,Upgrade,Completed,92.01
119,8,17,2169,2,2025-07-05,Plan Change,Completed,7.38
120,18,49,1582,2,2026-03-23,Bill Payment,Completed,40.0
121,8,17,1669,,2026-05-22,Accessory Sale,Completed,123.62
122,7,16,2412,3,2026-03-16,Bill Payment,Completed,45.0
123,17,48,2072,3,2025-02-03,Bill Payment,Completed,45.0
124,14,36,470,6,2026-05-06,Bill Payment,Completed,65.0
125,11,27,2501,1,2025-09-16,Bill Payment,Completed,30.0
126,1,2,628,4,2025-12-25,Bill Payment,Completed,55.0
127,2,5,1006,3,2026-05-20,Bill Payment,Completed,45.0
128,8,19,1711,4,2026-02-12,Bill Payment,Completed,55.0
129,5,11,1182,5,2025-02-06,New Activation,Refunded,-68.63
130,2,,2168,,2025-11-29,Accessory Sale,Completed,116.23
131,2,3,1607,2,2025-08-27,Plan Change,Completed,0.1
132,11,28,1797,,2025-06-11,Accessory Sale,Refunded,-123.65
133,18,49,63,3,2026-01-09,Bill Payment,Completed,45.0
134,6,13,481,1,2025-11-13,Plan Change,Refunded,-0.78
135,3,6,988,2,2026-02-04,Bill Payment,Completed,40.0
136,16,46,800,4,2026-05-25,Bill Payment,Completed,55.0
137,14,37,631,6,2026-05-31,Bill Payment,Completed,65.0
138,6,13,1825,5,2026-04-22,Bill Payment,Completed,60.0
139,17,48,2489,6,2025-08-04,New Activation,Completed,72.55
140,4,10,742,6,2025-03-22,Bill Payment,Completed,65.0
141,15,39,1991,5,2026-01-19,Upgrade,Completed,132.22
142,16,43,2406,6,2026-04-08,Upgrade,Completed,96.08
143,5,11,1670,5,2025-05-09,Bill Payment,Completed,60.0
144,8,18,1551,3,2025-07-24,Bill Payment,Voided,0.0
145,5,11,1318,2,2025-08-27,Bill Payment,Completed,40.0
146,12,31,483,,2025-08-22,Accessory Sale,Completed,34.88
147,17,48,1748,3,2025-07-22,Bill Payment,Voided,0.0
148,12,,1081,1,2026-03-15,Bill Payment,Completed,30.0
149,9,22,1259,1,2025-02-15,Bill Payment,Completed,30.0
150,15,39,1547,,2025-10-05,Accessory Sale,Completed,83.11
151,7,15,174,4,2025-10-04,Bill Payment,Completed,55.0
152,1,2,1568,1,2025-04-17,New Activation,Completed,38.13
153,6,14,2446,3,2025-10-31,Bill Payment,Completed,45.0
154,4,9,662,6,2025-08-10,Bill Payment,Completed,65.0
155,8,18,566,2,2026-04-13,Bill Payment,Completed,40.0
156,16,43,64,5,2026-06-14,Bill Payment,Refunded,-60.0
157,12,31,1942,5,2025-05-14,Bill Payment,Voided,0.0
158,15,40,2290,5,2026-03-18,Bill Payment,Completed,60.0
159,6,13,2306,1,2025-09-19,Bill Payment,Completed,30.0
160,16,46,1600,3,2025-07-01,Bill Payment,Completed,45.0
161,4,9,1282,5,2025-11-01,Bill Payment,Refunded,-60.0
162,5,11,2291,4,2026-01-11,Bill Payment,Completed,55.0
163,16,46,1541,6,2025-03-24,Upgrade,Completed,98.64
164,12,32,1458,4,2026-05-10,Bill Payment,Completed,55.0
165,12,31,1594,5,2025-10-22,Bill Payment,Completed,60.0
166,3,6,1193,,2025-08-02,Accessory Sale,Voided,0.0
167,14,36,949,1,2026-03-25,Bill Payment,Completed,30.0
168,5,12,448,6,2026-01-02,Bill Payment,Completed,65.0
169,12,32,1227,5,2025-02-26,Bill Payment,Completed,60.0
170,9,22,2316,5,2025-09-24,Plan Change,Completed,3.25
171,1,,2085,5,2025-11-03,Bill Payment,Refunded,-60.0
172,18,50,303,5,2025-09-09,Bill Payment,Completed,60.0
173,8,18,609,5,2025-08-12,Upgrade,Completed,99.29
174,16,46,352,1,2025-03-13,Bill Payment,Completed,30.0
175,3,6,1377,4,2026-06-10,Bill Payment,Completed,55.0
176,14,36,1191,4,2026-06-24,Bill Payment,Completed,55.0
177,9,20,578,3,2026-05-11,Bill Payment,Refunded,-45.0
178,3,7,1577,5,2026-05-25,Bill Payment,Completed,60.0
179,2,5,873,1,2025-05-20,Bill Payment,Refunded,-30.0
180,11,28,263,2,2026-04-29,Bill Payment,Completed,40.0
181,13,34,1295,6,2026-05-23,Bill Payment,Completed,65.0
182,12,31,1303,4,2026-02-02,New Activation,Completed,65.42
183,10,26,285,4,2025-05-22,Bill Payment,Completed,55.0
184,1,1,1146,3,2025-12-12,Bill Payment,Completed,45.0
185,9,20,682,2,2025-03-04,New Activation,Completed,52.46
186,9,21,77,5,2025-01-14,Bill Payment,Voided,0.0
187,8,18,1914,,2025-07-26,Accessory Sale,Completed,106.82
188,12,32,906,3,2025-01-18,Bill Payment,Completed,45.0
189,12,32,713,4,2025-02-13,Bill Payment,Completed,55.0
190,3,7,1124,5,2025-01-16,New Activation,Completed,67.96
191,14,35,1989,,2025-12-19,Accessory Sale,Voided,0.0
192,10,25,827,,2025-12-05,Accessory Sale,Refunded,-61.15
193,11,29,748,4,2026-02-21,Upgrade,Completed,98.42
194,2,4,1358,,2025-06-07,Accessory Sale,Voided,0.0
195,16,,288,6,2025-03-06,Bill Payment,Completed,65.0
196,11,28,660,2,2026-02-22,Bill Payment,Voided,0.0
197,17,48,2508,6,2025-10-28,New Activation,Completed,79.08
198,18,49,2436,5,2025-11-01,Bill Payment,Completed,60.0
199,12,32,2193,3,2026-04-05,Upgrade,Voided,0.0
200,3,8,1809,6,2025-01-28,Bill Payment,Completed,65.0
201,8,17,1930,2,2025-06-05,Bill Payment,Completed,40.0
202,16,43,1961,3,2025-12-24,New Activation,Completed,57.83
203,4,10,859,4,2025-08-16,Bill Payment,Refunded,-55.0
204,12,31,1076,5,2025-04-07,Bill Payment,Voided,0.0
205,3,7,287,2,2026-06-28,Bill Payment,Completed,40.0
206,7,16,1930,2,2025-03-26,Bill Payment,Completed,40.0
207,10,24,142,2,2025-10-23,Bill Payment,Completed,40.0
208,11,28,994,3,2026-02-10,Bill Payment,Voided,0.0
209,2,5,1159,1,2025-03-24,Bill Payment,Completed,30.0
210,6,14,193,3,2025-09-30,Bill Payment,Refunded,-45.0
211,7,15,2186,,2026-06-29,Accessory Sale,Completed,36.38
212,2,4,312,6,2025-03-25,Bill Payment,Completed,65.0
213,1,1,2569,4,2025-12-07,Bill Payment,Completed,55.0
214,7,15,1367,1,2026-06-29,Bill Payment,Completed,30.0
215,3,6,1492,2,2025-06-04,Bill Payment,Completed,40.0
216,12,32,1051,6,2026-04-28,Bill Payment,Completed,65.0
217,14,35,1298,6,2026-04-08,Bill Payment,Refunded,-65.0
218,14,37,2593,,2026-01-30,Accessory Sale,Completed,20.95
219,16,44,1842,4,2025-03-11,New Activation,Completed,65.96
220,8,19,938,4,2025-10-09,Bill Payment,Completed,55.0
221,6,13,1196,6,2026-03-17,Bill Payment,Completed,65.0
222,6,13,2411,5,2025-03-01,New Activation,Completed,70.68
223,6,13,1327,,2026-01-20,Accessory Sale,Completed,127.04
224,17,48,2090,5,2026-01-11,Bill Payment,Completed,60.0
225,6,14,1358,1,2025-11-05,Bill Payment,Completed,30.0
226,3,6,1627,1,2025-04-11,Bill Payment,Completed,30.0
227,11,30,113,2,2026-05-17,New Activation,Completed,51.1
228,13,34,2101,2,2025-03-06,Bill Payment,Completed,40.0
229,12,31,1817,1,2026-02-08,New Activation,Completed,37.62
230,6,14,2415,6,2026-05-06,New Activation,Voided,0.0
231,16,45,2089,1,2025-11-08,Bill Payment,Completed,30.0
232,8,18,1708,5,2025-08-25,Bill Payment,Completed,60.0
233,8,17,1515,6,2025-09-26,Bill Payment,Completed,65.0
234,2,5,1993,,2025-03-12,Accessory Sale,Completed,108.42
235,2,5,1995,4,2026-04-27,Bill Payment,Completed,55.0
236,1,2,137,1,2026-06-22,New Activation,Completed,44.28
237,14,37,1097,3,2026-04-24,Upgrade,Completed,70.23
238,14,38,781,4,2025-09-04,New Activation,Completed,63.79
239,5,11,573,2,2026-05-11,Bill Payment,Voided,0.0
240,3,7,404,1,2025-02-12,Upgrade,Completed,90.75
241,13,33,2285,1,2026-06-04,New Activation,Completed,38.35
242,7,16,826,3,2026-05-07,New Activation,Completed,50.31
243,14,,34,5,2025-11-25,Bill Payment,Completed,60.0
244,12,31,539,2,2025-02-04,Bill Payment,Completed,40.0
245,11,30,2480,5,2025-05-02,Bill Payment,Completed,60.0
246,16,44,1230,3,2025-11-20,Bill Payment,Voided,0.0
247,6,14,10,6,2025-06-27,Bill Payment,Completed,65.0
248,11,28,1337,6,2026-03-17,New Activation,Completed,73.27
249,3,7,1152,5,2026-02-25,Bill Payment,Completed,60.0
250,14,36,1970,1,2025-06-20,Bill Payment,Refunded,-30.0
251,8,19,2596,,2025-01-05,Accessory Sale,Completed,80.77
252,13,33,120,,2025-08-11,Accessory Sale,Completed,90.72
253,10,26,1101,,2026-05-07,Accessory Sale,Completed,100.27
254,2,3,222,,2026-05-24,Accessory Sale,Completed,18.65
255,18,49,644,2,2026-05-27,Bill Payment,Completed,40.0
256,15,39,1291,2,2025-03-12,Bill Payment,Completed,40.0
257,6,14,1179,2,2026-05-25,Bill Payment,Completed,40.0
258,13,33,269,3,2025-03-02,Bill Payment,Refunded,-45.0
259,17,47,1271,3,2026-01-23,Bill Payment,Completed,45.0
260,6,13,2121,,2026-06-18,Accessory Sale,Completed,102.21
261,14,36,2196,3,2025-10-31,Bill Payment,Completed,45.0
262,2,4,82,3,2025-01-14,Bill Payment,Voided,0.0
263,16,45,1803,4,2025-10-18,Bill Payment,Completed,55.0
264,9,22,1738,6,2025-03-14,Bill Payment,Completed,65.0
265,14,35,961,3,2025-07-06,Bill Payment,Completed,45.0
266,5,12,2118,5,2025-07-20,Bill Payment,Completed,60.0
267,3,7,592,2,2026-04-03,Bill Payment,Completed,40.0
268,14,37,2535,4,2025-07-05,Bill Payment,Completed,55.0
269,14,,1286,5,2026-02-10,Bill Payment,Refunded,-60.0
270,7,16,1506,1,2026-06-14,Bill Payment,Voided,0.0
271,2,5,12,,2026-03-17,Accessory Sale,Completed,149.52
272,9,20,2581,5,2025-02-24,Upgrade,Completed,101.77
273,14,38,2495,1,2025-04-04,Plan Change,Completed,0.61
274,15,42,2421,4,2025-11-03,Bill Payment,Completed,55.0
275,12,32,602,3,2025-11-26,Bill Payment,Completed,45.0
276,11,27,1772,5,2025-03-19,Bill Payment,Completed,60.0
277,8,19,2444,4,2025-11-01,Upgrade,Completed,101.68
278,14,37,707,6,2025-09-25,Plan Change,Refunded,-5.16
279,4,10,2431,1,2026-03-15,New Activation,Completed,40.0
280,3,6,2122,5,2026-02-19,Bill Payment,Completed,60.0
281,5,11,475,2,2025-03-10,Bill Payment,Completed,40.0
282,5,11,1320,2,2025-07-05,Bill Payment,Voided,0.0
283,2,5,1685,1,2025-09-16,Bill Payment,Completed,30.0
284,13,33,1355,2,2026-05-17,New Activation,Completed,54.25
285,1,2,646,1,2025-06-29,Plan Change,Completed,4.35
286,7,16,653,6,2025-03-29,Plan Change,Completed,3.89
287,5,12,2158,,2026-04-07,Accessory Sale,Completed,46.54
288,13,33,1413,6,2025-04-18,Bill Payment,Completed,65.0
289,10,25,1962,5,2025-11-12,Upgrade,Completed,139.43
290,18,50,2023,3,2025-11-25,New Activation,Voided,0.0
291,12,31,125,3,2026-04-04,Bill Payment,Completed,45.0
292,5,11,484,2,2026-06-17,Bill Payment,Completed,40.0
293,16,45,2497,5,2025-12-19,New Activation,Completed,66.6
294,6,14,108,4,2026-04-02,Bill Payment,Completed,55.0
295,4,,2308,3,2026-06-28,Bill Payment,Completed,45.0
296,1,,777,2,2025-03-25,Bill Payment,Completed,40.0
297,7,15,1219,6,2025-05-09,Bill Payment,Completed,65.0
298,5,12,628,6,2025-08-13,Bill Payment,Voided,0.0
299,3,6,787,3,2026-06-17,Bill Payment,Completed,45.0
300,11,28,657,5,2025-02-16,Upgrade,Completed,99.29
301,3,8,471,3,2026-03-29,New Activation,Completed,56.91
302,3,6,1210,6,2025-03-06,Plan Change,Completed,7.5
303,3,8,1956,4,2025-07-30,Bill Payment,Completed,55.0
304,2,5,1607,,2025-12-20,Accessory Sale,Completed,116.22
305,6,13,1003,6,2025-01-09,Plan Change,Voided,0.0
306,2,5,1436,3,2026-04-25,Bill Payment,Refunded,-45.0
307,8,18,213,2,2025-01-27,Bill Payment,Completed,40.0
308,3,8,1868,,2025-07-29,Accessory Sale,Completed,51.98
309,2,3,171,4,2026-06-18,Upgrade,Completed,89.78
310,8,17,452,5,2025-06-29,Bill Payment,Completed,60.0
311,5,11,2393,6,2025-07-14,Bill Payment,Refunded,-65.0
312,17,47,450,2,2025-09-15,Bill Payment,Completed,40.0
313,12,31,1379,1,2025-07-30,Plan Change,Completed,5.92
314,5,,48,6,2025-12-12,Bill Payment,Completed,65.0
315,8,17,860,5,2025-09-13,Bill Payment,Completed,60.0
316,14,37,407,2,2025-02-23,Bill Payment,Completed,40.0
317,3,7,322,,2025-07-27,Accessory Sale,Completed,135.64
318,16,45,2010,6,2026-01-19,Bill Payment,Completed,65.0
319,3,7,2525,5,2026-03-14,Bill Payment,Completed,60.0
320,8,17,1215,2,2025-08-12,Bill Payment,Completed,40.0
321,12,31,2380,4,2025-10-16,Plan Change,Completed,0.18
322,7,15,1490,5,2026-01-09,New Activation,Completed,66.05
323,6,13,2522,,2025-05-30,Accessory Sale,Completed,115.64
324,18,50,1762,1,2026-04-04,Plan Change,Voided,0.0
325,4,9,548,2,2025-04-06,Bill Payment,Completed,40.0
326,10,24,2454,3,2026-01-10,Bill Payment,Completed,45.0
327,13,33,2167,4,2026-01-02,Bill Payment,Completed,55.0
328,11,28,139,,2025-10-23,Accessory Sale,Completed,92.35
329,15,39,265,1,2025-03-26,Bill Payment,Completed,30.0
330,18,49,859,,2025-12-01,Accessory Sale,Completed,62.26
331,6,,1330,6,2026-04-05,Bill Payment,Completed,65.0
332,3,7,1974,6,2025-09-11,Bill Payment,Voided,0.0
333,16,43,1346,5,2025-11-25,Bill Payment,Completed,60.0
334,16,,2131,3,2025-08-02,Bill Payment,Completed,45.0
335,18,49,2198,4,2025-05-03,New Activation,Completed,60.78
336,7,15,2060,2,2026-02-27,Bill Payment,Completed,40.0
337,10,26,1819,2,2025-11-03,Bill Payment,Voided,0.0
338,16,43,1221,5,2025-06-21,Bill Payment,Refunded,-60.0
339,12,31,1211,5,2026-04-13,Upgrade,Completed,103.05
340,5,12,1347,2,2026-06-14,Upgrade,Voided,0.0
341,8,17,1886,,2025-01-23,Accessory Sale,Completed,31.63
342,14,35,664,,2026-05-19,Accessory Sale,Completed,132.4
343,5,12,2003,2,2026-06-30,Bill Payment,Voided,0.0
344,7,15,2571,3,2025-04-27,Bill Payment,Completed,45.0
345,15,42,1048,2,2025-06-01,Bill Payment,Completed,40.0
346,3,6,2470,4,2025-04-24,Bill Payment,Completed,55.0
347,7,,1580,2,2026-02-01,Plan Change,Completed,6.3
348,16,43,1683,1,2025-07-04,Bill Payment,Completed,30.0
349,7,16,2417,5,2026-06-18,New Activation,Completed,66.87
350,5,11,1200,4,2025-12-10,Bill Payment,Completed,55.0
351,5,11,583,4,2026-06-09,New Activation,Completed,61.38
352,8,19,855,1,2026-02-25,Bill Payment,Refunded,-30.0
353,17,48,1279,2,2026-03-13,Bill Payment,Voided,0.0
354,2,5,1857,6,2025-03-16,Bill Payment,Completed,65.0
355,15,39,2288,4,2026-04-01,Bill Payment,Refunded,-55.0
356,6,13,2229,2,2025-09-19,Bill Payment,Refunded,-40.0
357,17,48,2305,3,2025-07-15,New Activation,Completed,57.24
358,5,11,2139,5,2026-01-30,Upgrade,Completed,125.33
359,5,11,2291,3,2026-06-27,Bill Payment,Completed,45.0
360,17,48,435,2,2025-06-13,New Activation,Completed,49.93
361,2,5,496,3,2025-03-14,Bill Payment,Completed,45.0
362,15,42,1972,1,2026-05-12,Bill Payment,Refunded,-30.0
363,16,44,604,2,2026-03-05,Plan Change,Completed,7.31
364,16,43,1913,6,2026-01-28,Upgrade,Completed,89.67
365,16,45,360,4,2025-12-15,Bill Payment,Refunded,-55.0
366,2,4,1463,4,2025-07-30,Bill Payment,Refunded,-55.0
367,17,47,2100,5,2025-03-23,Upgrade,Completed,128.6
368,14,38,1998,5,2026-06-06,New Activation,Voided,0.0
369,1,2,2475,,2025-07-13,Accessory Sale,Voided,0.0
370,4,9,2174,1,2026-03-30,Bill Payment,Voided,0.0
371,5,12,2299,4,2026-04-14,Bill Payment,Completed,55.0
372,4,9,2580,5,2026-04-04,Bill Payment,Completed,60.0
373,17,47,1736,2,2025-09-30,Bill Payment,Refunded,-40.0
374,18,49,405,5,2025-02-22,Bill Payment,Completed,60.0
375,16,44,960,1,2025-04-16,Plan Change,Refunded,-7.75
376,11,29,1243,2,2025-01-12,Bill Payment,Completed,40.0
377,14,35,1683,1,2025-08-26,Plan Change,Completed,2.49
378,3,7,358,2,2026-04-18,Upgrade,Completed,66.96
379,4,10,735,3,2025-06-01,Bill Payment,Completed,45.0
380,18,49,224,,2025-08-06,Accessory Sale,Refunded,-27.19
381,3,,520,5,2026-05-05,Bill Payment,Completed,60.0
382,17,47,1430,2,2025-07-19,Upgrade,Completed,78.93
383,18,49,2457,4,2025-10-26,Bill Payment,Completed,55.0
384,4,10,2368,4,2025-07-31,New Activation,Completed,69.71
385,17,47,749,5,2026-04-14,New Activation,Completed,71.88
386,14,36,2515,2,2025-07-31,Bill Payment,Completed,40.0
387,13,,1064,5,2025-05-14,Bill Payment,Voided,0.0
388,18,49,1177,6,2025-09-20,Bill Payment,Completed,65.0
389,12,31,59,3,2025-03-19,Bill Payment,Completed,45.0
390,6,14,628,5,2025-05-20,Bill Payment,Completed,60.0
391,18,50,1946,,2025-10-15,Accessory Sale,Completed,60.03
392,17,48,1720,4,2025-11-14,Bill Payment,Completed,55.0
393,11,29,1865,,2026-01-22,Accessory Sale,Completed,126.2
394,7,16,707,2,2025-01-29,Upgrade,Completed,92.11
395,11,30,2117,5,2025-06-28,Bill Payment,Completed,60.0
396,1,2,1750,5,2025-01-21,Bill Payment,Completed,60.0
397,4,10,1856,4,2025-11-02,Bill Payment,Completed,55.0
398,14,38,1424,2,2026-06-17,Bill Payment,Completed,40.0
399,15,40,2509,3,2026-06-09,Bill Payment,Completed,45.0
400,18,49,328,2,2026-01-15,Bill Payment,Refunded,-40.0
401,14,,982,6,2026-06-25,Bill Payment,Completed,65.0
402,12,31,2378,6,2025-05-10,Bill Payment,Completed,65.0
403,12,32,2227,3,2025-06-25,Bill Payment,Completed,45.0
404,11,28,907,,2025-07-11,Accessory Sale,Refunded,-19.75
405,17,48,1874,,2025-02-22,Accessory Sale,Completed,57.07
406,3,6,487,5,2025-08-14,Bill Payment,Completed,60.0
407,7,15,2449,3,2025-08-03,Bill Payment,Completed,45.0
408,18,49,522,3,2025-06-06,Bill Payment,Completed,45.0
409,11,29,1558,4,2026-06-04,Bill Payment,Completed,55.0
410,15,39,2407,2,2025-07-12,Bill Payment,Completed,40.0
411,4,9,519,1,2026-02-12,Plan Change,Completed,4.54
412,6,14,1322,4,2025-07-06,New Activation,Completed,64.97
413,18,50,1493,4,2025-07-12,Bill Payment,Completed,55.0
414,14,35,2133,4,2025-07-29,Bill Payment,Completed,55.0
415,4,9,1668,2,2026-04-13,Bill Payment,Completed,40.0
416,5,12,828,5,2026-05-30,Plan Change,Completed,4.32
417,2,5,1146,4,2025-07-09,Bill Payment,Completed,55.0
418,6,14,1787,3,2025-12-21,Bill Payment,Completed,45.0
419,3,7,1019,3,2026-03-06,Bill Payment,Completed,45.0
420,17,48,1960,3,2025-09-26,Plan Change,Completed,1.31
421,1,2,2419,5,2025-10-16,Bill Payment,Completed,60.0
422,8,17,2598,6,2025-12-10,Bill Payment,Voided,0.0
423,10,26,1373,1,2026-05-26,Bill Payment,Completed,30.0
424,18,49,2395,1,2025-09-15,Bill Payment,Completed,30.0
425,5,12,1312,3,2026-03-01,Plan Change,Completed,0.69
426,6,14,1342,3,2025-09-10,Bill Payment,Completed,45.0
427,6,13,1096,1,2025-07-14,Bill Payment,Completed,30.0
428,12,32,774,3,2025-01-06,Bill Payment,Completed,45.0
429,1,2,663,5,2025-08-08,Bill Payment,Completed,60.0
430,16,46,1090,4,2025-05-20,Bill Payment,Completed,55.0
431,11,29,2308,2,2025-05-05,Bill Payment,Voided,0.0
432,5,11,1646,5,2025-11-06,Bill Payment,Completed,60.0
433,7,16,2212,6,2025-06-24,Bill Payment,Completed,65.0
434,10,24,706,3,2026-06-14,Bill Payment,Completed,45.0
435,4,10,1455,1,2025-10-31,New Activation,Completed,35.5
436,11,,175,3,2025-09-07,Bill Payment,Completed,45.0
437,9,22,1393,5,2025-12-17,Upgrade,Voided,0.0
438,12,32,2530,,2025-09-23,Accessory Sale,Completed,16.13
439,7,16,168,4,2025-10-06,Upgrade,Completed,78.48
440,8,17,1982,,2025-02-03,Accessory Sale,Completed,30.27
441,12,32,729,2,2026-03-16,Bill Payment,Completed,40.0
442,8,19,1674,2,2026-01-06,Bill Payment,Completed,40.0
443,14,36,2246,2,2025-04-27,Bill Payment,Completed,40.0
444,5,12,1632,,2026-02-20,Accessory Sale,Completed,22.18
445,11,30,1405,4,2025-02-14,Bill Payment,Completed,55.0
446,2,3,285,2,2025-07-20,Plan Change,Completed,2.47
447,11,29,742,1,2026-02-01,Plan Change,Completed,1.19
448,18,49,237,,2025-04-27,Accessory Sale,Completed,49.21
449,4,9,1816,,2025-01-15,Accessory Sale,Completed,110.65
450,6,,2346,2,2026-05-31,Plan Change,Completed,7.87
451,2,5,977,2,2026-06-19,Bill Payment,Completed,40.0
452,8,19,576,1,2025-11-16,Bill Payment,Completed,30.0
453,14,37,1599,1,2025-06-22,New Activation,Completed,42.78
454,2,3,1926,4,2025-07-21,New Activation,Completed,60.93
455,16,46,1919,5,2026-04-13,New Activation,Completed,70.65
456,11,27,527,5,2025-08-17,Bill Payment,Completed,60.0
457,18,50,1973,2,2026-05-26,Bill Payment,Completed,40.0
458,15,42,762,4,2025-07-06,Bill Payment,Completed,55.0
459,10,26,2210,6,2025-06-30,Bill Payment,Completed,65.0
460,8,18,389,6,2026-05-14,New Activation,Completed,75.59
461,11,29,2113,4,2025-08-06,Bill Payment,Completed,55.0
462,12,31,1108,5,2025-09-15,Bill Payment,Completed,60.0
463,1,,1858,6,2025-11-27,New Activation,Completed,75.21
464,2,5,731,4,2026-04-10,Bill Payment,Completed,55.0
465,8,17,1340,1,2025-04-12,Bill Payment,Completed,30.0
466,12,32,22,5,2026-04-03,Bill Payment,Voided,0.0
467,16,44,2537,1,2025-09-16,Bill Payment,Completed,30.0
468,17,47,1598,2,2026-04-18,New Activation,Completed,52.78
469,7,15,2478,1,2025-07-24,Bill Payment,Completed,30.0
470,11,28,1987,4,2025-03-01,New Activation,Completed,60.11
471,17,48,1039,,2025-01-30,Accessory Sale,Completed,59.32
472,12,32,1919,,2026-05-13,Accessory Sale,Completed,74.43
473,9,,1721,3,2026-04-13,Bill Payment,Refunded,-45.0
474,11,30,2242,1,2025-10-11,Bill Payment,Completed,30.0
475,5,11,2088,3,2025-12-12,Bill Payment,Completed,45.0
476,18,49,859,3,2026-05-28,Plan Change,Refunded,-6.73
477,7,16,540,6,2025-02-04,Bill Payment,Completed,65.0
478,5,12,1380,4,2025-10-01,Bill Payment,Completed,55.0
479,5,11,1058,4,2025-10-16,Bill Payment,Completed,55.0
480,2,4,980,2,2025-04-08,Bill Payment,Completed,40.0
481,12,32,986,3,2025-12-13,New Activation,Completed,55.35
482,18,50,1511,4,2025-11-05,New Activation,Completed,66.63
483,3,6,2233,3,2025-02-18,Bill Payment,Completed,45.0
484,3,6,1745,4,2025-02-25,Bill Payment,Completed,55.0
485,7,16,2115,4,2025-06-01,Bill Payment,Voided,0.0
486,12,31,312,5,2025-10-31,Upgrade,Completed,134.88
487,6,13,1307,5,2025-02-14,New Activation,Completed,72.56
488,4,9,1702,4,2025-03-19,Bill Payment,Completed,55.0
489,2,5,992,5,2026-01-14,Bill Payment,Refunded,-60.0
490,8,17,1959,1,2026-06-06,Bill Payment,Completed,30.0
491,17,47,1109,6,2026-01-14,Bill Payment,Completed,65.0
492,11,29,1216,2,2025-04-10,Bill Payment,Voided,0.0
493,3,,1127,6,2025-08-16,Plan Change,Voided,0.0
494,5,12,334,2,2025-10-21,Bill Payment,Completed,40.0
495,11,30,426,4,2026-06-22,Bill Payment,Completed,55.0
496,3,8,1302,5,2025-02-23,New Activation,Completed,65.28
497,3,6,2149,2,2025-11-09,Bill Payment,Completed,40.0
498,2,4,1960,4,2025-04-20,Upgrade,Completed,104.79
499,2,4,1450,6,2025-02-15,Bill Payment,Completed,65.0
500,14,38,1728,3,2025-01-21,Plan Change,Completed,6.87
501,17,48,2569,4,2025-03-01,New Activation,Completed,65.71
502,2,5,343,4,2025-02-07,New Activation,Completed,63.92
503,12,31,1969,5,2026-06-11,Bill Payment,Completed,60.0
504,5,11,1934,4,2025-12-24,Upgrade,Completed,125.7
505,14,38,83,1,2025-10-03,Bill Payment,Completed,30.0
506,4,9,82,1,2025-07-14,Bill Payment,Completed,30.0
507,2,5,2365,3,2025-08-20,Plan Change,Refunded,-8.43
508,2,5,2569,2,2025-12-02,Bill Payment,Refunded,-40.0
509,4,9,809,3,2025-05-31,New Activation,Completed,55.69
510,12,32,458,1,2025-05-31,Bill Payment,Completed,30.0
511,13,34,1815,1,2026-06-08,Bill Payment,Voided,0.0
512,2,5,1968,,2026-02-15,Accessory Sale,Completed,95.79
513,1,1,511,4,2025-10-20,New Activation,Completed,69.57
514,17,48,1341,2,2026-05-13,Bill Payment,Refunded,-40.0
515,12,32,2461,2,2025-11-30,Bill Payment,Completed,40.0
516,1,2,2340,2,2025-01-27,Bill Payment,Completed,40.0
517,3,8,1824,5,2025-04-17,Plan Change,Completed,4.81
518,14,35,255,3,2026-04-15,Bill Payment,Completed,45.0
519,14,36,864,3,2026-04-01,Bill Payment,Voided,0.0
520,14,36,1083,6,2025-02-15,Bill Payment,Completed,65.0
521,3,6,744,,2026-06-16,Accessory Sale,Voided,0.0
522,8,18,2011,5,2025-01-24,Bill Payment,Completed,60.0
523,5,11,1478,1,2026-04-11,Bill Payment,Completed,30.0
524,13,33,826,6,2025-06-01,New Activation,Completed,77.62
525,11,27,370,5,2026-02-18,New Activation,Completed,73.65
526,11,27,919,2,2025-04-26,New Activation,Completed,54.2
527,8,19,310,5,2026-04-03,Bill Payment,Completed,60.0
528,15,41,2414,,2026-01-20,Accessory Sale,Completed,149.43
529,14,35,1193,,2025-10-20,Accessory Sale,Completed,74.12
530,13,33,58,2,2025-03-07,Bill Payment,Refunded,-40.0
531,4,10,693,3,2026-04-10,Bill Payment,Voided,0.0
532,8,18,2514,,2026-01-08,Accessory Sale,Completed,52.63
533,7,15,27,,2025-08-14,Accessory Sale,Completed,144.07
534,15,42,1293,5,2026-01-23,Bill Payment,Completed,60.0
535,2,4,1571,1,2025-07-03,Bill Payment,Completed,30.0
536,16,43,1107,6,2025-06-23,Bill Payment,Completed,65.0
537,1,1,1671,,2025-07-29,Accessory Sale,Completed,68.8
538,12,,1140,,2026-03-22,Accessory Sale,Voided,0.0
539,15,41,980,3,2025-04-23,Bill Payment,Completed,45.0
540,13,34,308,2,2025-02-03,Bill Payment,Completed,40.0
541,2,4,1610,2,2025-02-02,Bill Payment,Completed,40.0
542,7,15,1427,6,2025-11-12,Bill Payment,Refunded,-65.0
543,2,3,2436,6,2026-06-13,Bill Payment,Completed,65.0
544,7,,677,6,2026-06-22,Bill Payment,Completed,65.0
545,8,18,2349,,2025-10-08,Accessory Sale,Completed,71.82
546,14,37,223,1,2025-09-23,Bill Payment,Completed,30.0
547,14,37,2281,,2025-11-13,Accessory Sale,Completed,70.99
548,11,29,1399,5,2026-03-17,New Activation,Completed,72.9
549,4,9,2220,,2026-01-09,Accessory Sale,Refunded,-38.69
550,8,17,728,3,2026-04-06,Bill Payment,Completed,45.0
551,17,,2035,3,2025-08-31,New Activation,Completed,57.42
552,5,11,1540,,2026-01-10,Accessory Sale,Completed,123.34
553,4,10,33,2,2025-01-08,Bill Payment,Completed,40.0
554,9,20,100,3,2025-06-20,Bill Payment,Completed,45.0
555,18,50,998,5,2026-05-25,Bill Payment,Completed,60.0
556,8,,227,2,2025-11-07,New Activation,Completed,50.34
557,12,32,1255,6,2026-06-07,Bill Payment,Completed,65.0
558,6,14,178,5,2025-12-28,Bill Payment,Completed,60.0
559,10,24,1046,4,2025-09-14,Bill Payment,Completed,55.0
560,11,29,2449,3,2026-04-19,Bill Payment,Completed,45.0
561,6,13,72,2,2025-11-03,Bill Payment,Completed,40.0
562,3,7,1299,5,2025-02-08,New Activation,Completed,73.53
563,8,17,2034,4,2025-04-30,Bill Payment,Completed,55.0
564,16,46,1101,4,2025-03-11,Bill Payment,Completed,55.0
565,7,15,1842,,2025-01-31,Accessory Sale,Voided,0.0
566,3,6,1935,2,2025-04-04,Plan Change,Completed,6.33
567,2,3,835,1,2025-01-27,Bill Payment,Voided,0.0
568,1,1,465,,2025-08-05,Accessory Sale,Completed,95.17
569,15,,1577,,2025-08-10,Accessory Sale,Completed,60.94
570,12,31,1671,,2026-05-14,Accessory Sale,Completed,45.78
571,7,15,1414,1,2025-12-20,Bill Payment,Completed,30.0
572,6,13,3,2,2025-10-02,Bill Payment,Completed,40.0
573,16,44,2155,,2025-12-25,Accessory Sale,Completed,109.4
574,17,47,545,3,2025-10-28,Bill Payment,Refunded,-45.0
575,18,50,1080,1,2025-04-09,Bill Payment,Completed,30.0
576,14,36,1493,5,2025-02-28,New Activation,Completed,70.31
577,6,14,475,4,2026-06-05,New Activation,Completed,64.6
578,4,9,1259,2,2026-04-18,Plan Change,Voided,0.0
579,10,26,434,,2026-05-24,Accessory Sale,Voided,0.0
580,1,2,2329,3,2026-06-08,Upgrade,Completed,103.69
581,6,13,2061,2,2025-03-26,Bill Payment,Completed,40.0
582,18,50,1063,4,2025-11-13,Plan Change,Completed,0.83
583,6,14,802,4,2025-09-02,Bill Payment,Completed,55.0
584,3,6,638,5,2025-07-25,Bill Payment,Completed,60.0
585,1,1,1930,1,2026-05-19,Bill Payment,Completed,30.0
586,16,44,2558,5,2025-08-27,Bill Payment,Completed,60.0
587,17,48,2029,3,2025-04-19,Bill Payment,Completed,45.0
588,13,,1403,,2025-10-03,Accessory Sale,Completed,66.67
589,5,11,1153,4,2026-03-28,Plan Change,Completed,6.26
590,2,3,812,4,2026-01-08,Bill Payment,Completed,55.0
591,12,31,1500,6,2025-08-10,New Activation,Completed,73.1
592,12,32,422,6,2026-05-19,Bill Payment,Completed,65.0
593,9,22,2560,1,2026-02-20,Bill Payment,Completed,30.0
594,8,17,2050,6,2026-03-16,New Activation,Completed,78.4
595,2,5,1942,5,2025-02-18,Bill Payment,Refunded,-60.0
596,17,47,1125,2,2025-10-06,Upgrade,Completed,94.46
597,2,4,997,1,2026-01-02,Bill Payment,Refunded,-30.0
598,9,23,635,4,2025-03-07,Bill Payment,Completed,55.0
599,14,38,380,4,2025-07-07,Bill Payment,Refunded,-55.0
600,14,37,1011,6,2025-04-01,Bill Payment,Refunded,-65.0
601,13,34,613,1,2025-05-07,Bill Payment,Completed,30.0
602,5,11,2251,1,2025-05-28,Bill Payment,Voided,0.0
603,4,9,1109,1,2025-07-13,Bill Payment,Voided,0.0
604,8,17,291,6,2025-07-09,Bill Payment,Voided,0.0
605,6,13,1085,5,2025-01-30,Bill Payment,Completed,60.0
606,6,14,277,4,2025-01-23,Bill Payment,Refunded,-55.0
607,17,47,171,2,2026-05-06,New Activation,Completed,51.5
608,2,4,1156,3,2026-05-24,Bill Payment,Completed,45.0
609,17,47,725,3,2025-06-26,Bill Payment,Completed,45.0
610,14,37,2566,1,2025-09-24,Bill Payment,Completed,30.0
611,8,19,144,1,2025-11-21,Bill Payment,Completed,30.0
612,8,19,79,6,2026-05-09,Bill Payment,Completed,65.0
613,5,12,175,5,2025-08-30,Bill Payment,Completed,60.0
614,16,44,1112,3,2025-09-11,Plan Change,Completed,9.65
615,6,14,1022,3,2025-05-30,Bill Payment,Completed,45.0
616,5,12,1283,,2025-06-23,Accessory Sale,Completed,78.35
617,18,50,876,5,2026-06-26,Bill Payment,Refunded,-60.0
618,1,2,2422,6,2025-03-02,New Activation,Completed,76.55
619,2,3,2517,2,2026-03-21,Bill Payment,Refunded,-40.0
620,11,27,1202,1,2025-10-31,Bill Payment,Completed,30.0
621,8,18,2115,2,2026-01-01,Bill Payment,Completed,40.0
622,18,50,1251,2,2025-11-25,Bill Payment,Voided,0.0
623,3,8,223,5,2025-08-04,Bill Payment,Refunded,-60.0
624,4,9,476,6,2026-05-21,New Activation,Completed,79.79
625,9,22,1186,,2025-11-24,Accessory Sale,Completed,24.6
626,2,5,2339,6,2025-11-17,Bill Payment,Completed,65.0
627,5,11,2000,,2026-02-06,Accessory Sale,Completed,53.4
628,16,46,2585,2,2025-07-20,Plan Change,Completed,4.83
629,18,50,1697,6,2025-02-01,Bill Payment,Refunded,-65.0
630,8,19,1136,3,2025-05-24,New Activation,Completed,54.94
631,17,48,2557,3,2026-04-07,Bill Payment,Completed,45.0
632,2,5,288,,2026-02-05,Accessory Sale,Completed,25.36
633,3,7,598,,2025-09-10,Accessory Sale,Completed,137.41
634,9,23,1037,6,2025-04-28,Bill Payment,Completed,65.0
635,2,5,641,1,2025-10-26,Bill Payment,Completed,30.0
636,1,2,1102,6,2025-11-02,New Activation,Completed,71.01
637,4,10,2471,2,2026-04-18,Bill Payment,Completed,40.0
638,13,34,2565,6,2025-01-09,Bill Payment,Completed,65.0
639,4,9,774,6,2025-12-15,New Activation,Completed,71.3
640,14,36,2433,4,2025-05-22,Upgrade,Completed,121.91
641,18,50,1057,,2025-03-26,Accessory Sale,Completed,13.22
642,8,17,2441,4,2025-06-08,Bill Payment,Completed,55.0
643,6,13,1579,1,2025-10-25,Bill Payment,Voided,0.0
644,14,35,1125,6,2025-09-20,Bill Payment,Refunded,-65.0
645,14,37,1902,2,2025-03-28,Upgrade,Completed,112.86
646,2,4,2390,,2025-06-09,Accessory Sale,Refunded,-63.43
647,3,7,417,2,2025-10-05,Bill Payment,Completed,40.0
648,4,9,2112,5,2026-06-04,Bill Payment,Completed,60.0
649,18,49,2147,5,2026-05-13,Bill Payment,Completed,60.0
650,1,1,740,4,2025-09-03,Bill Payment,Completed,55.0
651,3,8,2362,1,2025-01-21,Bill Payment,Completed,30.0
652,4,10,2522,,2025-12-03,Accessory Sale,Completed,23.11
653,17,47,773,3,2025-05-19,Bill Payment,Completed,45.0
654,6,13,1343,2,2026-04-10,Plan Change,Completed,3.66
655,3,8,163,,2026-06-03,Accessory Sale,Refunded,-64.43
656,2,3,965,5,2025-11-07,Bill Payment,Completed,60.0
657,7,16,313,6,2025-11-21,New Activation,Completed,75.32
658,14,37,1565,4,2025-11-02,Bill Payment,Completed,55.0
659,4,10,714,6,2025-05-11,Bill Payment,Completed,65.0
660,14,,17,1,2026-05-11,Bill Payment,Completed,30.0
661,8,17,1125,4,2026-06-16,Upgrade,Completed,100.98
662,3,8,1512,5,2026-03-01,Plan Change,Completed,7.98
663,14,37,306,2,2026-03-27,Bill Payment,Completed,40.0
664,5,11,982,3,2026-05-06,Bill Payment,Completed,45.0
665,11,30,1583,6,2025-04-23,Bill Payment,Completed,65.0
666,14,37,1350,5,2025-06-03,Bill Payment,Completed,60.0
667,18,49,2076,3,2026-06-29,Bill Payment,Refunded,-45.0
668,2,4,1120,2,2026-04-25,Upgrade,Completed,100.78
669,14,36,2351,6,2025-04-24,Bill Payment,Completed,65.0
670,3,7,467,2,2025-12-22,Bill Payment,Completed,40.0
671,12,32,2288,3,2025-06-15,New Activation,Completed,58.98
672,6,14,1770,2,2026-02-11,Bill Payment,Completed,40.0
673,9,,2106,6,2026-01-20,Upgrade,Completed,129.9
674,3,6,729,,2025-05-28,Accessory Sale,Completed,16.43
675,5,11,889,2,2025-01-14,Bill Payment,Completed,40.0
676,6,14,1018,2,2026-02-16,Plan Change,Refunded,-8.41
677,1,2,635,4,2025-12-06,Bill Payment,Completed,55.0
678,14,37,1031,,2026-05-08,Accessory Sale,Completed,25.07
679,2,4,2252,4,2025-06-11,Bill Payment,Completed,55.0
680,12,32,2271,2,2025-12-16,Bill Payment,Completed,40.0
681,12,32,1764,5,2025-09-15,Bill Payment,Completed,60.0
682,17,48,352,3,2026-02-20,Bill Payment,Completed,45.0
683,5,12,290,6,2026-06-18,Bill Payment,Completed,65.0
684,14,36,318,,2025-08-14,Accessory Sale,Completed,80.98
685,5,11,1305,6,2026-05-29,Bill Payment,Completed,65.0
686,12,31,207,2,2025-09-04,Bill Payment,Completed,40.0
687,8,,1590,,2025-11-04,Accessory Sale,Refunded,-92.11
688,1,1,1385,2,2026-01-07,New Activation,Completed,45.29
689,8,18,30,2,2025-02-10,Bill Payment,Completed,40.0
690,8,17,601,3,2026-05-28,Bill Payment,Refunded,-45.0
691,5,11,448,5,2025-09-08,Bill Payment,Voided,0.0
692,11,28,2246,4,2026-01-12,Plan Change,Completed,5.34
693,9,22,1631,4,2026-05-06,Bill Payment,Completed,55.0
694,6,13,539,2,2026-06-06,Bill Payment,Completed,40.0
695,11,30,674,6,2025-12-16,Bill Payment,Completed,65.0
696,2,4,697,6,2025-03-06,Bill Payment,Completed,65.0
697,5,11,2376,5,2026-02-19,Upgrade,Completed,124.49
698,8,17,457,1,2025-05-20,Bill Payment,Completed,30.0
699,2,5,2336,3,2025-03-06,Bill Payment,Completed,45.0
700,5,12,295,3,2025-01-06,Upgrade,Completed,106.13
701,6,14,1964,2,2025-01-27,Bill Payment,Completed,40.0
702,6,13,34,4,2025-04-05,Bill Payment,Completed,55.0
703,7,15,1779,1,2025-06-07,New Activation,Completed,38.04
704,3,6,1938,,2025-03-13,Accessory Sale,Completed,65.4
705,18,49,243,2,2025-06-28,Bill Payment,Completed,40.0
706,8,17,2398,3,2025-05-10,Bill Payment,Refunded,-45.0
707,9,22,2581,3,2025-01-26,Bill Payment,Completed,45.0
708,15,39,1100,6,2025-10-12,Upgrade,Completed,126.2
709,17,48,1082,5,2025-07-18,Bill Payment,Voided,0.0
710,2,5,1679,4,2025-03-02,Bill Payment,Completed,55.0
711,11,30,191,2,2025-03-18,Bill Payment,Completed,40.0
712,17,47,1145,1,2025-11-03,Plan Change,Completed,5.85
713,11,28,2100,1,2025-10-02,Bill Payment,Completed,30.0
714,7,16,1713,6,2025-02-25,Bill Payment,Voided,0.0
715,14,36,1778,5,2025-09-09,Bill Payment,Completed,60.0
716,7,15,1587,5,2026-03-17,Bill Payment,Refunded,-60.0
717,1,2,676,6,2025-12-09,Upgrade,Completed,93.02
718,12,32,1985,1,2026-03-02,Bill Payment,Completed,30.0
719,7,15,2470,4,2025-12-22,New Activation,Completed,66.62
720,2,3,1745,2,2025-08-10,New Activation,Refunded,-52.66
721,16,44,746,,2025-08-24,Accessory Sale,Completed,114.37
722,14,36,2044,2,2025-06-27,Bill Payment,Completed,40.0
723,7,16,281,6,2025-02-15,New Activation,Completed,72.31
724,3,7,1102,3,2026-04-28,Plan Change,Completed,7.85
725,5,11,950,5,2026-04-30,Bill Payment,Completed,60.0
726,3,,728,5,2026-05-04,Bill Payment,Completed,60.0
727,8,19,2218,,2026-03-07,Accessory Sale,Voided,0.0
728,4,9,2487,4,2025-07-12,Bill Payment,Completed,55.0
729,8,17,2565,,2025-06-05,Accessory Sale,Completed,52.04
730,6,14,1210,1,2025-04-26,Bill Payment,Completed,30.0
731,18,49,1941,2,2025-05-19,New Activation,Completed,49.7
732,10,24,1683,3,2025-04-17,Bill Payment,Completed,45.0
733,10,,1397,1,2025-12-19,Bill Payment,Completed,30.0
734,10,24,628,5,2025-08-13,Bill Payment,Completed,60.0
735,15,40,1294,5,2026-03-29,Bill Payment,Completed,60.0
736,1,2,2377,4,2026-05-30,Bill Payment,Completed,55.0
737,18,49,500,3,2025-02-10,Bill Payment,Completed,45.0
738,1,2,2337,1,2025-05-20,Bill Payment,Refunded,-30.0
739,15,40,639,6,2025-11-29,New Activation,Completed,77.33
740,7,16,141,6,2025-09-19,Bill Payment,Voided,0.0
741,9,20,685,2,2025-01-22,New Activation,Completed,47.42
742,5,12,465,,2026-01-13,Accessory Sale,Voided,0.0
743,3,7,1932,2,2025-01-30,Bill Payment,Completed,40.0
744,7,16,1340,,2025-08-11,Accessory Sale,Completed,53.52
745,15,41,1390,,2025-01-10,Accessory Sale,Completed,70.75
746,6,13,1611,5,2025-02-15,Upgrade,Refunded,-116.7
747,6,13,2280,1,2025-10-10,Bill Payment,Completed,30.0
748,4,,1650,1,2025-07-02,New Activation,Voided,0.0
749,17,48,1246,1,2026-05-19,Upgrade,Voided,0.0
750,1,2,854,4,2025-07-17,Bill Payment,Completed,55.0
751,11,30,1705,6,2025-07-11,Bill Payment,Refunded,-65.0
752,4,9,391,3,2026-06-21,Bill Payment,Completed,45.0
753,8,19,82,4,2025-03-06,Bill Payment,Refunded,-55.0
754,6,14,1397,5,2026-05-15,Upgrade,Completed,85.06
755,15,40,543,5,2025-01-18,Bill Payment,Completed,60.0
756,16,44,1036,1,2026-01-10,Bill Payment,Completed,30.0
757,15,40,1896,1,2025-12-09,Plan Change,Refunded,-3.22
758,14,37,140,6,2026-02-26,Bill Payment,Completed,65.0
759,11,28,1983,4,2025-09-29,Bill Payment,Completed,55.0
760,9,20,2422,2,2025-11-10,Bill Payment,Completed,40.0
761,5,12,1584,5,2025-11-04,Bill Payment,Completed,60.0
762,2,3,2449,1,2026-05-30,New Activation,Completed,35.95
763,18,49,2292,3,2026-02-15,Bill Payment,Completed,45.0
764,13,33,685,1,2025-01-21,Bill Payment,Refunded,-30.0
765,16,45,210,3,2026-01-03,Bill Payment,Completed,45.0
766,5,11,754,3,2025-08-16,Bill Payment,Refunded,-45.0
767,15,42,1826,5,2025-07-07,Plan Change,Voided,0.0
768,8,19,294,3,2025-08-26,Bill Payment,Completed,45.0
769,7,15,1652,6,2025-07-10,New Activation,Voided,0.0
770,17,,1087,1,2026-04-03,Bill Payment,Completed,30.0
771,1,1,2287,6,2025-12-28,Bill Payment,Completed,65.0
772,18,50,2481,1,2026-06-01,New Activation,Completed,40.37
773,4,10,2268,3,2026-02-05,Upgrade,Completed,74.68
774,12,32,1082,,2025-03-26,Accessory Sale,Completed,61.23
775,8,18,2074,2,2026-01-26,Bill Payment,Voided,0.0
776,11,30,547,,2026-02-19,Accessory Sale,Completed,11.57
777,14,38,1889,6,2026-01-12,Bill Payment,Completed,65.0
778,15,41,472,6,2025-10-29,Bill Payment,Refunded,-65.0
779,3,7,1778,1,2026-04-29,New Activation,Completed,37.34
780,14,38,2168,5,2025-07-01,Bill Payment,Completed,60.0
781,16,45,2498,4,2026-04-16,Upgrade,Completed,96.42
782,13,34,1798,,2025-12-02,Accessory Sale,Completed,46.18
783,2,5,2380,,2026-05-21,Accessory Sale,Completed,95.18
784,9,22,2000,3,2026-05-18,Bill Payment,Completed,45.0
785,14,35,199,2,2026-05-23,Bill Payment,Completed,40.0
786,5,11,446,5,2026-06-26,Bill Payment,Completed,60.0
787,16,45,399,6,2026-01-07,Bill Payment,Completed,65.0
788,18,50,2347,5,2025-06-19,Bill Payment,Completed,60.0
789,14,36,2507,4,2025-06-05,Bill Payment,Refunded,-55.0
790,10,26,2090,6,2026-03-27,Bill Payment,Voided,0.0
791,1,2,511,5,2026-06-09,Upgrade,Completed,84.16
792,6,14,1356,4,2025-06-12,Bill Payment,Completed,55.0
793,18,50,625,6,2025-09-19,Upgrade,Completed,132.42
794,1,1,41,6,2025-06-29,Bill Payment,Completed,65.0
795,8,17,1840,1,2026-03-01,Bill Payment,Completed,30.0
796,4,10,384,2,2025-01-11,Bill Payment,Completed,40.0
797,14,36,2155,,2026-05-01,Accessory Sale,Completed,77.68
798,12,32,1744,,2025-06-06,Accessory Sale,Completed,86.4
799,15,40,843,3,2025-10-22,Bill Payment,Completed,45.0
800,17,48,637,5,2026-03-07,Bill Payment,Refunded,-60.0
801,9,20,1648,4,2025-02-02,Upgrade,Completed,108.02
802,6,13,929,5,2025-07-24,Bill Payment,Completed,60.0
803,12,31,1385,5,2026-03-29,Bill Payment,Completed,60.0
804,6,14,1429,1,2025-04-12,Bill Payment,Completed,30.0
805,6,13,123,2,2026-05-29,Bill Payment,Completed,40.0
806,11,28,1064,2,2025-06-19,Upgrade,Completed,85.42
807,6,13,1876,,2026-05-24,Accessory Sale,Completed,121.98
808,4,9,715,2,2025-11-24,Bill Payment,Completed,40.0
809,1,1,2019,,2026-05-27,Accessory Sale,Completed,21.52
810,16,44,41,3,2026-05-04,New Activation,Completed,54.56
811,6,14,308,4,2025-04-25,New Activation,Voided,0.0
812,8,19,1981,3,2025-12-09,Plan Change,Completed,2.33
813,15,41,273,1,2026-04-19,Upgrade,Completed,109.02
814,5,11,1644,2,2025-05-20,Bill Payment,Completed,40.0
815,6,14,1395,1,2025-09-07,Upgrade,Completed,52.0
816,5,11,932,1,2025-01-12,Bill Payment,Completed,30.0
817,2,3,2481,6,2025-04-09,Upgrade,Completed,86.49
818,5,12,357,3,2025-05-10,Upgrade,Completed,88.89
819,15,41,453,3,2026-04-15,Bill Payment,Completed,45.0
820,2,3,1654,2,2026-02-21,Upgrade,Completed,82.69
821,5,12,2561,,2026-01-02,Accessory Sale,Completed,71.04
822,16,45,1012,,2025-01-28,Accessory Sale,Completed,125.65
823,2,5,187,4,2025-12-31,New Activation,Completed,68.15
824,9,21,812,,2025-12-14,Accessory Sale,Completed,112.07
825,16,46,2505,4,2026-05-03,Bill Payment,Refunded,-55.0
826,1,1,1955,3,2025-01-25,Upgrade,Voided,0.0
827,3,6,1411,2,2025-01-20,Bill Payment,Completed,40.0
828,14,38,2012,4,2025-02-13,Upgrade,Completed,99.54
829,5,11,269,,2026-01-17,Accessory Sale,Completed,135.48
830,5,12,117,3,2025-05-16,Bill Payment,Completed,45.0
831,7,15,239,1,2025-07-25,New Activation,Completed,40.26
832,5,11,1348,,2025-05-31,Accessory Sale,Completed,69.6
833,5,12,70,6,2026-02-13,Bill Payment,Completed,65.0
834,2,5,1311,2,2025-12-06,Bill Payment,Completed,40.0
835,14,38,618,1,2026-06-11,Bill Payment,Refunded,-30.0
836,14,35,1916,4,2025-04-04,Bill Payment,Completed,55.0
837,4,10,752,3,2025-03-30,New Activation,Completed,59.1
838,4,9,2353,6,2026-02-12,Bill Payment,Completed,65.0
839,11,30,566,1,2025-05-03,Bill Payment,Completed,30.0
840,7,15,1892,5,2026-05-28,Bill Payment,Refunded,-60.0
841,2,5,1972,4,2025-03-29,Bill Payment,Completed,55.0
842,2,4,2531,,2025-02-07,Accessory Sale,Completed,71.67
843,4,10,717,3,2025-12-19,Bill Payment,Completed,45.0
844,12,31,1710,,2025-06-15,Accessory Sale,Voided,0.0
845,17,47,1013,5,2025-03-23,Bill Payment,Completed,60.0
846,18,49,1266,4,2025-08-26,Bill Payment,Completed,55.0
847,17,47,1702,1,2026-06-27,Bill Payment,Completed,30.0
848,1,1,1613,5,2025-06-28,Bill Payment,Completed,60.0
849,12,32,1896,6,2026-01-06,Bill Payment,Completed,65.0
850,6,14,878,4,2026-01-22,Bill Payment,Refunded,-55.0
851,1,2,2078,6,2026-05-22,Bill Payment,Completed,65.0
852,15,40,131,6,2026-03-10,Upgrade,Completed,126.0
853,10,24,1449,5,2025-07-08,Bill Payment,Completed,60.0
854,8,17,371,1,2026-04-17,Plan Change,Completed,9.72
855,1,1,2400,4,2025-02-01,New Activation,Completed,69.53
856,2,5,1317,2,2025-10-25,Bill Payment,Completed,40.0
857,12,31,627,1,2025-10-25,Upgrade,Voided,0.0
858,8,19,2418,4,2025-05-08,Bill Payment,Refunded,-55.0
859,1,1,1909,4,2025-07-17,Bill Payment,Voided,0.0
860,14,38,1498,1,2026-03-13,Upgrade,Completed,76.62
861,5,11,751,3,2026-04-06,Bill Payment,Voided,0.0
862,16,44,1645,2,2025-12-24,Bill Payment,Completed,40.0
863,17,47,2318,2,2025-02-09,Bill Payment,Voided,0.0
864,1,2,1437,5,2025-09-12,New Activation,Completed,69.55
865,10,24,2054,3,2025-11-08,Upgrade,Completed,101.14
866,2,4,1691,,2026-01-04,Accessory Sale,Completed,66.07
867,4,10,1093,3,2025-09-30,Plan Change,Voided,0.0
868,3,8,1779,2,2026-04-27,Bill Payment,Completed,40.0
869,6,14,609,6,2026-03-15,Plan Change,Completed,4.85
870,3,6,856,4,2025-02-27,Plan Change,Completed,4.36
871,12,32,2460,5,2025-01-20,Bill Payment,Completed,60.0
872,15,,2574,5,2025-02-24,Bill Payment,Completed,60.0
873,11,30,524,1,2025-12-09,Bill Payment,Completed,30.0
874,4,9,1145,2,2025-05-24,Bill Payment,Completed,40.0
875,15,42,1173,,2025-01-16,Accessory Sale,Completed,131.41
876,3,7,2045,5,2025-10-27,New Activation,Refunded,-74.88
877,2,4,2555,,2025-01-24,Accessory Sale,Completed,42.91
878,5,12,1808,6,2026-03-09,Bill Payment,Voided,0.0
879,14,36,219,4,2026-06-25,Bill Payment,Completed,55.0
880,11,30,1980,3,2025-12-25,New Activation,Completed,58.69
881,18,49,1593,2,2025-10-02,New Activation,Completed,52.9
882,4,,443,1,2026-04-18,Bill Payment,Completed,30.0
883,18,50,132,6,2025-05-14,Upgrade,Completed,122.46
884,14,35,2181,1,2025-03-30,New Activation,Refunded,-41.42
885,1,1,432,4,2025-05-15,New Activation,Refunded,-67.82
886,8,18,571,3,2025-06-05,Bill Payment,Completed,45.0
887,5,11,2415,3,2025-11-13,New Activation,Refunded,-50.4
888,7,16,2287,,2026-03-31,Accessory Sale,Completed,145.03
889,5,11,1149,5,2025-09-07,New Activation,Completed,70.52
890,8,19,215,,2025-07-15,Accessory Sale,Completed,94.98
891,1,2,2146,2,2025-02-28,Bill Payment,Completed,40.0
892,10,25,1263,5,2026-04-08,Bill Payment,Completed,60.0
893,5,12,890,3,2026-03-17,Bill Payment,Completed,45.0
894,5,,2318,2,2026-06-17,Bill Payment,Completed,40.0
895,15,42,366,2,2026-01-21,Bill Payment,Completed,40.0
896,6,13,1262,5,2025-08-24,Bill Payment,Completed,60.0
897,6,13,480,4,2025-06-11,New Activation,Voided,0.0
898,15,39,2573,5,2025-08-18,Bill Payment,Refunded,-60.0
899,2,4,217,4,2026-06-10,New Activation,Completed,62.39
900,8,17,665,,2025-02-04,Accessory Sale,Completed,77.25
901,14,37,2063,3,2025-12-10,Bill Payment,Completed,45.0
902,14,36,219,,2025-04-09,Accessory Sale,Completed,59.53
903,18,49,681,6,2025-09-13,Bill Payment,Voided,0.0
904,18,49,2448,4,2025-10-01,Bill Payment,Completed,55.0
905,2,5,1702,2,2025-11-17,Bill Payment,Completed,40.0
906,4,9,263,,2025-11-17,Accessory Sale,Completed,13.19
907,17,47,1636,,2026-05-23,Accessory Sale,Refunded,-40.62
908,4,10,2333,1,2025-05-31,Bill Payment,Completed,30.0
909,1,1,1002,3,2025-04-01,Upgrade,Completed,95.79
910,8,17,2565,6,2025-10-28,New Activation,Completed,75.41
911,16,43,2240,,2026-04-07,Accessory Sale,Voided,0.0
912,18,49,579,4,2025-09-14,Bill Payment,Completed,55.0
913,5,11,493,3,2025-03-22,Bill Payment,Completed,45.0
914,2,3,2003,5,2026-06-22,Bill Payment,Completed,60.0
915,3,8,673,5,2025-01-22,Bill Payment,Completed,60.0
916,13,34,2558,1,2026-04-04,Bill Payment,Completed,30.0
917,2,5,161,5,2026-06-12,Bill Payment,Completed,60.0
918,4,10,1734,2,2025-11-28,Bill Payment,Completed,40.0
919,10,24,975,3,2025-12-17,New Activation,Refunded,-54.21
920,10,25,1938,1,2025-04-27,Bill Payment,Completed,30.0
921,13,33,1020,,2025-06-12,Accessory Sale,Completed,92.93
922,1,2,339,5,2025-07-15,Bill Payment,Completed,60.0
923,16,45,2376,5,2025-01-10,Bill Payment,Completed,60.0
924,16,43,2564,,2025-11-24,Accessory Sale,Completed,35.98
925,8,17,1546,5,2026-06-19,Bill Payment,Completed,60.0
926,13,34,869,,2026-05-11,Accessory Sale,Refunded,-90.9
927,3,7,1127,1,2025-03-13,Bill Payment,Completed,30.0
928,10,26,994,4,2025-02-17,Bill Payment,Completed,55.0
929,3,6,352,5,2025-06-04,Bill Payment,Completed,60.0
930,10,24,2523,3,2025-04-07,Bill Payment,Completed,45.0
931,3,8,1038,5,2025-12-14,Bill Payment,Completed,60.0
932,14,38,1285,4,2026-02-07,New Activation,Completed,60.02
933,5,11,1234,6,2026-04-15,Bill Payment,Refunded,-65.0
934,2,5,919,4,2026-01-19,Bill Payment,Completed,55.0
935,18,49,2349,2,2025-02-01,Bill Payment,Refunded,-40.0
936,9,22,2130,3,2025-05-13,Bill Payment,Completed,45.0
937,9,23,1897,6,2026-04-03,Bill Payment,Completed,65.0
938,11,30,2578,,2025-01-01,Accessory Sale,Completed,101.22
939,7,16,1087,4,2026-03-06,Bill Payment,Completed,55.0
940,14,38,2330,4,2026-01-14,Bill Payment,Completed,55.0
941,12,31,352,1,2025-05-22,Bill Payment,Completed,30.0
942,12,31,644,5,2025-02-18,Bill Payment,Completed,60.0
943,10,25,513,2,2025-02-24,Bill Payment,Completed,40.0
944,16,44,1129,,2025-02-16,Accessory Sale,Completed,28.58
945,16,43,657,3,2025-10-13,Bill Payment,Completed,45.0
946,5,12,396,6,2025-01-09,Bill Payment,Completed,65.0
947,16,44,729,5,2025-09-09,Plan Change,Completed,0.39
948,2,4,1934,3,2026-02-16,Bill Payment,Completed,45.0
949,18,49,2037,5,2025-08-11,Bill Payment,Refunded,-60.0
950,12,32,387,2,2025-02-01,Plan Change,Completed,6.57
951,14,38,1426,3,2026-01-25,New Activation,Voided,0.0
952,14,37,1966,3,2025-03-11,Bill Payment,Completed,45.0
953,11,30,381,1,2025-09-15,Bill Payment,Completed,30.0
954,8,18,1499,5,2025-04-16,Bill Payment,Completed,60.0
955,1,2,692,1,2025-12-18,New Activation,Completed,40.33
956,10,26,2379,3,2025-10-20,Bill Payment,Completed,45.0
957,6,14,2147,1,2026-02-10,Bill Payment,Completed,30.0
958,7,,1278,1,2026-06-04,Bill Payment,Completed,30.0
959,7,15,1648,6,2025-07-11,Bill Payment,Completed,65.0
960,11,28,887,4,2025-06-24,Bill Payment,Completed,55.0
961,5,11,2519,4,2025-03-10,Bill Payment,Completed,55.0
962,16,45,1247,4,2026-05-31,Bill Payment,Completed,55.0
963,9,,1415,2,2026-02-03,Bill Payment,Completed,40.0
964,5,11,2578,5,2025-11-27,Bill Payment,Completed,60.0
965,6,13,874,5,2026-04-30,Bill Payment,Completed,60.0
966,5,11,939,1,2025-12-30,Upgrade,Completed,99.66
967,16,43,2422,4,2025-02-02,New Activation,Refunded,-69.92
968,3,6,2528,1,2026-03-19,Plan Change,Completed,8.01
969,15,42,194,,2026-03-22,Accessory Sale,Completed,61.41
970,12,32,2363,4,2025-01-29,Bill Payment,Completed,55.0
971,8,18,2247,,2025-03-30,Accessory Sale,Completed,22.8
972,4,9,684,3,2025-10-14,New Activation,Completed,52.63
973,9,21,865,5,2025-11-20,Bill Payment,Voided,0.0
974,9,22,867,3,2025-02-06,Bill Payment,Completed,45.0
975,5,12,116,5,2025-07-06,Upgrade,Completed,127.0
976,1,2,1400,2,2025-12-07,Upgrade,Completed,79.39
977,18,49,1193,3,2025-03-02,Bill Payment,Completed,45.0
978,3,7,1163,1,2025-07-01,Plan Change,Completed,7.12
979,9,22,2407,6,2026-05-30,Bill Payment,Completed,65.0
980,8,17,1323,6,2026-04-09,Bill Payment,Completed,65.0
981,16,46,1546,4,2025-01-19,Bill Payment,Completed,55.0
982,18,50,1702,1,2026-05-16,Bill Payment,Completed,30.0
983,18,49,743,2,2025-03-12,Bill Payment,Completed,40.0
984,16,46,1720,4,2026-03-20,Bill Payment,Completed,55.0
985,6,14,1825,4,2025-05-28,Bill Payment,Refunded,-55.0
986,12,32,588,4,2025-01-30,Bill Payment,Completed,55.0
987,9,21,2095,4,2026-02-04,Bill Payment,Completed,55.0
988,15,41,1237,3,2025-04-29,Bill Payment,Completed,45.0
989,10,,1526,2,2025-07-13,Bill Payment,Completed,40.0
990,13,34,1739,3,2025-08-18,New Activation,Completed,58.79
991,2,3,2026,4,2026-01-07,Bill Payment,Voided,0.0
992,13,33,992,1,2025-05-12,Bill Payment,Completed,30.0
993,14,36,1288,3,2025-04-15,Upgrade,Voided,0.0
994,18,50,2328,3,2026-05-19,Bill Payment,Completed,45.0
995,12,32,619,5,2026-04-14,Bill Payment,Completed,60.0
996,7,16,255,3,2025-04-30,Bill Payment,Completed,45.0
997,6,14,2242,,2026-01-18,Accessory Sale,Refunded,-112.04
998,11,27,1608,4,2026-01-28,Bill Payment,Completed,55.0
999,7,16,1246,6,2026-01-16,Bill Payment,Completed,65.0
1000,1,1,1324,5,2026-02-17,Bill Payment,Completed,60.0
1001,1,,213,,2026-02-02,Accessory Sale,Completed,65.4
1002,14,37,288,1,2026-04-22,Upgrade,Voided,0.0
1003,13,33,1295,6,2025-03-23,New Activation,Completed,76.79
1004,2,3,1243,2,2026-04-11,Bill Payment,Completed,40.0
1005,12,32,1877,2,2025-08-02,Plan Change,Completed,3.1
1006,2,4,1084,6,2025-07-27,Plan Change,Completed,2.77
1007,13,34,2014,2,2026-02-04,Bill Payment,Completed,40.0
1008,5,12,1068,4,2025-05-29,New Activation,Completed,61.44
1009,6,14,1036,6,2025-09-02,Bill Payment,Completed,65.0
1010,5,12,2528,1,2025-09-24,Upgrade,Completed,61.09
1011,17,48,2085,6,2025-01-18,New Activation,Completed,74.09
1012,6,13,2011,4,2025-04-21,Bill Payment,Completed,55.0
1013,6,14,73,,2026-05-07,Accessory Sale,Completed,133.79
1014,10,26,804,3,2025-02-12,Bill Payment,Completed,45.0
1015,3,8,829,2,2025-09-19,Upgrade,Completed,60.2
1016,18,50,987,3,2025-01-17,New Activation,Completed,57.81
1017,6,14,1035,1,2026-03-23,New Activation,Completed,44.97
1018,16,46,52,1,2026-04-25,Plan Change,Completed,4.91
1019,14,38,850,6,2026-03-25,Bill Payment,Refunded,-65.0
1020,4,10,1890,2,2025-06-21,Plan Change,Completed,1.7
1021,7,15,1338,3,2025-04-11,Bill Payment,Completed,45.0
1022,8,17,1148,6,2025-10-25,Bill Payment,Voided,0.0
1023,17,48,1740,4,2025-11-22,Bill Payment,Completed,55.0
1024,10,24,77,,2026-03-20,Accessory Sale,Refunded,-130.15
1025,17,47,84,5,2025-11-02,New Activation,Completed,68.42
1026,18,49,189,2,2026-04-12,Upgrade,Completed,112.17
1027,15,40,971,3,2026-01-03,Bill Payment,Completed,45.0
1028,8,17,404,3,2025-10-09,Bill Payment,Completed,45.0
1029,5,11,1738,2,2026-01-22,Bill Payment,Completed,40.0
1030,6,13,2001,6,2025-09-17,Plan Change,Voided,0.0
1031,4,9,1664,,2025-08-09,Accessory Sale,Completed,78.72
1032,5,11,648,,2026-05-24,Accessory Sale,Completed,43.35
1033,5,11,2275,6,2026-01-23,New Activation,Completed,74.95
1034,2,4,1127,5,2025-09-27,Bill Payment,Completed,60.0
1035,11,30,519,6,2025-01-18,Upgrade,Voided,0.0
1036,13,34,715,6,2025-11-10,Bill Payment,Completed,65.0
1037,6,13,1390,4,2025-05-30,New Activation,Completed,69.49
1038,8,17,2142,4,2026-01-04,Bill Payment,Completed,55.0
1039,11,30,2376,6,2026-03-03,Plan Change,Completed,0.35
1040,15,42,2485,1,2025-10-27,Bill Payment,Voided,0.0
1041,14,37,2006,1,2025-12-04,Bill Payment,Completed,30.0
1042,6,13,1426,2,2025-05-21,Bill Payment,Completed,40.0
1043,8,,843,1,2025-01-03,New Activation,Completed,39.81
1044,11,27,1565,1,2026-04-04,Plan Change,Completed,4.72
1045,12,31,386,2,2026-06-14,Upgrade,Completed,99.18
1046,8,19,19,4,2025-06-02,Bill Payment,Refunded,-55.0
1047,2,5,961,3,2025-02-11,Bill Payment,Completed,45.0
1048,1,2,1884,5,2025-04-08,New Activation,Refunded,-73.28
1049,11,28,2498,1,2025-10-29,Upgrade,Completed,79.7
1050,3,8,335,4,2026-03-26,New Activation,Completed,69.15
1051,14,38,1458,,2026-04-07,Accessory Sale,Completed,10.63
1052,18,49,2010,2,2025-08-08,Bill Payment,Completed,40.0
1053,16,44,818,6,2026-05-01,Bill Payment,Completed,65.0
1054,8,19,1879,2,2026-05-01,Bill Payment,Completed,40.0
1055,7,15,2195,3,2026-06-19,Upgrade,Completed,110.14
1056,13,34,2541,1,2025-01-08,Upgrade,Completed,86.86
1057,13,33,1813,2,2025-02-19,New Activation,Completed,49.86
1058,18,49,639,6,2025-04-06,Bill Payment,Voided,0.0
1059,2,3,1497,6,2025-05-12,Bill Payment,Completed,65.0
1060,2,4,1255,5,2026-04-30,Plan Change,Completed,2.25
1061,15,,430,3,2026-02-27,Bill Payment,Completed,45.0
1062,13,33,1311,5,2025-01-06,Bill Payment,Voided,0.0
1063,15,41,2095,2,2025-03-05,Bill Payment,Voided,0.0
1064,4,10,2298,5,2025-05-16,Bill Payment,Voided,0.0
1065,10,25,292,,2025-05-02,Accessory Sale,Completed,132.24
1066,9,22,4,6,2026-01-20,Bill Payment,Completed,65.0
1067,8,18,1479,4,2025-01-24,Bill Payment,Voided,0.0
1068,2,4,1625,,2025-10-03,Accessory Sale,Completed,54.77
1069,12,31,700,3,2026-03-10,Upgrade,Completed,108.1
1070,9,20,2410,2,2026-02-05,Bill Payment,Completed,40.0
1071,12,31,863,2,2025-09-21,Upgrade,Completed,100.63
1072,13,34,1665,3,2025-05-28,Upgrade,Completed,123.18
1073,11,30,2419,,2025-01-14,Accessory Sale,Completed,62.86
1074,15,,1315,5,2026-02-04,Bill Payment,Completed,60.0
1075,18,50,1988,3,2026-02-06,Upgrade,Completed,74.23
1076,14,37,1675,4,2026-01-27,Bill Payment,Voided,0.0
1077,2,5,2389,2,2025-07-12,Bill Payment,Completed,40.0
1078,6,13,300,3,2025-09-09,Plan Change,Completed,5.99
1079,8,19,375,2,2025-01-18,Bill Payment,Completed,40.0
1080,18,49,1736,,2025-07-13,Accessory Sale,Refunded,-11.82
1081,8,19,165,5,2025-07-18,Upgrade,Refunded,-106.37
1082,18,50,294,4,2025-05-05,Plan Change,Completed,6.61
1083,3,6,304,,2025-02-08,Accessory Sale,Completed,29.38
1084,5,12,1752,2,2026-03-14,Plan Change,Completed,8.64
1085,5,11,1758,4,2026-05-05,Upgrade,Completed,81.25
1086,16,45,1562,,2025-07-09,Accessory Sale,Completed,125.93
1087,12,32,1362,4,2026-01-28,Bill Payment,Completed,55.0
1088,5,11,40,2,2025-07-11,Upgrade,Voided,0.0
1089,1,1,720,6,2025-04-30,Bill Payment,Completed,65.0
1090,14,35,2429,4,2026-06-04,Bill Payment,Refunded,-55.0
1091,17,47,2329,,2026-02-28,Accessory Sale,Refunded,-119.09
1092,14,38,2183,5,2026-01-24,Bill Payment,Completed,60.0
1093,14,36,1684,4,2026-01-21,Bill Payment,Completed,55.0
1094,9,23,1259,2,2026-06-23,New Activation,Completed,48.5
1095,3,8,1570,,2026-02-26,Accessory Sale,Completed,22.97
1096,2,3,194,,2025-12-11,Accessory Sale,Completed,46.16
1097,14,36,1346,5,2026-02-27,Bill Payment,Completed,60.0
1098,8,19,1758,5,2025-11-25,New Activation,Completed,74.44
1099,7,15,85,2,2026-05-11,Bill Payment,Completed,40.0
1100,8,19,494,2,2026-05-24,Bill Payment,Completed,40.0
1101,18,49,449,2,2025-05-22,Bill Payment,Completed,40.0
1102,15,40,1409,3,2026-01-25,New Activation,Completed,54.96
1103,4,9,1895,3,2026-03-01,Bill Payment,Voided,0.0
1104,11,28,1155,2,2025-03-11,New Activation,Completed,52.2
1105,3,8,1482,,2026-04-16,Accessory Sale,Voided,0.0
1106,1,1,2028,6,2025-09-10,Bill Payment,Completed,65.0
1107,8,17,2320,3,2026-02-27,Bill Payment,Voided,0.0
1108,17,48,1987,6,2025-08-24,Upgrade,Refunded,-86.71
1109,2,4,740,4,2025-04-12,Bill Payment,Completed,55.0
1110,16,46,483,1,2025-10-25,Upgrade,Voided,0.0
1111,9,23,1547,4,2025-08-03,Bill Payment,Completed,55.0
1112,15,42,1506,,2025-11-23,Accessory Sale,Completed,107.34
1113,18,50,1403,3,2025-06-12,Bill Payment,Completed,45.0
1114,8,18,1405,1,2025-12-29,Upgrade,Completed,56.73
1115,13,33,258,6,2025-04-19,Upgrade,Completed,85.43
1116,15,41,2258,6,2026-02-19,Bill Payment,Completed,65.0
1117,14,38,1814,2,2026-01-10,Bill Payment,Completed,40.0
1118,14,35,2577,1,2025-07-16,Bill Payment,Completed,30.0
1119,1,1,35,1,2025-09-15,Bill Payment,Completed,30.0
1120,11,28,2474,6,2025-05-01,Bill Payment,Completed,65.0
1121,13,34,1421,4,2025-03-05,Bill Payment,Completed,55.0
1122,12,32,2486,2,2026-05-19,Plan Change,Completed,4.89
1123,16,46,1291,1,2025-04-14,Bill Payment,Voided,0.0
1124,12,32,358,3,2026-01-10,New Activation,Completed,57.28
1125,6,13,1952,3,2025-02-08,Upgrade,Completed,118.18
1126,7,16,1190,2,2025-01-01,Bill Payment,Voided,0.0
1127,7,15,909,2,2025-07-25,Bill Payment,Voided,0.0
1128,2,4,1539,5,2025-04-18,Upgrade,Completed,124.89
1129,8,18,469,3,2025-06-23,Bill Payment,Completed,45.0
1130,5,11,905,5,2026-02-24,New Activation,Voided,0.0
1131,5,12,725,1,2025-09-15,Bill Payment,Completed,30.0
1132,17,47,1386,1,2026-02-24,Bill Payment,Voided,0.0
1133,12,32,1500,,2025-03-07,Accessory Sale,Completed,22.03
1134,8,17,717,3,2025-11-02,Bill Payment,Completed,45.0
1135,6,13,1117,2,2025-11-20,Bill Payment,Completed,40.0
1136,8,19,2270,6,2025-01-11,Bill Payment,Completed,65.0
1137,15,42,531,3,2025-10-29,Upgrade,Completed,109.35
1138,6,14,2441,4,2025-06-21,Bill Payment,Completed,55.0
1139,5,12,992,4,2026-04-26,New Activation,Completed,64.95
1140,8,18,2498,,2026-06-30,Accessory Sale,Voided,0.0
1141,17,47,2456,5,2026-04-24,Bill Payment,Completed,60.0
1142,2,5,2341,6,2025-07-24,Bill Payment,Completed,65.0
1143,16,43,1091,4,2026-02-28,Upgrade,Completed,124.73
1144,8,,100,4,2025-03-17,Bill Payment,Completed,55.0
1145,8,18,761,4,2026-05-11,Bill Payment,Completed,55.0
1146,9,22,2115,,2025-02-12,Accessory Sale,Completed,51.96
1147,14,35,2136,,2025-11-19,Accessory Sale,Refunded,-102.55
1148,12,31,2067,5,2026-02-03,Bill Payment,Completed,60.0
1149,9,23,657,6,2025-01-01,Bill Payment,Completed,65.0
1150,6,14,2275,1,2026-01-20,Upgrade,Completed,53.94
1151,9,20,2397,6,2025-06-10,Bill Payment,Completed,65.0
1152,11,28,1632,2,2026-05-21,Bill Payment,Completed,40.0
1153,14,,1571,3,2025-05-05,Bill Payment,Completed,45.0
1154,17,48,2289,,2025-07-14,Accessory Sale,Completed,107.93
1155,16,44,837,,2025-04-07,Accessory Sale,Completed,89.16
1156,18,50,2245,2,2025-07-09,Plan Change,Completed,9.98
1157,8,17,777,3,2026-05-01,Bill Payment,Completed,45.0
1158,6,13,791,1,2025-08-27,Bill Payment,Completed,30.0
1159,6,14,986,,2025-06-23,Accessory Sale,Completed,136.87
1160,1,1,26,,2025-03-03,Accessory Sale,Completed,99.19
1161,13,34,246,5,2025-09-07,Bill Payment,Completed,60.0
1162,17,48,273,3,2026-05-09,Bill Payment,Completed,45.0
1163,8,19,2363,6,2025-05-06,Bill Payment,Completed,65.0
1164,1,2,1542,4,2026-05-26,Plan Change,Completed,0.83
1165,10,25,2036,1,2026-02-21,Bill Payment,Completed,30.0
1166,12,31,1771,1,2025-11-18,Upgrade,Completed,70.03
1167,5,11,5,1,2026-01-02,Bill Payment,Refunded,-30.0
1168,11,27,2570,6,2025-07-20,Bill Payment,Completed,65.0
1169,17,48,1483,,2026-02-05,Accessory Sale,Completed,103.38
1170,18,50,1254,3,2025-03-10,Bill Payment,Completed,45.0
1171,8,18,1860,,2026-01-19,Accessory Sale,Completed,15.14
1172,13,34,1986,1,2025-01-16,Bill Payment,Completed,30.0
1173,1,2,1041,1,2025-05-22,New Activation,Refunded,-41.32
1174,11,30,1762,2,2025-03-10,Bill Payment,Completed,40.0
1175,8,19,918,3,2025-02-10,Bill Payment,Completed,45.0
1176,7,16,661,5,2025-10-21,Bill Payment,Completed,60.0
1177,16,44,60,2,2025-05-05,New Activation,Completed,53.37
1178,14,35,148,,2025-03-23,Accessory Sale,Completed,130.35
1179,5,12,1154,2,2025-06-23,Bill Payment,Voided,0.0
1180,7,15,1104,3,2025-05-06,Bill Payment,Voided,0.0
1181,2,3,2232,3,2025-07-22,Upgrade,Refunded,-80.06
1182,8,18,1836,5,2025-09-28,Bill Payment,Completed,60.0
1183,4,10,95,4,2025-09-23,Upgrade,Completed,98.78
1184,5,12,2260,1,2026-05-13,Bill Payment,Voided,0.0
1185,7,16,2007,5,2025-10-11,New Activation,Completed,67.56
1186,4,9,350,2,2025-05-17,Bill Payment,Completed,40.0
1187,3,8,2475,,2025-02-21,Accessory Sale,Completed,116.88
1188,8,17,845,2,2026-06-05,Plan Change,Completed,9.34
1189,1,1,874,4,2025-09-29,Bill Payment,Completed,55.0
1190,17,47,1314,,2025-04-24,Accessory Sale,Completed,120.11
1191,13,34,2274,5,2025-06-20,Bill Payment,Completed,60.0
1192,18,49,1589,4,2026-06-06,Bill Payment,Completed,55.0
1193,15,41,1636,6,2026-01-31,Bill Payment,Completed,65.0
1194,3,6,1107,1,2026-01-05,New Activation,Completed,35.85
1195,4,10,203,2,2026-01-11,Bill Payment,Voided,0.0
1196,8,17,241,4,2025-09-29,Bill Payment,Completed,55.0
1197,3,6,2086,3,2026-03-06,Bill Payment,Completed,45.0
1198,13,33,544,,2025-07-26,Accessory Sale,Completed,77.11
1199,16,44,502,4,2025-02-06,Bill Payment,Completed,55.0
1200,12,31,828,3,2025-01-08,Bill Payment,Voided,0.0
1201,5,11,2524,4,2026-04-08,Bill Payment,Completed,55.0
1202,6,13,877,3,2025-08-02,Bill Payment,Completed,45.0
1203,18,49,1437,1,2025-08-11,Bill Payment,Completed,30.0
1204,9,22,1707,,2025-06-10,Accessory Sale,Completed,72.1
1205,4,10,1128,1,2025-09-08,New Activation,Completed,40.01
1206,10,26,366,1,2025-02-24,Plan Change,Completed,4.06
1207,13,34,557,6,2025-12-13,Bill Payment,Completed,65.0
1208,14,38,2420,,2025-09-08,Accessory Sale,Refunded,-111.17
1209,7,15,435,3,2025-01-27,Bill Payment,Completed,45.0
1210,2,,826,6,2025-11-02,Bill Payment,Completed,65.0
1211,6,13,1639,1,2025-06-06,Plan Change,Completed,9.82
1212,3,7,876,1,2025-08-08,Plan Change,Completed,7.53
1213,15,40,1526,5,2025-03-27,Bill Payment,Completed,60.0
1214,17,48,407,6,2025-05-13,Bill Payment,Completed,65.0
1215,8,17,2504,6,2025-03-29,New Activation,Completed,70.75
1216,17,48,2309,2,2025-01-14,Bill Payment,Completed,40.0
1217,2,3,281,4,2025-03-24,Upgrade,Completed,87.13
1218,9,20,2210,4,2026-03-05,Bill Payment,Completed,55.0
1219,8,19,267,6,2026-02-16,Bill Payment,Completed,65.0
1220,12,32,1717,4,2025-04-23,Bill Payment,Completed,55.0
1221,14,38,1932,6,2025-08-14,Bill Payment,Completed,65.0
1222,14,35,2115,4,2025-09-11,Bill Payment,Completed,55.0
1223,9,23,1211,3,2025-12-24,Bill Payment,Completed,45.0
1224,16,45,1921,4,2025-07-07,Bill Payment,Completed,55.0
1225,14,,2174,2,2026-04-04,Bill Payment,Completed,40.0
1226,6,14,51,5,2025-04-14,Upgrade,Completed,103.04
1227,6,14,897,6,2025-05-29,Bill Payment,Completed,65.0
1228,1,2,1807,1,2025-08-13,Bill Payment,Completed,30.0
1229,8,18,2007,1,2026-01-23,Upgrade,Completed,96.25
1230,14,37,2094,6,2025-04-26,Bill Payment,Completed,65.0
1231,16,44,2482,,2025-04-18,Accessory Sale,Voided,0.0
1232,2,4,2118,1,2026-05-31,Bill Payment,Voided,0.0
1233,14,37,627,1,2025-08-19,New Activation,Refunded,-37.21
1234,8,19,1638,1,2025-04-25,Bill Payment,Completed,30.0
1235,2,4,2003,6,2026-04-16,Bill Payment,Completed,65.0
1236,12,32,1331,4,2025-11-21,Upgrade,Completed,81.49
1237,3,6,1278,1,2025-04-04,Bill Payment,Completed,30.0
1238,7,16,2543,3,2025-03-13,Bill Payment,Completed,45.0
1239,14,38,132,6,2025-09-27,Bill Payment,Completed,65.0
1240,8,19,1148,3,2025-09-19,Bill Payment,Completed,45.0
1241,3,7,802,2,2025-12-19,New Activation,Completed,52.47
1242,5,12,1908,3,2025-05-26,Bill Payment,Completed,45.0
1243,6,,2502,6,2025-05-26,Bill Payment,Completed,65.0
1244,18,50,807,6,2025-11-23,Bill Payment,Completed,65.0
1245,14,,1113,4,2026-01-29,Plan Change,Completed,7.9
1246,15,41,359,3,2025-12-09,Bill Payment,Voided,0.0
1247,5,12,429,1,2025-12-12,Bill Payment,Refunded,-30.0
1248,7,16,700,3,2025-06-07,Bill Payment,Refunded,-45.0
1249,10,24,2169,5,2026-06-28,Bill Payment,Completed,60.0
1250,2,4,1419,2,2025-12-27,Upgrade,Voided,0.0
1251,11,27,2135,1,2025-08-26,Bill Payment,Completed,30.0
1252,4,9,1647,1,2026-01-18,Bill Payment,Completed,30.0
1253,2,5,2155,1,2026-03-05,Bill Payment,Completed,30.0
1254,2,4,584,1,2026-06-05,Bill Payment,Completed,30.0
1255,13,33,1770,1,2025-11-10,Bill Payment,Completed,30.0
1256,10,26,965,,2025-07-01,Accessory Sale,Completed,129.53
1257,2,4,620,3,2025-11-24,Plan Change,Completed,7.56
1258,7,15,2357,2,2026-02-09,Bill Payment,Completed,40.0
1259,11,30,631,2,2026-06-24,Plan Change,Completed,8.55
1260,5,11,2512,,2025-12-04,Accessory Sale,Completed,120.12
1261,5,11,701,6,2026-06-23,Plan Change,Completed,0.05
1262,1,1,2427,4,2025-01-30,Bill Payment,Completed,55.0
1263,14,37,699,4,2026-05-06,Bill Payment,Completed,55.0
1264,12,31,2511,4,2026-06-04,New Activation,Completed,60.48
1265,17,47,473,2,2025-05-26,Bill Payment,Refunded,-40.0
1266,12,32,20,1,2026-01-20,Upgrade,Refunded,-71.94
1267,14,36,873,2,2025-03-22,New Activation,Completed,53.9
1268,4,10,890,4,2025-10-20,Upgrade,Completed,114.05
1269,7,15,1742,3,2025-02-10,Upgrade,Completed,97.09
1270,8,19,106,1,2025-03-04,Bill Payment,Completed,30.0
1271,11,30,1305,,2025-04-09,Accessory Sale,Completed,103.49
1272,15,40,1831,3,2025-08-28,Bill Payment,Voided,0.0
1273,8,17,281,3,2025-02-03,Bill Payment,Completed,45.0
1274,11,30,1331,3,2026-01-06,Bill Payment,Completed,45.0
1275,4,9,2309,,2025-08-30,Accessory Sale,Completed,67.47
1276,11,30,1089,6,2025-04-28,New Activation,Completed,70.87
1277,15,42,1360,2,2025-05-30,Bill Payment,Completed,40.0
1278,12,32,852,6,2026-03-07,Bill Payment,Completed,65.0
1279,17,48,768,5,2025-04-16,Bill Payment,Completed,60.0
1280,1,1,1650,4,2025-08-21,Plan Change,Refunded,-7.11
1281,2,5,105,6,2026-06-20,Bill Payment,Completed,65.0
1282,2,3,1569,,2026-02-23,Accessory Sale,Completed,71.41
1283,6,14,1108,6,2026-05-10,Upgrade,Completed,91.55
1284,18,49,1915,1,2025-07-09,Plan Change,Completed,9.28
1285,8,19,854,6,2025-11-22,Bill Payment,Completed,65.0
1286,1,1,340,4,2025-06-10,Bill Payment,Completed,55.0
1287,12,32,455,1,2025-11-25,Bill Payment,Completed,30.0
1288,12,31,90,,2025-09-07,Accessory Sale,Completed,63.33
1289,12,31,1893,5,2026-04-11,Bill Payment,Completed,60.0
1290,16,45,1227,4,2025-07-22,Bill Payment,Completed,55.0
1291,1,2,2407,5,2025-08-14,Bill Payment,Completed,60.0
1292,2,4,959,3,2025-05-19,Bill Payment,Refunded,-45.0
1293,16,43,1399,6,2025-10-03,New Activation,Refunded,-77.14
1294,18,49,1517,3,2026-03-29,New Activation,Completed,50.99
1295,11,28,89,2,2025-07-27,Bill Payment,Completed,40.0
1296,6,14,1940,4,2025-05-12,New Activation,Completed,62.46
1297,2,4,1491,3,2025-07-12,Bill Payment,Completed,45.0
1298,17,,1240,2,2025-03-13,Upgrade,Completed,72.89
1299,5,12,2268,3,2025-08-01,Bill Payment,Completed,45.0
1300,6,13,240,5,2025-03-05,New Activation,Completed,66.73
1301,7,15,1824,1,2026-02-27,Bill Payment,Completed,30.0
1302,3,6,33,5,2025-05-01,Bill Payment,Refunded,-60.0
1303,18,49,668,2,2025-01-17,Bill Payment,Completed,40.0
1304,12,32,855,5,2026-01-25,Bill Payment,Completed,60.0
1305,4,9,1330,5,2026-03-23,Bill Payment,Completed,60.0
1306,6,13,632,2,2025-01-02,Bill Payment,Completed,40.0
1307,15,42,892,6,2026-04-25,New Activation,Completed,74.61
1308,2,4,1311,5,2026-03-11,Bill Payment,Refunded,-60.0
1309,16,45,1229,5,2026-04-25,New Activation,Completed,71.68
1310,14,35,10,1,2025-02-10,New Activation,Completed,36.68
1311,12,31,1342,3,2026-01-03,Bill Payment,Completed,45.0
1312,11,27,1295,4,2026-04-13,Bill Payment,Completed,55.0
1313,10,24,1808,5,2025-08-14,Bill Payment,Completed,60.0
1314,1,2,1737,3,2025-06-25,Bill Payment,Completed,45.0
1315,16,43,330,6,2025-06-04,Bill Payment,Refunded,-65.0
1316,11,28,405,4,2026-03-05,Bill Payment,Completed,55.0
1317,8,19,1900,1,2025-09-10,Bill Payment,Completed,30.0
1318,2,3,2523,3,2025-01-15,Bill Payment,Completed,45.0
1319,13,34,1490,2,2026-04-28,Plan Change,Refunded,-1.89
1320,10,24,1839,5,2025-01-19,Bill Payment,Completed,60.0
1321,2,5,2090,3,2026-06-10,Bill Payment,Completed,45.0
1322,18,49,8,5,2025-07-12,Bill Payment,Completed,60.0
1323,11,29,253,3,2026-04-09,Bill Payment,Completed,45.0
1324,4,9,2348,,2026-02-19,Accessory Sale,Refunded,-138.3
1325,10,24,1087,6,2025-06-27,Bill Payment,Completed,65.0
1326,7,15,218,5,2025-10-22,New Activation,Completed,65.16
1327,15,42,1655,1,2026-05-29,New Activation,Completed,40.66
1328,6,13,870,,2025-11-21,Accessory Sale,Completed,120.08
1329,11,28,2501,,2026-02-18,Accessory Sale,Voided,0.0
1330,1,2,60,2,2025-05-28,New Activation,Refunded,-54.87
1331,8,17,2270,1,2025-04-01,Bill Payment,Completed,30.0
1332,16,45,1617,4,2025-08-15,Bill Payment,Refunded,-55.0
1333,5,12,654,3,2026-03-01,Bill Payment,Completed,45.0
1334,7,16,2562,1,2025-07-05,New Activation,Completed,42.31
1335,17,47,513,5,2026-03-14,New Activation,Voided,0.0
1336,17,48,572,6,2025-03-06,Bill Payment,Completed,65.0
1337,18,50,1972,1,2025-11-27,Bill Payment,Completed,30.0
1338,17,47,2353,5,2025-11-10,Bill Payment,Completed,60.0
1339,17,47,2524,5,2026-02-21,Upgrade,Completed,119.98
1340,11,27,943,2,2025-08-02,Bill Payment,Completed,40.0
1341,2,5,1099,6,2026-04-24,Bill Payment,Completed,65.0
1342,17,48,2023,,2025-03-03,Accessory Sale,Completed,114.88
1343,4,10,1608,1,2025-04-29,Bill Payment,Completed,30.0
1344,8,,2423,1,2025-03-16,Bill Payment,Completed,30.0
1345,8,19,2525,,2025-07-29,Accessory Sale,Completed,53.7
1346,1,2,1726,1,2026-04-06,Bill Payment,Completed,30.0
1347,11,27,194,5,2025-07-31,Plan Change,Voided,0.0
1348,12,31,1029,2,2025-08-14,Bill Payment,Completed,40.0
1349,7,16,2027,6,2025-02-26,Bill Payment,Completed,65.0
1350,5,12,1019,5,2025-02-23,Upgrade,Completed,88.62
1351,15,42,2584,,2026-03-20,Accessory Sale,Completed,52.6
1352,6,14,1736,2,2025-02-05,Bill Payment,Voided,0.0
1353,6,14,1176,3,2025-05-20,Bill Payment,Completed,45.0
1354,14,,475,,2025-01-19,Accessory Sale,Completed,18.48
1355,14,37,1737,5,2025-08-26,New Activation,Completed,73.38
1356,12,31,151,6,2026-03-01,Bill Payment,Completed,65.0
1357,17,47,67,5,2025-08-19,Bill Payment,Completed,60.0
1358,13,33,2200,2,2025-01-19,Bill Payment,Completed,40.0
1359,8,17,164,2,2025-09-01,Upgrade,Completed,109.13
1360,11,30,1515,3,2025-11-17,Bill Payment,Completed,45.0
1361,18,49,2223,3,2025-09-11,Plan Change,Completed,3.41
1362,6,13,1351,2,2026-05-01,Bill Payment,Completed,40.0
1363,14,36,1801,4,2026-02-17,Bill Payment,Refunded,-55.0
1364,11,28,1935,5,2025-04-27,New Activation,Completed,65.59
1365,14,36,561,2,2025-11-16,Bill Payment,Refunded,-40.0
1366,16,45,738,3,2025-08-02,Bill Payment,Completed,45.0
1367,12,31,342,3,2025-03-15,Bill Payment,Voided,0.0
1368,11,30,422,1,2025-09-27,Upgrade,Completed,98.92
1369,16,43,1307,2,2026-02-11,Bill Payment,Completed,40.0
1370,12,32,268,6,2025-06-06,Plan Change,Completed,2.8
1371,4,10,1552,6,2025-11-17,Bill Payment,Completed,65.0
1372,8,17,927,1,2026-06-03,Bill Payment,Completed,30.0
1373,6,14,2488,1,2026-03-22,New Activation,Voided,0.0
1374,18,50,812,4,2026-03-18,New Activation,Voided,0.0
1375,3,7,1391,2,2026-02-03,Bill Payment,Completed,40.0
1376,14,36,373,3,2026-04-30,Bill Payment,Completed,45.0
1377,15,42,365,5,2026-03-04,New Activation,Completed,68.58
1378,13,34,2049,1,2025-06-29,Bill Payment,Completed,30.0
1379,5,11,1652,5,2026-06-01,New Activation,Completed,73.91
1380,9,22,1335,4,2025-11-25,Bill Payment,Refunded,-55.0
1381,4,10,396,5,2025-02-06,Upgrade,Completed,136.85
1382,2,3,572,5,2025-09-28,New Activation,Completed,69.61
1383,14,38,274,,2025-05-29,Accessory Sale,Completed,13.41
1384,7,15,1949,,2025-05-24,Accessory Sale,Completed,111.06
1385,12,31,1512,3,2026-04-14,Bill Payment,Refunded,-45.0
1386,2,,1939,1,2025-04-21,Bill Payment,Completed,30.0
1387,3,8,2172,4,2026-01-21,Bill Payment,Completed,55.0
1388,2,4,179,4,2025-07-10,Bill Payment,Completed,55.0
1389,8,17,957,6,2025-09-18,Bill Payment,Completed,65.0
1390,7,16,127,5,2026-06-18,New Activation,Completed,66.85
1391,3,7,1071,2,2025-09-25,Bill Payment,Completed,40.0
1392,5,12,1776,4,2025-06-27,Bill Payment,Refunded,-55.0
1393,2,4,1559,2,2026-03-26,Bill Payment,Completed,40.0
1394,7,16,1803,5,2026-06-30,Bill Payment,Refunded,-60.0
1395,5,12,2546,1,2025-07-05,Bill Payment,Refunded,-30.0
1396,3,6,1040,3,2026-01-20,Bill Payment,Completed,45.0
1397,3,8,1703,3,2025-07-10,Bill Payment,Completed,45.0
1398,4,9,800,3,2025-08-27,Bill Payment,Completed,45.0
1399,15,41,487,3,2025-08-26,Bill Payment,Completed,45.0
1400,5,12,540,4,2025-08-10,New Activation,Completed,60.68
1401,1,1,889,2,2025-11-26,Upgrade,Completed,76.09
1402,3,6,2092,4,2025-08-19,Plan Change,Completed,7.4
1403,7,16,1235,2,2025-06-14,Bill Payment,Refunded,-40.0
1404,6,13,1978,3,2025-01-17,Bill Payment,Completed,45.0
1405,5,11,1183,3,2025-11-01,Upgrade,Completed,87.51
1406,3,7,1337,5,2025-10-19,Bill Payment,Completed,60.0
1407,15,39,1006,,2026-02-01,Accessory Sale,Completed,88.89
1408,14,36,822,3,2026-06-08,Bill Payment,Completed,45.0
1409,3,8,74,6,2025-09-26,Bill Payment,Completed,65.0
1410,3,8,1350,,2025-03-29,Accessory Sale,Completed,118.35
1411,11,29,1647,5,2026-05-24,Bill Payment,Completed,60.0
1412,12,31,2548,,2025-01-09,Accessory Sale,Completed,50.3
1413,8,19,1961,3,2025-03-04,Bill Payment,Completed,45.0
1414,14,36,1745,4,2026-03-13,Bill Payment,Completed,55.0
1415,7,16,199,3,2025-04-21,Bill Payment,Completed,45.0
1416,5,,2374,6,2026-02-13,New Activation,Refunded,-75.03
1417,2,4,1593,6,2025-10-31,New Activation,Completed,79.86
1418,6,13,940,3,2026-03-30,Bill Payment,Completed,45.0
1419,1,1,817,4,2025-12-03,Bill Payment,Completed,55.0
1420,8,,264,5,2025-09-26,Plan Change,Completed,2.87
1421,18,50,1016,2,2025-02-27,Plan Change,Completed,6.9
1422,14,36,2335,,2026-06-15,Accessory Sale,Completed,55.41
1423,7,15,2459,4,2026-05-26,Bill Payment,Completed,55.0
1424,5,12,1114,3,2026-01-15,Bill Payment,Completed,45.0
1425,7,15,343,6,2026-05-31,Bill Payment,Completed,65.0
1426,11,,2513,3,2025-03-22,Bill Payment,Completed,45.0
1427,10,25,798,5,2025-01-16,Bill Payment,Completed,60.0
1428,5,12,1025,6,2025-03-25,Bill Payment,Completed,65.0
1429,17,48,1317,6,2025-07-19,Bill Payment,Completed,65.0
1430,6,14,39,4,2025-07-04,Bill Payment,Completed,55.0
1431,11,30,520,5,2026-01-25,Bill Payment,Completed,60.0
1432,14,35,1925,5,2026-05-26,Plan Change,Completed,0.43
1433,11,27,2600,,2026-04-22,Accessory Sale,Completed,50.66
1434,16,44,1746,6,2025-08-19,Bill Payment,Completed,65.0
1435,8,17,118,6,2025-10-31,Upgrade,Refunded,-116.34
1436,5,12,458,6,2026-04-11,Bill Payment,Completed,65.0
1437,12,31,1915,,2025-09-22,Accessory Sale,Completed,109.64
1438,11,28,2121,1,2025-07-16,New Activation,Completed,36.04
1439,6,13,1578,6,2025-10-03,Upgrade,Completed,125.27
1440,9,23,1707,1,2025-01-25,Bill Payment,Voided,0.0
1441,2,3,2377,4,2025-05-16,Bill Payment,Completed,55.0
1442,12,32,1150,3,2026-05-12,Bill Payment,Completed,45.0
1443,5,11,80,,2025-07-07,Accessory Sale,Completed,35.02
1444,9,21,2029,3,2026-05-03,Bill Payment,Completed,45.0
1445,9,23,2096,3,2025-06-10,New Activation,Refunded,-51.52
1446,14,36,109,4,2025-04-11,Bill Payment,Completed,55.0
1447,18,49,1513,6,2025-07-14,New Activation,Completed,76.67
1448,3,6,1978,,2025-06-08,Accessory Sale,Completed,18.78
1449,6,13,2441,4,2025-04-15,New Activation,Completed,61.28
1450,3,6,637,3,2025-08-23,New Activation,Completed,54.87
1451,14,38,2560,4,2025-10-10,Upgrade,Completed,108.99
1452,12,32,2170,1,2025-03-30,Bill Payment,Completed,30.0
1453,8,19,270,1,2026-06-29,Bill Payment,Refunded,-30.0
1454,15,42,1371,3,2025-05-01,Plan Change,Completed,7.87
1455,8,18,1000,4,2025-02-01,Bill Payment,Completed,55.0
1456,2,4,477,,2026-04-21,Accessory Sale,Completed,94.84
1457,11,27,1065,4,2025-05-08,Bill Payment,Refunded,-55.0
1458,13,33,609,5,2025-08-07,Upgrade,Completed,89.47
1459,3,8,866,3,2026-05-31,New Activation,Completed,53.94
1460,18,49,2388,5,2025-11-02,New Activation,Completed,70.37
1461,14,37,682,5,2025-09-06,Bill Payment,Completed,60.0
1462,7,16,89,5,2025-06-03,Bill Payment,Completed,60.0
1463,16,46,154,,2025-03-07,Accessory Sale,Refunded,-18.17
1464,15,40,250,3,2025-07-24,Bill Payment,Completed,45.0
1465,1,2,1140,4,2025-04-20,Bill Payment,Completed,55.0
1466,14,35,2145,,2025-02-04,Accessory Sale,Completed,107.82
1467,13,,1892,,2025-02-25,Accessory Sale,Completed,73.38
1468,17,47,1290,4,2025-08-23,Upgrade,Completed,119.21
1469,8,17,2398,5,2025-02-04,Bill Payment,Completed,60.0
1470,3,6,496,4,2026-01-17,Bill Payment,Completed,55.0
1471,2,5,1904,3,2025-03-20,New Activation,Completed,57.16
1472,6,14,1347,,2025-09-01,Accessory Sale,Completed,133.52
1473,8,19,2215,3,2026-05-15,Bill Payment,Completed,45.0
1474,14,35,1421,4,2025-05-28,Bill Payment,Refunded,-55.0
1475,9,23,1146,6,2025-09-21,Bill Payment,Completed,65.0
1476,6,13,1519,3,2025-12-07,Bill Payment,Completed,45.0
1477,5,,1001,,2025-12-05,Accessory Sale,Completed,75.83
1478,11,27,77,4,2025-08-19,Bill Payment,Refunded,-55.0
1479,4,9,1360,4,2026-06-10,Upgrade,Completed,76.09
1480,17,48,544,6,2025-12-27,Bill Payment,Completed,65.0
1481,8,19,1952,5,2025-02-28,Bill Payment,Completed,60.0
1482,5,11,1867,4,2025-07-26,Plan Change,Completed,8.23
1483,8,18,2144,,2025-05-31,Accessory Sale,Completed,29.57
1484,17,47,252,2,2025-07-23,New Activation,Voided,0.0
1485,7,16,2150,1,2026-06-06,Bill Payment,Completed,30.0
1486,16,44,198,6,2026-04-13,Bill Payment,Completed,65.0
1487,14,38,2568,,2025-06-21,Accessory Sale,Completed,77.74
1488,3,8,316,6,2025-10-03,Bill Payment,Completed,65.0
1489,14,37,2551,2,2026-01-17,Plan Change,Completed,9.21
1490,1,1,1536,3,2026-04-26,New Activation,Completed,55.66
1491,2,4,2417,4,2026-01-26,Bill Payment,Completed,55.0
1492,18,49,1671,,2025-07-01,Accessory Sale,Voided,0.0
1493,1,1,1828,5,2025-03-30,Bill Payment,Completed,60.0
1494,16,45,146,1,2025-05-15,Bill Payment,Completed,30.0
1495,12,32,97,3,2026-03-21,Bill Payment,Completed,45.0
1496,5,11,1244,,2025-02-12,Accessory Sale,Completed,87.92
1497,7,15,2105,1,2025-01-14,Upgrade,Voided,0.0
1498,11,30,239,,2026-04-21,Accessory Sale,Completed,13.51
1499,1,2,449,3,2026-04-13,New Activation,Completed,59.92
1500,8,19,1471,4,2025-12-16,Bill Payment,Completed,55.0
1501,13,33,1979,3,2025-06-03,Bill Payment,Completed,45.0
1502,7,15,53,1,2025-03-10,Bill Payment,Voided,0.0
1503,14,36,469,4,2025-05-12,New Activation,Voided,0.0
1504,5,12,2265,3,2026-05-30,Bill Payment,Voided,0.0
1505,10,26,2332,1,2025-04-11,Bill Payment,Completed,30.0
1506,6,14,1879,2,2026-05-30,Bill Payment,Completed,40.0
1507,1,2,2266,4,2026-05-05,Bill Payment,Completed,55.0
1508,16,44,495,1,2025-01-28,Bill Payment,Completed,30.0
1509,17,48,381,5,2025-12-28,Bill Payment,Completed,60.0
1510,2,3,1569,6,2026-06-29,Bill Payment,Refunded,-65.0
1511,16,46,1693,6,2025-10-18,Upgrade,Completed,103.54
1512,15,41,712,3,2025-02-08,New Activation,Refunded,-54.13
1513,8,19,212,1,2025-08-23,Bill Payment,Completed,30.0
1514,9,21,2370,1,2025-06-10,New Activation,Refunded,-36.63
1515,5,12,2263,6,2026-04-11,Bill Payment,Completed,65.0
1516,9,23,2288,,2025-02-13,Accessory Sale,Completed,95.8
1517,1,1,1996,5,2025-02-20,Bill Payment,Completed,60.0
1518,2,4,1676,4,2026-03-03,Upgrade,Completed,114.48
1519,7,16,2588,3,2025-06-13,Bill Payment,Completed,45.0
1520,10,26,1716,1,2025-05-09,Bill Payment,Completed,30.0
1521,4,10,1454,2,2025-01-16,Bill Payment,Completed,40.0
1522,6,14,1676,5,2025-01-03,New Activation,Completed,68.33
1523,11,30,2579,6,2025-02-10,Bill Payment,Voided,0.0
1524,14,,2407,5,2025-09-01,Bill Payment,Completed,60.0
1525,3,6,291,5,2025-01-02,Bill Payment,Refunded,-60.0
1526,6,,50,5,2025-10-15,Bill Payment,Completed,60.0
1527,6,14,1228,,2026-05-10,Accessory Sale,Completed,57.75
1528,2,4,2115,1,2025-05-29,Bill Payment,Refunded,-30.0
1529,11,30,758,2,2026-04-07,New Activation,Refunded,-45.18
1530,7,15,2008,,2025-01-15,Accessory Sale,Completed,118.14
1531,4,9,566,2,2025-06-15,Bill Payment,Completed,40.0
1532,13,33,544,2,2025-04-12,New Activation,Completed,45.47
1533,12,31,1953,2,2025-03-17,New Activation,Completed,48.18
1534,6,13,1927,5,2025-03-09,Bill Payment,Completed,60.0
1535,1,2,1851,,2025-10-09,Accessory Sale,Completed,69.58
1536,11,28,89,6,2026-01-23,Bill Payment,Refunded,-65.0
1537,16,43,623,4,2025-02-07,Bill Payment,Completed,55.0
1538,7,16,42,6,2025-06-19,Bill Payment,Completed,65.0
1539,6,13,28,6,2025-11-01,Upgrade,Completed,122.15
1540,12,31,771,6,2025-05-30,Bill Payment,Refunded,-65.0
1541,14,35,2165,1,2025-04-14,Bill Payment,Completed,30.0
1542,18,50,1435,,2025-02-08,Accessory Sale,Voided,0.0
1543,3,8,85,5,2026-05-23,Bill Payment,Voided,0.0
1544,14,,1434,4,2025-04-15,Bill Payment,Completed,55.0
1545,14,36,574,5,2026-05-30,Bill Payment,Completed,60.0
1546,1,2,855,6,2025-07-04,Bill Payment,Voided,0.0
1547,17,47,305,,2026-04-10,Accessory Sale,Completed,132.3
1548,1,1,1603,3,2025-06-05,Upgrade,Completed,112.09
1549,12,32,1778,6,2025-01-14,Bill Payment,Completed,65.0
1550,4,9,1469,2,2025-04-06,Bill Payment,Refunded,-40.0
1551,12,32,1760,4,2025-06-20,New Activation,Refunded,-66.11
1552,12,32,2355,,2026-04-10,Accessory Sale,Completed,24.56
1553,17,48,210,5,2025-01-17,Bill Payment,Completed,60.0
1554,3,7,354,2,2025-07-08,Bill Payment,Completed,40.0
1555,7,15,2269,6,2025-07-28,Bill Payment,Voided,0.0
1556,6,14,1640,,2025-07-05,Accessory Sale,Refunded,-50.59
1557,14,38,1393,1,2025-09-10,Bill Payment,Completed,30.0
1558,1,1,2472,6,2025-10-12,Bill Payment,Completed,65.0
1559,11,27,721,,2025-04-13,Accessory Sale,Completed,94.7
1560,18,49,863,,2025-01-02,Accessory Sale,Completed,50.31
1561,4,10,925,4,2026-01-04,Bill Payment,Completed,55.0
1562,17,48,1471,,2025-03-25,Accessory Sale,Completed,69.06
1563,1,2,1430,2,2025-01-22,Plan Change,Completed,8.59
1564,11,29,692,5,2025-06-26,Bill Payment,Completed,60.0
1565,7,15,1583,5,2025-10-09,Bill Payment,Completed,60.0
1566,13,33,2256,3,2025-12-11,Bill Payment,Completed,45.0
1567,4,10,1873,2,2025-03-13,Bill Payment,Completed,40.0
1568,3,6,724,5,2026-01-07,Bill Payment,Completed,60.0
1569,18,49,2600,1,2026-05-16,Bill Payment,Completed,30.0
1570,13,33,2147,5,2025-11-16,Bill Payment,Completed,60.0
1571,10,24,1270,3,2025-09-16,New Activation,Refunded,-52.06
1572,2,5,2265,4,2026-01-24,Bill Payment,Completed,55.0
1573,15,,2181,3,2025-05-29,New Activation,Refunded,-59.82
1574,17,48,2206,3,2026-06-21,Bill Payment,Completed,45.0
1575,5,12,1482,4,2026-02-24,Bill Payment,Completed,55.0
1576,3,8,1992,6,2026-05-11,Plan Change,Voided,0.0
1577,5,11,1267,,2026-01-08,Accessory Sale,Completed,117.16
1578,5,12,910,2,2025-12-30,New Activation,Refunded,-54.91
1579,3,8,1146,5,2025-12-12,Bill Payment,Completed,60.0
1580,3,7,1591,5,2025-01-28,Bill Payment,Refunded,-60.0
1581,17,48,1374,4,2026-03-01,Bill Payment,Completed,55.0
1582,4,10,19,2,2025-03-09,Bill Payment,Completed,40.0
1583,2,5,65,1,2025-03-15,Upgrade,Completed,70.97
1584,1,2,194,3,2026-04-03,New Activation,Completed,57.2
1585,11,27,801,6,2026-02-24,New Activation,Completed,72.45
1586,11,30,2269,1,2026-06-08,Plan Change,Completed,5.49
1587,1,1,1727,3,2026-02-05,New Activation,Completed,52.97
1588,1,1,2417,6,2026-04-22,New Activation,Completed,72.54
1589,6,14,1991,4,2026-02-14,Bill Payment,Completed,55.0
1590,15,40,1613,3,2025-02-11,Plan Change,Completed,4.87
1591,14,37,2328,2,2025-01-06,Bill Payment,Completed,40.0
1592,4,10,67,5,2026-03-08,New Activation,Refunded,-65.72
1593,14,38,2394,,2025-07-17,Accessory Sale,Completed,147.18
1594,16,45,2285,2,2025-02-19,Upgrade,Completed,119.86
1595,7,16,753,3,2026-02-27,Upgrade,Completed,99.33
1596,7,15,52,4,2025-11-25,Bill Payment,Completed,55.0
1597,4,10,895,1,2025-01-05,Bill Payment,Voided,0.0
1598,3,7,1562,2,2026-01-14,Bill Payment,Refunded,-40.0
1599,7,16,1415,5,2025-03-22,New Activation,Completed,68.69
1600,15,40,2075,4,2025-06-19,Bill Payment,Completed,55.0
1601,14,35,2426,3,2025-03-02,Bill Payment,Completed,45.0
1602,6,14,15,1,2025-03-16,Bill Payment,Completed,30.0
1603,5,12,1485,3,2025-11-30,Bill Payment,Completed,45.0
1604,16,45,2295,3,2026-06-18,Upgrade,Completed,83.48
1605,3,6,1920,6,2025-12-06,Bill Payment,Completed,65.0
1606,10,25,75,,2026-02-19,Accessory Sale,Completed,24.1
1607,15,41,1851,4,2025-06-27,Bill Payment,Voided,0.0
1608,5,11,2150,3,2025-08-05,Bill Payment,Completed,45.0
1609,15,42,305,2,2026-05-20,Bill Payment,Completed,40.0
1610,15,40,296,,2025-07-22,Accessory Sale,Completed,108.93
1611,11,30,2240,4,2025-03-15,New Activation,Completed,61.65
1612,6,14,180,2,2025-04-20,Bill Payment,Completed,40.0
1613,2,3,977,,2026-01-22,Accessory Sale,Completed,79.64
1614,18,49,173,2,2025-01-18,Bill Payment,Completed,40.0
1615,5,12,21,3,2025-09-20,Bill Payment,Completed,45.0
1616,16,44,2123,1,2026-05-24,Bill Payment,Completed,30.0
1617,14,38,2078,5,2025-11-18,Bill Payment,Completed,60.0
1618,16,44,2031,2,2025-02-20,Bill Payment,Completed,40.0
1619,15,42,2348,4,2026-03-18,Bill Payment,Refunded,-55.0
1620,12,31,2183,3,2025-05-06,Upgrade,Completed,92.7
1621,7,16,403,2,2026-05-13,Bill Payment,Completed,40.0
1622,3,7,2186,1,2026-04-25,Bill Payment,Completed,30.0
1623,11,30,2126,2,2025-04-19,Bill Payment,Refunded,-40.0
1624,15,40,351,4,2026-05-31,Bill Payment,Completed,55.0
1625,12,32,2501,,2025-10-08,Accessory Sale,Completed,38.8
1626,2,,2532,5,2025-11-09,Bill Payment,Completed,60.0
1627,15,39,1425,,2026-03-25,Accessory Sale,Voided,0.0
1628,11,30,37,,2026-04-06,Accessory Sale,Completed,113.29
1629,3,6,1142,6,2025-12-09,Bill Payment,Completed,65.0
1630,11,,2045,2,2025-12-07,Bill Payment,Completed,40.0
1631,5,11,1194,2,2026-01-29,Bill Payment,Completed,40.0
1632,1,2,2110,4,2025-03-19,Upgrade,Completed,100.7
1633,1,1,1217,1,2026-03-20,Bill Payment,Completed,30.0
1634,1,1,2332,2,2025-01-13,Upgrade,Completed,85.61
1635,13,34,663,1,2025-08-27,Bill Payment,Voided,0.0
1636,18,50,999,1,2026-04-12,Bill Payment,Completed,30.0
1637,7,16,693,5,2025-07-30,Bill Payment,Completed,60.0
1638,5,11,2524,6,2025-12-22,Bill Payment,Completed,65.0
1639,18,50,1540,4,2026-05-14,Bill Payment,Completed,55.0
1640,12,32,1793,4,2025-03-14,New Activation,Completed,60.75
1641,7,15,2068,4,2025-03-25,Plan Change,Completed,3.63
1642,1,2,2037,5,2025-01-29,Bill Payment,Completed,60.0
1643,15,39,1749,5,2025-10-22,New Activation,Completed,66.41
1644,16,43,268,3,2025-06-01,Bill Payment,Completed,45.0
1645,11,27,433,5,2026-04-03,Upgrade,Voided,0.0
1646,8,19,931,4,2025-01-08,Bill Payment,Completed,55.0
1647,5,12,560,2,2026-05-21,Bill Payment,Completed,40.0
1648,10,25,95,5,2025-01-16,Bill Payment,Voided,0.0
1649,11,27,449,3,2025-02-22,Bill Payment,Completed,45.0
1650,12,31,812,6,2025-08-17,Bill Payment,Completed,65.0
1651,8,19,2455,6,2025-12-08,Bill Payment,Completed,65.0
1652,11,27,2208,1,2025-02-03,Plan Change,Completed,5.43
1653,11,29,2387,4,2026-01-15,Bill Payment,Voided,0.0
1654,1,2,733,1,2025-11-11,Bill Payment,Completed,30.0
1655,3,7,653,2,2026-06-30,Bill Payment,Completed,40.0
1656,3,7,2528,1,2025-12-28,Upgrade,Completed,59.93
1657,18,49,606,2,2026-01-05,Bill Payment,Completed,40.0
1658,8,18,717,5,2025-06-03,New Activation,Voided,0.0
1659,2,3,1599,4,2025-01-30,Bill Payment,Refunded,-55.0
1660,7,,602,5,2025-06-19,Bill Payment,Completed,60.0
1661,5,11,429,5,2026-01-17,Bill Payment,Completed,60.0
1662,12,32,1889,2,2026-03-21,Bill Payment,Refunded,-40.0
1663,18,49,2034,4,2025-02-15,Bill Payment,Completed,55.0
1664,6,14,1246,5,2025-06-12,Bill Payment,Refunded,-60.0
1665,14,35,371,6,2025-04-22,Bill Payment,Completed,65.0
1666,8,18,1336,1,2026-01-20,Bill Payment,Refunded,-30.0
1667,5,12,1065,,2025-05-21,Accessory Sale,Completed,92.92
1668,3,7,1610,2,2025-09-15,Bill Payment,Completed,40.0
1669,16,45,536,5,2025-07-11,Bill Payment,Voided,0.0
1670,4,10,1960,4,2025-03-30,New Activation,Refunded,-66.37
1671,9,21,660,2,2026-06-07,Bill Payment,Completed,40.0
1672,6,14,2204,,2026-06-19,Accessory Sale,Voided,0.0
1673,14,36,715,3,2026-06-13,New Activation,Completed,58.14
1674,7,16,2098,1,2025-09-07,Bill Payment,Completed,30.0
1675,13,34,1876,,2025-08-21,Accessory Sale,Completed,37.87
1676,11,30,2366,,2025-04-26,Accessory Sale,Completed,69.79
1677,18,49,372,3,2026-03-02,Bill Payment,Completed,45.0
1678,16,43,2588,3,2026-04-09,Bill Payment,Completed,45.0
1679,5,11,53,3,2026-05-19,Upgrade,Completed,84.38
1680,16,46,603,,2026-02-16,Accessory Sale,Completed,143.55
1681,17,47,1302,3,2025-12-01,New Activation,Completed,54.22
1682,12,32,440,,2026-05-11,Accessory Sale,Completed,105.65
1683,1,2,912,5,2025-10-29,New Activation,Refunded,-71.48
1684,12,32,177,,2026-05-13,Accessory Sale,Completed,15.58
1685,2,4,551,2,2025-05-08,New Activation,Completed,51.51
1686,7,16,2242,2,2025-09-16,Bill Payment,Completed,40.0
1687,1,2,266,2,2026-05-27,Bill Payment,Refunded,-40.0
1688,12,31,2338,4,2025-12-02,Bill Payment,Completed,55.0
1689,8,18,196,5,2025-08-23,Bill Payment,Completed,60.0
1690,4,10,22,4,2025-04-19,New Activation,Completed,64.69
1691,2,3,1399,2,2026-03-11,New Activation,Completed,53.2
1692,11,29,80,1,2026-01-09,New Activation,Voided,0.0
1693,1,2,298,5,2026-04-24,New Activation,Voided,0.0
1694,7,16,806,6,2025-10-10,Bill Payment,Completed,65.0
1695,1,1,2311,4,2026-01-21,Upgrade,Completed,128.31
1696,11,27,725,,2025-10-27,Accessory Sale,Completed,145.44
1697,5,11,2343,3,2025-04-28,Bill Payment,Completed,45.0
1698,18,50,1070,4,2026-02-01,Bill Payment,Completed,55.0
1699,5,11,1880,4,2025-07-23,Upgrade,Voided,0.0
1700,9,20,2282,1,2026-06-12,Bill Payment,Completed,30.0
1701,1,2,1893,,2026-01-31,Accessory Sale,Refunded,-43.9
1702,2,3,1565,4,2025-11-07,New Activation,Completed,62.53
1703,7,16,1037,5,2025-03-28,Bill Payment,Completed,60.0
1704,1,2,2286,,2025-12-14,Accessory Sale,Voided,0.0
1705,1,1,2157,6,2026-02-07,Bill Payment,Completed,65.0
1706,14,36,1592,4,2025-09-15,Bill Payment,Completed,55.0
1707,11,28,1420,6,2025-03-16,Bill Payment,Completed,65.0
1708,1,2,1836,3,2025-08-09,New Activation,Completed,54.19
1709,15,,2492,4,2025-02-06,Upgrade,Completed,78.63
1710,14,37,2246,6,2025-06-22,Bill Payment,Completed,65.0
1711,17,47,628,3,2025-11-03,Bill Payment,Refunded,-45.0
1712,1,2,306,2,2025-04-01,Upgrade,Completed,86.65
1713,8,17,1750,,2026-01-18,Accessory Sale,Completed,107.73
1714,12,31,203,5,2025-11-03,Bill Payment,Completed,60.0
1715,2,3,949,,2025-08-15,Accessory Sale,Completed,14.06
1716,6,13,295,2,2026-06-25,Bill Payment,Completed,40.0
1717,13,34,2171,4,2026-01-01,Bill Payment,Completed,55.0
1718,7,16,1517,6,2025-02-14,Bill Payment,Completed,65.0
1719,8,18,1187,2,2025-03-19,Bill Payment,Completed,40.0
1720,14,38,307,4,2026-05-09,Bill Payment,Completed,55.0
1721,11,28,1342,3,2025-04-17,Bill Payment,Refunded,-45.0
1722,3,8,2355,3,2025-10-01,Bill Payment,Completed,45.0
1723,5,11,2188,1,2025-09-14,New Activation,Completed,40.26
1724,13,34,1706,3,2025-10-01,Bill Payment,Completed,45.0
1725,1,2,1141,3,2025-06-19,Bill Payment,Completed,45.0
1726,6,13,31,2,2025-03-30,Upgrade,Completed,85.67
1727,8,17,582,3,2026-01-05,New Activation,Completed,50.33
1728,14,37,1520,2,2025-08-16,Bill Payment,Completed,40.0
1729,14,38,711,1,2025-10-15,Bill Payment,Completed,30.0
1730,1,2,1973,6,2025-07-29,Bill Payment,Completed,65.0
1731,13,33,2565,6,2025-12-16,Bill Payment,Voided,0.0
1732,6,14,701,2,2025-11-25,Upgrade,Completed,100.88
1733,5,11,1073,1,2025-02-01,Bill Payment,Completed,30.0
1734,6,14,768,5,2025-12-11,Bill Payment,Completed,60.0
1735,2,5,261,3,2025-07-14,Bill Payment,Completed,45.0
1736,2,4,1288,5,2025-02-12,Bill Payment,Completed,60.0
1737,3,6,521,6,2026-01-17,Plan Change,Completed,1.58
1738,2,3,2176,,2026-03-13,Accessory Sale,Completed,24.14
1739,6,14,1852,4,2026-02-04,Bill Payment,Completed,55.0
1740,14,35,782,5,2025-04-26,Bill Payment,Completed,60.0
1741,17,47,501,4,2026-06-26,Bill Payment,Completed,55.0
1742,7,16,682,1,2025-01-24,Bill Payment,Completed,30.0
1743,18,49,1546,,2025-03-14,Accessory Sale,Refunded,-117.02
1744,12,31,2339,5,2025-11-08,Bill Payment,Completed,60.0
1745,13,34,1599,5,2025-09-21,Bill Payment,Completed,60.0
1746,13,34,437,4,2025-08-03,Upgrade,Refunded,-110.78
1747,3,,1994,3,2025-03-12,Bill Payment,Completed,45.0
1748,2,4,1362,,2025-12-02,Accessory Sale,Completed,58.98
1749,14,36,1879,1,2025-10-30,Upgrade,Completed,91.25
1750,18,49,234,2,2025-09-21,Bill Payment,Completed,40.0
1751,18,50,2095,4,2025-04-23,Bill Payment,Completed,55.0
1752,17,47,2409,2,2025-06-10,Upgrade,Completed,63.13
1753,11,30,913,6,2025-03-10,Bill Payment,Voided,0.0
1754,7,15,649,,2025-05-08,Accessory Sale,Completed,54.26
1755,13,,1849,3,2026-01-09,Bill Payment,Voided,0.0
1756,15,,892,3,2026-05-22,Bill Payment,Refunded,-45.0
1757,10,25,1147,3,2026-02-17,Bill Payment,Completed,45.0
1758,16,44,1450,5,2025-03-12,Bill Payment,Completed,60.0
1759,14,37,677,4,2025-08-08,Bill Payment,Completed,55.0
1760,8,17,142,1,2025-05-29,Upgrade,Voided,0.0
1761,1,1,2577,1,2025-09-26,Upgrade,Refunded,-70.21
1762,5,12,1853,6,2026-03-14,Bill Payment,Completed,65.0
1763,8,18,614,2,2025-11-21,Bill Payment,Voided,0.0
1764,7,16,863,2,2025-08-29,Plan Change,Completed,0.37
1765,18,49,1006,5,2025-04-30,New Activation,Completed,73.68
1766,2,3,848,1,2025-09-03,New Activation,Completed,42.96
1767,14,36,596,5,2025-05-30,Bill Payment,Completed,60.0
1768,7,15,944,,2025-05-11,Accessory Sale,Completed,71.18
1769,9,23,1893,5,2025-07-12,New Activation,Completed,70.29
1770,1,2,1847,3,2026-04-21,Bill Payment,Completed,45.0
1771,2,5,458,5,2026-01-02,Bill Payment,Completed,60.0
1772,8,17,1259,2,2025-10-25,Bill Payment,Completed,40.0
1773,15,41,1961,6,2026-06-25,Bill Payment,Completed,65.0
1774,18,49,1152,3,2025-06-12,Bill Payment,Completed,45.0
1775,8,,1166,4,2025-04-07,New Activation,Completed,68.72
1776,9,21,2405,5,2026-01-13,Bill Payment,Completed,60.0
1777,18,50,1180,6,2025-02-22,Bill Payment,Completed,65.0
1778,18,50,1150,,2026-01-02,Accessory Sale,Completed,127.96
1779,4,10,1231,1,2025-04-02,New Activation,Completed,44.28
1780,16,43,1039,6,2025-08-24,Bill Payment,Completed,65.0
1781,6,14,815,4,2025-11-15,Bill Payment,Completed,55.0
1782,11,29,1021,6,2026-06-12,Bill Payment,Refunded,-65.0
1783,12,32,417,3,2026-04-14,Bill Payment,Completed,45.0
1784,7,16,589,6,2025-01-07,Upgrade,Completed,123.44
1785,12,32,2130,5,2025-10-18,Bill Payment,Completed,60.0
1786,18,49,1256,4,2025-02-22,Bill Payment,Completed,55.0
1787,3,7,2429,3,2025-04-22,Bill Payment,Completed,45.0
1788,3,6,204,2,2025-06-28,Plan Change,Completed,6.84
1789,6,14,1758,6,2025-01-18,Bill Payment,Completed,65.0
1790,18,49,1357,2,2026-05-28,Bill Payment,Voided,0.0
1791,3,7,190,6,2026-02-21,Bill Payment,Completed,65.0
1792,11,29,2259,3,2025-05-28,Bill Payment,Completed,45.0
1793,16,43,1216,4,2025-02-19,Bill Payment,Completed,55.0
1794,9,21,890,2,2025-04-11,Bill Payment,Completed,40.0
1795,2,5,424,4,2025-11-26,Bill Payment,Voided,0.0
1796,16,46,591,1,2025-06-24,Bill Payment,Completed,30.0
1797,5,12,1217,4,2025-07-06,New Activation,Completed,68.59
1798,5,12,935,5,2025-09-28,Plan Change,Completed,8.48
1799,3,6,1184,4,2025-11-07,Upgrade,Refunded,-129.04
1800,2,5,233,1,2025-10-26,Bill Payment,Completed,30.0
1801,9,22,678,2,2025-09-29,New Activation,Completed,53.51
1802,3,7,1325,2,2025-06-18,New Activation,Voided,0.0
1803,9,20,1840,2,2025-04-01,Bill Payment,Completed,40.0
1804,1,2,2051,2,2025-05-12,Bill Payment,Completed,40.0
1805,12,32,320,,2026-05-26,Accessory Sale,Refunded,-126.26
1806,4,9,1614,,2026-02-24,Accessory Sale,Completed,78.43
1807,7,15,2567,5,2025-11-18,Bill Payment,Completed,60.0
1808,14,35,1831,2,2025-07-20,Plan Change,Completed,8.45
1809,4,10,251,1,2025-12-09,New Activation,Completed,44.79
1810,12,31,1827,,2025-06-07,Accessory Sale,Voided,0.0
1811,4,9,1329,1,2025-05-16,Bill Payment,Completed,30.0
1812,16,46,2164,4,2026-06-20,Bill Payment,Completed,55.0
1813,3,7,799,2,2025-05-04,Bill Payment,Completed,40.0
1814,10,25,1914,1,2025-08-11,Bill Payment,Completed,30.0
1815,7,15,1197,6,2025-04-14,Bill Payment,Completed,65.0
1816,8,17,1377,,2025-07-20,Accessory Sale,Completed,84.54
1817,18,50,1603,5,2025-11-17,Upgrade,Completed,95.29
1818,9,21,208,1,2025-08-26,Bill Payment,Completed,30.0
1819,14,37,1557,3,2026-05-29,Bill Payment,Refunded,-45.0
1820,5,11,2439,1,2025-03-09,Bill Payment,Completed,30.0
1821,3,7,1326,,2025-07-22,Accessory Sale,Completed,95.51
1822,5,11,438,6,2025-12-18,New Activation,Completed,77.51
1823,1,1,1498,2,2025-02-17,Plan Change,Completed,5.11
1824,6,14,1935,6,2026-04-12,Bill Payment,Voided,0.0
1825,12,32,1674,1,2026-05-24,Bill Payment,Completed,30.0
1826,10,24,1077,2,2025-03-25,Bill Payment,Completed,40.0
1827,15,39,407,3,2025-05-15,Bill Payment,Completed,45.0
1828,6,14,250,3,2025-09-30,Bill Payment,Completed,45.0
1829,11,29,1684,6,2025-03-05,New Activation,Completed,77.42
1830,2,5,800,4,2026-05-24,Bill Payment,Completed,55.0
1831,17,48,10,3,2025-04-08,New Activation,Completed,50.36
1832,14,38,81,5,2025-06-30,Bill Payment,Completed,60.0
1833,15,39,2518,1,2025-02-10,New Activation,Completed,40.75
1834,2,5,840,4,2026-06-08,Bill Payment,Completed,55.0
1835,17,47,2564,6,2026-05-22,Bill Payment,Completed,65.0
1836,3,6,1008,1,2025-02-01,Bill Payment,Completed,30.0
1837,17,47,98,6,2026-03-19,Bill Payment,Completed,65.0
1838,8,19,856,5,2026-01-27,Bill Payment,Completed,60.0
1839,7,16,266,1,2025-05-12,Upgrade,Completed,94.37
1840,14,37,897,4,2026-05-27,Bill Payment,Completed,55.0
1841,10,26,2141,,2026-01-06,Accessory Sale,Completed,98.9
1842,5,11,2494,5,2025-10-01,Bill Payment,Completed,60.0
1843,5,12,1430,6,2025-12-15,Bill Payment,Completed,65.0
1844,3,6,2101,4,2026-02-05,Upgrade,Completed,114.19
1845,11,27,2115,4,2025-01-13,Bill Payment,Completed,55.0
1846,8,17,1630,6,2026-01-20,Bill Payment,Completed,65.0
1847,10,26,1041,2,2025-03-10,Bill Payment,Refunded,-40.0
1848,1,2,2,1,2025-01-03,Bill Payment,Completed,30.0
1849,9,21,2371,5,2025-12-15,Bill Payment,Completed,60.0
1850,13,33,1073,2,2025-09-16,Bill Payment,Completed,40.0
1851,16,43,1,5,2026-03-17,Bill Payment,Completed,60.0
1852,9,23,1532,2,2025-08-27,Bill Payment,Completed,40.0
1853,3,,782,5,2025-02-27,Upgrade,Completed,90.28
1854,11,30,139,,2025-10-16,Accessory Sale,Completed,75.17
1855,4,9,1114,2,2025-01-30,Bill Payment,Completed,40.0
1856,2,4,2240,4,2026-06-23,Bill Payment,Completed,55.0
1857,10,26,1773,4,2025-09-18,Bill Payment,Completed,55.0
1858,2,4,2166,1,2025-08-08,Bill Payment,Completed,30.0
1859,7,16,1578,2,2025-11-30,Bill Payment,Completed,40.0
1860,13,34,2570,,2025-07-27,Accessory Sale,Completed,58.37
1861,7,16,1239,3,2025-02-18,Bill Payment,Completed,45.0
1862,17,48,1258,6,2025-06-10,Bill Payment,Completed,65.0
1863,5,11,2262,,2026-04-04,Accessory Sale,Completed,72.52
1864,14,35,856,5,2025-05-07,Bill Payment,Completed,60.0
1865,1,2,458,1,2025-11-10,New Activation,Refunded,-42.86
1866,11,30,320,6,2026-01-22,New Activation,Voided,0.0
1867,11,27,2502,5,2025-08-04,Bill Payment,Completed,60.0
1868,6,13,1984,4,2025-12-27,Bill Payment,Completed,55.0
1869,12,31,2580,5,2025-10-13,Bill Payment,Completed,60.0
1870,7,16,1759,3,2025-10-30,Bill Payment,Completed,45.0
1871,8,19,2152,4,2025-02-19,Bill Payment,Refunded,-55.0
1872,9,23,1918,,2026-05-29,Accessory Sale,Completed,29.83
1873,8,18,1105,2,2025-10-10,Upgrade,Completed,61.03
1874,8,19,628,1,2026-02-22,Bill Payment,Refunded,-30.0
1875,3,6,817,3,2026-02-17,New Activation,Voided,0.0
1876,4,10,454,1,2026-06-15,Plan Change,Completed,3.39
1877,11,28,1485,5,2025-06-30,Upgrade,Refunded,-112.21
1878,9,20,529,6,2025-09-17,Bill Payment,Completed,65.0
1879,14,37,2182,,2025-04-19,Accessory Sale,Refunded,-79.27
1880,13,34,60,6,2026-03-21,New Activation,Completed,77.91
1881,1,2,690,2,2025-11-26,Plan Change,Completed,9.8
1882,15,39,1948,1,2025-02-04,Bill Payment,Completed,30.0
1883,6,14,843,4,2025-04-09,Bill Payment,Completed,55.0
1884,2,4,1027,5,2025-05-19,Bill Payment,Voided,0.0
1885,9,23,1877,1,2025-08-17,Bill Payment,Completed,30.0
1886,6,14,557,4,2025-07-05,Bill Payment,Completed,55.0
1887,9,21,2432,3,2026-05-15,Bill Payment,Completed,45.0
1888,11,30,920,1,2025-03-21,Bill Payment,Completed,30.0
1889,9,23,2031,5,2026-05-16,Bill Payment,Refunded,-60.0
1890,12,32,2340,2,2025-04-09,Upgrade,Completed,108.33
1891,14,38,228,,2025-10-11,Accessory Sale,Voided,0.0
1892,15,41,868,,2025-02-18,Accessory Sale,Completed,132.09
1893,17,47,577,3,2025-01-16,Bill Payment,Voided,0.0
1894,1,2,875,3,2025-11-07,Bill Payment,Completed,45.0
1895,1,1,738,4,2026-01-26,Bill Payment,Completed,55.0
1896,6,13,2201,5,2026-02-11,Bill Payment,Completed,60.0
1897,18,50,2103,6,2025-06-29,Bill Payment,Completed,65.0
1898,11,30,669,1,2025-09-16,Bill Payment,Completed,30.0
1899,6,14,100,6,2025-06-17,Bill Payment,Refunded,-65.0
1900,1,2,986,1,2025-04-07,Bill Payment,Refunded,-30.0
1901,18,50,300,4,2026-01-13,New Activation,Completed,64.75
1902,7,15,2573,2,2025-12-20,Bill Payment,Completed,40.0
1903,2,3,745,6,2025-04-22,Upgrade,Completed,127.73
1904,5,12,2045,2,2025-07-14,Bill Payment,Voided,0.0
1905,14,38,684,5,2025-02-27,Bill Payment,Completed,60.0
1906,18,49,2017,6,2026-01-05,Plan Change,Completed,3.96
1907,17,48,1315,,2026-01-12,Accessory Sale,Refunded,-23.16
1908,3,8,700,,2025-09-25,Accessory Sale,Completed,42.39
1909,14,35,2052,,2026-04-17,Accessory Sale,Completed,109.65
1910,13,34,954,1,2025-03-10,Upgrade,Completed,91.99
1911,7,15,2474,3,2025-11-04,Bill Payment,Completed,45.0
1912,7,15,1399,,2026-06-22,Accessory Sale,Completed,70.7
1913,16,46,1395,,2025-05-16,Accessory Sale,Completed,130.0
1914,18,49,1859,2,2025-03-27,Bill Payment,Completed,40.0
1915,14,,966,,2025-06-26,Accessory Sale,Completed,92.43
1916,2,3,824,1,2026-03-15,Bill Payment,Completed,30.0
1917,4,9,638,3,2025-11-01,Bill Payment,Completed,45.0
1918,14,37,1494,3,2026-01-08,Bill Payment,Voided,0.0
1919,8,17,40,5,2026-06-17,Bill Payment,Completed,60.0
1920,12,31,1877,,2025-10-09,Accessory Sale,Completed,37.58
1921,16,46,1264,1,2025-01-25,Plan Change,Refunded,-8.21
1922,2,5,1535,4,2025-02-22,Bill Payment,Refunded,-55.0
1923,2,3,2076,2,2025-12-06,Upgrade,Voided,0.0
1924,7,16,1740,3,2025-12-01,Bill Payment,Completed,45.0
1925,12,31,902,3,2026-02-05,Upgrade,Completed,94.38
1926,2,3,2455,5,2026-01-06,New Activation,Refunded,-71.29
1927,3,6,74,3,2026-05-20,Bill Payment,Completed,45.0
1928,13,33,173,6,2025-10-23,Bill Payment,Completed,65.0
1929,12,31,2068,2,2026-02-27,Upgrade,Voided,0.0
1930,18,50,730,1,2026-01-11,Bill Payment,Completed,30.0
1931,2,3,110,5,2026-05-20,Upgrade,Completed,107.11
1932,13,33,897,5,2026-01-10,Plan Change,Completed,5.79
1933,2,3,2301,1,2025-08-11,Bill Payment,Completed,30.0
1934,16,45,505,5,2025-03-20,Bill Payment,Completed,60.0
1935,18,49,284,5,2026-04-07,Bill Payment,Completed,60.0
1936,12,32,1058,6,2025-12-17,Bill Payment,Completed,65.0
1937,8,17,1508,3,2025-08-11,Bill Payment,Completed,45.0
1938,11,28,1558,6,2026-01-02,Plan Change,Completed,3.71
1939,8,18,2199,5,2025-04-07,Bill Payment,Voided,0.0
1940,12,32,1902,4,2025-08-26,Upgrade,Completed,122.69
1941,13,34,2010,2,2025-08-30,Plan Change,Completed,1.14
1942,11,,1710,1,2026-02-25,New Activation,Refunded,-39.02
1943,5,12,724,5,2025-11-22,Bill Payment,Completed,60.0
1944,13,,2276,3,2025-03-16,Bill Payment,Voided,0.0
1945,17,47,1359,6,2025-07-05,Plan Change,Voided,0.0
1946,6,14,1793,6,2025-06-17,Bill Payment,Voided,0.0
1947,3,6,367,1,2026-04-10,Bill Payment,Completed,30.0
1948,4,9,262,2,2025-06-18,Bill Payment,Completed,40.0
1949,3,,2202,6,2026-03-13,New Activation,Completed,75.38
1950,12,31,1510,4,2026-04-20,Plan Change,Completed,4.06
1951,16,44,1982,3,2025-10-07,Bill Payment,Refunded,-45.0
1952,14,36,1303,2,2026-05-31,New Activation,Completed,48.41
1953,2,3,2026,1,2025-01-05,Bill Payment,Completed,30.0
1954,16,44,1737,,2025-09-12,Accessory Sale,Voided,0.0
1955,18,49,399,6,2026-04-21,Plan Change,Completed,9.05
1956,7,16,1566,2,2025-10-17,Plan Change,Completed,7.77
1957,5,11,1145,5,2025-06-10,Bill Payment,Completed,60.0
1958,8,18,1430,4,2025-09-23,New Activation,Completed,64.96
1959,15,42,1530,6,2025-10-08,Bill Payment,Completed,65.0
1960,3,7,1630,2,2026-01-12,Upgrade,Completed,95.88
1961,11,28,467,5,2025-10-12,Bill Payment,Completed,60.0
1962,17,47,2096,4,2026-03-20,Bill Payment,Completed,55.0
1963,18,50,146,3,2026-04-29,Bill Payment,Voided,0.0
1964,6,14,1437,4,2025-12-10,Bill Payment,Completed,55.0
1965,18,49,2216,2,2025-01-31,Bill Payment,Completed,40.0
1966,11,29,1786,2,2025-12-04,Bill Payment,Completed,40.0
1967,16,45,145,1,2025-03-16,Bill Payment,Completed,30.0
1968,3,7,888,3,2025-06-22,Bill Payment,Completed,45.0
1969,7,15,2452,6,2026-06-24,Bill Payment,Completed,65.0
1970,16,44,2451,2,2025-09-02,Bill Payment,Completed,40.0
1971,18,49,1233,5,2025-10-06,Bill Payment,Completed,60.0
1972,13,33,182,4,2026-04-17,Bill Payment,Completed,55.0
1973,7,16,1968,1,2026-05-22,Bill Payment,Completed,30.0
1974,7,16,20,2,2026-06-11,Bill Payment,Completed,40.0
1975,5,,1792,6,2025-06-07,Bill Payment,Completed,65.0
1976,6,13,2518,1,2025-09-22,Bill Payment,Completed,30.0
1977,15,39,1033,2,2025-08-27,Bill Payment,Completed,40.0
1978,8,18,1839,3,2026-01-16,Bill Payment,Completed,45.0
1979,2,5,333,1,2025-10-08,Bill Payment,Completed,30.0
1980,12,32,1268,3,2025-03-15,Bill Payment,Completed,45.0
1981,2,5,1946,4,2025-12-18,Bill Payment,Completed,55.0
1982,12,32,1338,1,2025-08-04,Bill Payment,Completed,30.0
1983,8,18,1230,5,2025-11-28,Bill Payment,Completed,60.0
1984,18,,1541,3,2025-11-01,Bill Payment,Completed,45.0
1985,15,42,1757,5,2025-06-07,Bill Payment,Refunded,-60.0
1986,18,50,1005,5,2026-06-14,Bill Payment,Completed,60.0
1987,6,14,2069,,2025-12-21,Accessory Sale,Completed,63.83
1988,8,17,223,4,2026-06-24,New Activation,Completed,67.76
1989,4,9,1637,,2025-06-19,Accessory Sale,Voided,0.0
1990,17,47,262,3,2026-06-13,Bill Payment,Completed,45.0
1991,14,35,261,,2025-07-21,Accessory Sale,Completed,125.19
1992,14,37,207,1,2025-06-23,Bill Payment,Completed,30.0
1993,16,45,147,1,2025-02-12,Upgrade,Voided,0.0
1994,2,5,326,2,2025-01-05,Upgrade,Completed,67.33
1995,4,10,889,6,2025-08-04,Bill Payment,Completed,65.0
1996,14,35,646,6,2025-08-25,Bill Payment,Completed,65.0
1997,11,29,1909,4,2026-04-14,Bill Payment,Voided,0.0
1998,6,14,1311,4,2026-03-18,Bill Payment,Completed,55.0
1999,8,19,863,1,2025-09-25,New Activation,Completed,35.08
2000,3,7,1536,5,2026-01-17,Bill Payment,Completed,60.0
2001,11,,70,2,2025-11-25,Bill Payment,Completed,40.0
2002,9,20,2102,3,2026-02-28,Bill Payment,Completed,45.0
2003,9,20,544,2,2026-04-02,Plan Change,Completed,5.56
2004,2,4,2256,5,2025-09-18,Bill Payment,Completed,60.0
2005,13,34,1251,1,2026-05-28,Bill Payment,Completed,30.0
2006,2,5,1348,,2025-06-27,Accessory Sale,Completed,47.08
2007,2,4,828,2,2026-05-07,Bill Payment,Completed,40.0
2008,8,18,327,4,2026-03-13,Plan Change,Completed,0.22
2009,4,9,1180,6,2025-07-20,Bill Payment,Completed,65.0
2010,10,26,2568,5,2025-12-31,New Activation,Completed,65.92
2011,3,8,1249,4,2025-09-11,Bill Payment,Completed,55.0
2012,3,8,1472,2,2025-08-18,New Activation,Completed,51.26
2013,2,5,2524,4,2026-06-06,Plan Change,Completed,3.84
2014,14,35,451,1,2025-11-02,Bill Payment,Refunded,-30.0
2015,11,29,1746,5,2025-07-17,Bill Payment,Completed,60.0
2016,7,15,318,6,2025-01-27,Bill Payment,Completed,65.0
2017,14,35,210,1,2025-06-02,New Activation,Completed,39.04
2018,11,27,1753,3,2025-03-02,Bill Payment,Refunded,-45.0
2019,6,13,2097,4,2026-01-04,Bill Payment,Completed,55.0
2020,11,27,2059,6,2025-05-18,New Activation,Completed,72.92
2021,3,7,1081,4,2026-06-17,Bill Payment,Completed,55.0
2022,12,31,85,4,2026-01-25,Bill Payment,Completed,55.0
2023,8,17,1810,6,2026-06-23,Bill Payment,Completed,65.0
2024,4,,272,,2025-12-09,Accessory Sale,Completed,100.75
2025,1,,417,6,2025-05-25,Bill Payment,Completed,65.0
2026,5,11,2488,1,2025-03-06,Bill Payment,Completed,30.0
2027,6,13,2118,4,2026-03-18,New Activation,Completed,62.83
2028,13,33,1580,4,2025-02-18,New Activation,Refunded,-66.12
2029,12,31,1532,6,2025-08-03,Plan Change,Completed,4.97
2030,14,35,25,1,2025-01-18,Bill Payment,Completed,30.0
2031,12,32,684,2,2026-01-16,Bill Payment,Completed,40.0
2032,14,36,1380,2,2025-04-23,Bill Payment,Completed,40.0
2033,14,38,93,3,2026-01-22,Bill Payment,Voided,0.0
2034,10,24,679,4,2025-05-04,Bill Payment,Completed,55.0
2035,9,22,2457,2,2026-04-16,Bill Payment,Completed,40.0
2036,3,7,1038,5,2025-07-14,Upgrade,Completed,116.82
2037,15,39,2401,2,2025-07-11,Bill Payment,Completed,40.0
2038,1,2,209,2,2026-01-14,New Activation,Completed,49.85
2039,12,31,2485,6,2026-01-07,Bill Payment,Completed,65.0
2040,7,16,416,4,2026-06-20,Bill Payment,Completed,55.0
2041,14,38,1404,2,2025-10-24,Bill Payment,Completed,40.0
2042,7,16,2222,5,2026-01-08,Upgrade,Completed,87.48
2043,1,2,962,6,2025-09-27,Bill Payment,Completed,65.0
2044,7,15,1744,2,2026-04-21,Bill Payment,Refunded,-40.0
2045,14,38,1967,6,2026-01-04,Plan Change,Completed,9.1
2046,6,13,827,,2025-03-26,Accessory Sale,Completed,18.25
2047,8,19,1750,4,2026-01-07,Bill Payment,Completed,55.0
2048,12,32,2023,,2025-01-14,Accessory Sale,Completed,107.38
2049,1,2,1399,,2025-10-12,Accessory Sale,Completed,55.78
2050,6,13,2279,2,2025-10-23,Bill Payment,Refunded,-40.0
2051,6,14,836,1,2025-09-11,Upgrade,Completed,101.12
2052,15,40,349,,2025-07-04,Accessory Sale,Completed,117.04
2053,7,16,1159,1,2025-11-09,Bill Payment,Completed,30.0
2054,3,7,1116,6,2025-11-26,New Activation,Completed,71.84
2055,2,5,1595,,2025-11-30,Accessory Sale,Completed,146.35
2056,8,17,866,1,2025-10-23,Bill Payment,Completed,30.0
2057,14,36,1185,5,2025-01-23,Bill Payment,Completed,60.0
2058,8,17,2549,6,2026-05-20,Bill Payment,Completed,65.0
2059,14,37,2425,6,2026-02-20,Plan Change,Completed,8.29
2060,15,40,1034,6,2026-04-16,Bill Payment,Completed,65.0
2061,18,49,1776,4,2026-01-25,New Activation,Completed,64.1
2062,16,43,2067,1,2025-07-12,Bill Payment,Completed,30.0
2063,17,48,29,4,2026-02-07,Plan Change,Completed,9.75
2064,2,4,2349,3,2025-10-08,Bill Payment,Refunded,-45.0
2065,2,3,2090,1,2025-07-11,Bill Payment,Completed,30.0
2066,11,28,1780,6,2025-08-01,Bill Payment,Voided,0.0
2067,18,49,2538,,2026-02-24,Accessory Sale,Completed,29.52
2068,11,30,138,6,2025-01-29,Upgrade,Completed,128.75
2069,6,13,124,3,2026-06-23,Upgrade,Completed,103.07
2070,1,1,1823,1,2025-09-30,Bill Payment,Completed,30.0
2071,9,22,1979,6,2025-08-30,Bill Payment,Refunded,-65.0
2072,12,32,821,4,2025-08-11,Bill Payment,Completed,55.0
2073,13,34,373,4,2025-11-12,New Activation,Completed,66.57
2074,13,34,2365,2,2026-02-27,Bill Payment,Voided,0.0
2075,12,31,2474,,2025-12-08,Accessory Sale,Completed,115.55
2076,11,28,1925,1,2025-08-31,Bill Payment,Completed,30.0
2077,3,6,419,2,2025-03-07,Bill Payment,Voided,0.0
2078,18,49,1156,6,2025-01-19,Plan Change,Completed,8.31
2079,14,35,974,1,2025-11-17,Bill Payment,Completed,30.0
2080,9,21,746,3,2025-10-27,Bill Payment,Completed,45.0
2081,4,9,980,3,2025-03-13,Plan Change,Completed,4.78
2082,16,44,1788,,2025-08-01,Accessory Sale,Completed,114.33
2083,3,7,2383,4,2025-11-22,Bill Payment,Completed,55.0
2084,16,46,327,,2025-08-20,Accessory Sale,Completed,119.92
2085,1,1,2507,5,2025-08-02,Upgrade,Completed,90.97
2086,6,13,1891,1,2026-04-22,New Activation,Completed,44.09
2087,11,29,469,1,2026-04-04,Upgrade,Completed,88.62
2088,2,4,2233,4,2026-04-29,Bill Payment,Voided,0.0
2089,6,14,65,,2025-07-26,Accessory Sale,Refunded,-96.62
2090,12,32,1530,6,2025-12-09,Bill Payment,Completed,65.0
2091,17,47,779,5,2025-04-26,Bill Payment,Completed,60.0
2092,7,15,2498,,2025-05-13,Accessory Sale,Completed,145.14
2093,18,49,1398,3,2025-09-19,Bill Payment,Voided,0.0
2094,11,28,249,,2025-01-18,Accessory Sale,Completed,27.13
2095,14,37,266,3,2025-01-29,Upgrade,Completed,84.11
2096,4,,1033,,2025-03-09,Accessory Sale,Refunded,-74.88
2097,2,,2272,6,2025-09-24,New Activation,Refunded,-73.39
2098,7,16,590,1,2026-03-14,Bill Payment,Completed,30.0
2099,7,15,917,6,2025-09-16,Bill Payment,Completed,65.0
2100,13,33,1744,2,2026-04-22,New Activation,Voided,0.0
2101,1,,1852,6,2025-07-29,New Activation,Refunded,-74.3
2102,8,17,838,6,2026-05-13,Upgrade,Completed,110.08
2103,13,34,245,,2026-03-26,Accessory Sale,Completed,125.11
2104,9,21,2550,4,2025-04-18,Upgrade,Completed,131.83
2105,11,27,24,3,2025-02-15,New Activation,Refunded,-55.66
2106,9,23,1102,1,2025-11-05,Bill Payment,Completed,30.0
2107,18,50,984,5,2025-01-27,Bill Payment,Completed,60.0
2108,14,35,207,,2025-08-24,Accessory Sale,Voided,0.0
2109,17,48,2171,5,2026-01-15,Bill Payment,Completed,60.0
2110,16,46,359,3,2026-03-05,Bill Payment,Completed,45.0
2111,16,44,2279,6,2026-01-28,Bill Payment,Completed,65.0
2112,12,31,550,2,2025-02-09,Bill Payment,Completed,40.0
2113,6,14,18,6,2025-03-14,New Activation,Completed,76.35
2114,8,18,1498,3,2025-12-25,Bill Payment,Completed,45.0
2115,13,34,2581,2,2025-09-05,Bill Payment,Completed,40.0
2116,6,13,1634,2,2025-01-08,Bill Payment,Completed,40.0
2117,12,32,1245,4,2026-02-27,Upgrade,Completed,101.14
2118,7,16,1236,1,2025-02-25,Bill Payment,Completed,30.0
2119,1,1,1540,3,2026-01-03,Bill Payment,Refunded,-45.0
2120,12,31,1725,1,2026-01-16,Bill Payment,Completed,30.0
2121,1,,1063,3,2025-11-27,Bill Payment,Completed,45.0
2122,1,1,1726,6,2025-07-19,New Activation,Completed,72.01
2123,10,26,2541,,2025-10-03,Accessory Sale,Completed,51.22
2124,14,38,640,6,2025-07-17,Bill Payment,Voided,0.0
2125,3,7,2498,4,2025-10-10,Upgrade,Completed,105.87
2126,1,1,1658,2,2025-11-14,Bill Payment,Refunded,-40.0
2127,15,39,1246,1,2026-04-20,Bill Payment,Voided,0.0
2128,16,45,511,1,2025-11-01,Bill Payment,Completed,30.0
2129,9,23,1972,2,2025-04-26,Bill Payment,Completed,40.0
2130,16,45,205,3,2025-04-07,Bill Payment,Refunded,-45.0
2131,11,30,1989,,2025-04-03,Accessory Sale,Completed,29.43
2132,13,34,1312,5,2025-06-21,Bill Payment,Completed,60.0
2133,14,37,2259,,2025-12-28,Accessory Sale,Completed,129.77
2134,12,32,2015,3,2026-05-17,New Activation,Completed,51.58
2135,8,17,1175,6,2025-04-19,Bill Payment,Completed,65.0
2136,12,31,989,6,2025-09-17,Bill Payment,Completed,65.0
2137,16,43,709,4,2025-10-20,Bill Payment,Voided,0.0
2138,11,30,1711,,2026-03-11,Accessory Sale,Completed,110.0
2139,2,5,1667,4,2025-03-11,Bill Payment,Completed,55.0
2140,1,1,492,2,2025-05-17,Bill Payment,Completed,40.0
2141,15,40,749,2,2025-04-06,New Activation,Completed,54.01
2142,11,28,84,6,2025-03-01,Bill Payment,Completed,65.0
2143,8,19,1428,5,2026-06-27,Bill Payment,Completed,60.0
2144,3,7,2423,3,2025-10-21,Upgrade,Refunded,-108.29
2145,4,9,2538,5,2026-01-06,Plan Change,Completed,1.07
2146,16,43,305,,2026-05-30,Accessory Sale,Completed,77.88
2147,1,2,396,1,2026-05-26,Bill Payment,Refunded,-30.0
2148,12,32,2333,3,2026-03-30,Plan Change,Completed,2.77
2149,6,13,2173,5,2025-12-06,Bill Payment,Completed,60.0
2150,6,14,1255,5,2026-01-02,Bill Payment,Completed,60.0
2151,3,7,807,3,2025-02-06,New Activation,Completed,57.36
2152,3,8,2541,1,2025-02-15,New Activation,Completed,38.2
2153,2,3,956,,2026-03-18,Accessory Sale,Completed,62.3
2154,6,14,888,5,2026-04-03,Upgrade,Completed,84.1
2155,17,47,2544,5,2026-05-08,Bill Payment,Completed,60.0
2156,5,11,1761,5,2025-01-10,Bill Payment,Voided,0.0
2157,7,16,2189,4,2026-01-25,Bill Payment,Completed,55.0
2158,18,50,927,5,2025-11-21,Plan Change,Voided,0.0
2159,8,18,2237,6,2025-06-21,Bill Payment,Completed,65.0
2160,5,11,1803,6,2025-01-24,Bill Payment,Completed,65.0
2161,12,32,798,5,2025-11-17,Bill Payment,Completed,60.0
2162,15,39,556,1,2025-03-07,Bill Payment,Completed,30.0
2163,8,18,875,5,2025-11-04,Bill Payment,Voided,0.0
2164,16,43,2334,6,2026-06-04,Bill Payment,Voided,0.0
2165,12,31,2459,5,2026-05-06,New Activation,Completed,72.06
2166,5,11,951,,2026-01-05,Accessory Sale,Refunded,-22.89
2167,6,14,766,4,2025-12-20,Upgrade,Completed,75.51
2168,16,43,2523,4,2025-12-20,New Activation,Completed,60.47
2169,11,29,1763,,2025-07-20,Accessory Sale,Completed,25.59
2170,5,11,839,3,2025-02-19,Bill Payment,Refunded,-45.0
2171,12,32,1718,5,2026-05-28,New Activation,Completed,68.72
2172,5,12,2485,,2025-11-17,Accessory Sale,Completed,61.75
2173,4,9,1017,5,2025-03-02,Plan Change,Completed,2.09
2174,5,12,1827,3,2025-06-22,Bill Payment,Completed,45.0
2175,18,,1926,6,2025-09-20,Bill Payment,Completed,65.0
2176,12,31,511,1,2026-01-16,Upgrade,Completed,103.85
2177,2,5,1269,,2025-08-14,Accessory Sale,Completed,54.89
2178,8,17,648,6,2025-08-12,Upgrade,Completed,136.49
2179,15,42,825,,2025-08-25,Accessory Sale,Voided,0.0
2180,11,29,1311,5,2026-01-04,Upgrade,Completed,120.0
2181,11,27,1728,,2026-02-11,Accessory Sale,Completed,109.6
2182,8,17,2422,5,2026-06-04,Bill Payment,Completed,60.0
2183,13,33,257,5,2025-10-06,Bill Payment,Completed,60.0
2184,15,41,828,5,2026-01-29,Bill Payment,Refunded,-60.0
2185,18,50,1122,,2026-05-04,Accessory Sale,Completed,67.99
2186,4,10,995,4,2025-08-26,Bill Payment,Completed,55.0
2187,13,34,2552,4,2026-06-10,Bill Payment,Voided,0.0
2188,5,12,2596,,2026-03-25,Accessory Sale,Completed,65.62
2189,11,28,572,3,2025-12-16,New Activation,Completed,56.67
2190,11,30,1203,6,2026-02-01,Upgrade,Completed,130.09
2191,8,17,1519,5,2025-10-11,Bill Payment,Completed,60.0
2192,18,49,914,4,2025-06-30,Bill Payment,Refunded,-55.0
2193,14,36,1583,1,2025-04-14,New Activation,Refunded,-35.37
2194,5,11,902,3,2026-06-12,New Activation,Voided,0.0
2195,1,,2433,1,2025-09-16,Plan Change,Completed,3.7
2196,3,8,1837,6,2025-10-18,Bill Payment,Completed,65.0
2197,1,1,2258,,2025-03-31,Accessory Sale,Completed,129.42
2198,3,,564,6,2025-09-24,Bill Payment,Completed,65.0
2199,14,35,2385,3,2026-04-26,Bill Payment,Voided,0.0
2200,3,6,556,2,2026-03-28,Bill Payment,Completed,40.0
2201,3,6,1480,,2025-03-07,Accessory Sale,Voided,0.0
2202,13,33,415,2,2025-09-18,Bill Payment,Completed,40.0
2203,14,35,1735,1,2026-04-07,Upgrade,Completed,56.21
2204,18,49,1427,,2025-06-03,Accessory Sale,Voided,0.0
2205,9,,88,1,2026-04-05,New Activation,Refunded,-35.0
2206,16,43,775,1,2026-01-23,Bill Payment,Completed,30.0
2207,14,37,739,1,2025-11-16,Bill Payment,Completed,30.0
2208,7,16,162,2,2025-12-24,Bill Payment,Completed,40.0
2209,6,14,298,1,2025-08-08,Bill Payment,Completed,30.0
2210,5,11,2008,6,2025-04-25,Bill Payment,Completed,65.0
2211,6,13,2535,,2025-03-16,Accessory Sale,Completed,11.77
2212,7,15,1655,5,2026-03-26,Bill Payment,Completed,60.0
2213,8,19,2117,5,2026-03-16,Bill Payment,Refunded,-60.0
2214,8,17,230,5,2025-10-17,Bill Payment,Completed,60.0
2215,7,16,2084,,2025-08-11,Accessory Sale,Voided,0.0
2216,18,50,903,4,2025-12-25,Upgrade,Refunded,-75.98
2217,2,3,1023,4,2025-07-23,Bill Payment,Completed,55.0
2218,3,7,1623,1,2025-10-09,New Activation,Completed,35.67
2219,2,3,470,3,2025-12-27,New Activation,Refunded,-51.09
2220,2,5,2479,2,2026-05-27,Bill Payment,Completed,40.0
2221,15,39,2454,5,2025-03-18,Bill Payment,Completed,60.0
2222,4,10,1263,5,2025-12-19,Bill Payment,Voided,0.0
2223,14,37,747,3,2026-03-06,New Activation,Completed,57.92
2224,7,16,419,,2025-04-10,Accessory Sale,Completed,41.74
2225,10,25,2414,5,2026-01-18,Bill Payment,Refunded,-60.0
2226,12,32,1115,2,2026-06-02,Plan Change,Refunded,-7.8
2227,16,46,1938,6,2025-09-05,Bill Payment,Completed,65.0
2228,8,19,91,,2025-08-10,Accessory Sale,Refunded,-48.03
2229,3,7,963,,2025-08-11,Accessory Sale,Voided,0.0
2230,8,18,1231,2,2025-06-22,Bill Payment,Refunded,-40.0
2231,13,33,264,4,2025-07-18,Bill Payment,Completed,55.0
2232,2,4,966,6,2026-04-26,New Activation,Completed,78.46
2233,6,14,317,5,2026-01-16,Bill Payment,Completed,60.0
2234,8,19,1695,5,2025-02-07,Bill Payment,Refunded,-60.0
2235,2,5,604,2,2025-05-16,Bill Payment,Voided,0.0
2236,16,45,1754,,2025-06-29,Accessory Sale,Completed,120.11
2237,2,3,1241,,2025-05-11,Accessory Sale,Completed,142.38
2238,5,11,662,4,2025-11-05,Bill Payment,Completed,55.0
2239,4,10,865,6,2026-03-25,Bill Payment,Completed,65.0
2240,12,31,2321,4,2026-06-18,Bill Payment,Voided,0.0
2241,14,36,486,5,2025-07-10,Bill Payment,Completed,60.0
2242,2,4,2079,1,2025-12-22,Bill Payment,Refunded,-30.0
2243,1,1,1069,1,2026-03-20,Bill Payment,Voided,0.0
2244,6,13,1262,2,2025-08-21,Bill Payment,Voided,0.0
2245,10,26,835,1,2025-06-04,Bill Payment,Completed,30.0
2246,16,45,1889,6,2025-11-05,Bill Payment,Completed,65.0
2247,14,37,493,3,2025-11-18,Plan Change,Completed,3.99
2248,5,12,1473,4,2025-01-09,Bill Payment,Completed,55.0
2249,18,49,677,3,2025-11-25,Bill Payment,Completed,45.0
2250,3,7,2196,1,2026-06-16,Bill Payment,Voided,0.0
2251,17,48,576,2,2025-01-28,Bill Payment,Completed,40.0
2252,4,10,77,3,2026-04-01,Bill Payment,Completed,45.0
2253,5,12,738,6,2026-05-28,Bill Payment,Completed,65.0
2254,18,49,2087,,2025-03-09,Accessory Sale,Refunded,-86.17
2255,14,37,1918,1,2025-11-14,Bill Payment,Completed,30.0
2256,1,2,1955,2,2025-10-07,Bill Payment,Completed,40.0
2257,12,31,1518,3,2025-02-18,Bill Payment,Completed,45.0
2258,12,31,96,3,2025-10-28,Bill Payment,Completed,45.0
2259,1,1,682,4,2026-04-20,Bill Payment,Completed,55.0
2260,7,,1815,1,2025-11-02,New Activation,Completed,37.38
2261,3,7,362,,2025-02-07,Accessory Sale,Completed,16.11
2262,4,10,950,5,2025-03-11,New Activation,Completed,68.02
2263,8,18,2352,6,2025-01-22,Bill Payment,Refunded,-65.0
2264,9,21,1708,,2025-09-28,Accessory Sale,Voided,0.0
2265,8,19,495,1,2025-01-09,New Activation,Completed,40.92
2266,6,13,1862,6,2026-02-20,Bill Payment,Completed,65.0
2267,11,27,119,1,2025-01-14,Bill Payment,Completed,30.0
2268,11,27,1868,,2025-11-18,Accessory Sale,Completed,73.46
2269,14,38,298,,2026-06-07,Accessory Sale,Completed,52.61
2270,10,24,2584,4,2025-03-03,Bill Payment,Completed,55.0
2271,8,19,1691,3,2026-04-23,Bill Payment,Voided,0.0
2272,18,49,500,3,2025-01-19,Bill Payment,Completed,45.0
2273,8,19,1660,3,2025-11-14,Bill Payment,Voided,0.0
2274,13,33,1715,3,2025-08-05,Bill Payment,Refunded,-45.0
2275,7,16,2236,6,2025-08-08,Bill Payment,Completed,65.0
2276,14,38,912,1,2026-04-04,Bill Payment,Completed,30.0
2277,8,18,1913,3,2025-08-18,Bill Payment,Completed,45.0
2278,3,7,2150,3,2025-01-22,Bill Payment,Refunded,-45.0
2279,11,27,1389,4,2026-05-09,Bill Payment,Refunded,-55.0
2280,9,20,1749,3,2026-04-01,Upgrade,Completed,72.7
2281,5,11,2220,1,2025-01-15,Bill Payment,Completed,30.0
2282,16,46,1854,1,2025-04-18,Bill Payment,Completed,30.0
2283,15,42,349,3,2026-01-07,Bill Payment,Completed,45.0
2284,3,6,2540,1,2025-11-02,Bill Payment,Voided,0.0
2285,12,32,2038,2,2025-01-10,New Activation,Completed,48.5
2286,5,11,2294,3,2026-04-27,Bill Payment,Refunded,-45.0
2287,8,18,229,1,2025-04-10,Bill Payment,Completed,30.0
2288,16,46,1829,5,2025-04-03,Upgrade,Completed,116.56
2289,8,18,814,1,2025-10-20,Bill Payment,Completed,30.0
2290,18,50,165,1,2026-02-17,Plan Change,Completed,3.48
2291,1,2,35,,2025-12-23,Accessory Sale,Voided,0.0
2292,18,50,1866,4,2025-11-21,Plan Change,Completed,0.73
2293,16,45,1344,6,2025-11-30,Bill Payment,Completed,65.0
2294,14,36,1475,2,2025-10-29,Bill Payment,Completed,40.0
2295,6,13,492,1,2026-01-28,Bill Payment,Voided,0.0
2296,7,16,918,6,2025-12-26,New Activation,Completed,74.69
2297,8,17,2317,2,2026-05-04,Bill Payment,Completed,40.0
2298,13,33,1519,3,2026-06-02,Bill Payment,Voided,0.0
2299,11,30,2186,1,2025-02-12,Bill Payment,Completed,30.0
2300,15,40,257,,2026-03-22,Accessory Sale,Completed,106.8
2301,14,38,1370,5,2025-02-08,Bill Payment,Refunded,-60.0
2302,3,8,509,6,2026-02-25,New Activation,Completed,77.41
2303,8,18,1500,2,2025-10-03,Bill Payment,Completed,40.0
2304,3,6,1265,4,2025-02-10,Bill Payment,Refunded,-55.0
2305,2,3,284,,2025-02-10,Accessory Sale,Completed,42.2
2306,5,11,890,2,2025-02-15,Bill Payment,Completed,40.0
2307,14,38,785,6,2026-01-15,Bill Payment,Completed,65.0
2308,2,3,1916,5,2025-02-10,Bill Payment,Completed,60.0
2309,17,,1944,5,2026-05-30,Bill Payment,Completed,60.0
2310,11,30,92,2,2025-04-07,Plan Change,Refunded,-9.82
2311,1,1,308,1,2025-05-14,Bill Payment,Completed,30.0
2312,13,33,1701,6,2025-09-15,Bill Payment,Completed,65.0
2313,14,37,930,2,2026-01-16,Bill Payment,Completed,40.0
2314,2,5,2285,4,2025-08-13,New Activation,Completed,68.28
2315,5,12,907,5,2025-09-23,New Activation,Completed,70.51
2316,4,10,1915,6,2025-09-21,Bill Payment,Completed,65.0
2317,7,15,64,1,2025-10-25,Bill Payment,Completed,30.0
2318,12,32,2347,2,2026-02-10,Upgrade,Completed,66.58
2319,14,36,999,4,2025-07-07,Bill Payment,Voided,0.0
2320,4,9,2016,,2025-07-11,Accessory Sale,Voided,0.0
2321,18,50,984,6,2025-04-11,Bill Payment,Voided,0.0
2322,7,15,637,2,2025-03-29,New Activation,Completed,45.07
2323,5,12,2403,1,2025-02-24,Bill Payment,Completed,30.0
2324,14,35,2059,3,2026-06-01,New Activation,Completed,52.68
2325,6,13,1111,3,2025-03-07,Bill Payment,Voided,0.0
2326,6,14,1592,3,2026-06-03,Bill Payment,Refunded,-45.0
2327,5,12,36,4,2025-08-26,Upgrade,Refunded,-109.52
2328,5,,1423,2,2025-05-19,Upgrade,Completed,92.38
2329,16,44,2154,,2025-08-06,Accessory Sale,Completed,55.49
2330,1,2,381,2,2025-02-22,Bill Payment,Refunded,-40.0
2331,15,42,1025,5,2025-01-24,Bill Payment,Completed,60.0
2332,5,12,1496,6,2025-11-02,Bill Payment,Completed,65.0
2333,6,13,2379,1,2025-07-27,Bill Payment,Completed,30.0
2334,11,28,781,6,2025-07-12,Bill Payment,Completed,65.0
2335,1,2,1504,1,2025-10-23,Bill Payment,Completed,30.0
2336,6,14,1844,3,2026-02-15,Bill Payment,Completed,45.0
2337,12,32,814,5,2025-02-23,Bill Payment,Completed,60.0
2338,14,37,1044,,2025-11-07,Accessory Sale,Completed,147.14
2339,9,21,2377,6,2025-07-06,Bill Payment,Completed,65.0
2340,12,31,2079,5,2026-01-04,Bill Payment,Completed,60.0
2341,11,30,1098,3,2025-11-17,Upgrade,Completed,79.07
2342,13,34,227,3,2025-03-04,Bill Payment,Completed,45.0
2343,13,34,1299,1,2025-06-18,Bill Payment,Completed,30.0
2344,6,14,1154,,2025-04-19,Accessory Sale,Completed,60.35
2345,8,17,910,6,2025-03-01,Bill Payment,Refunded,-65.0
2346,6,13,1418,3,2025-04-25,Bill Payment,Completed,45.0
2347,5,11,2225,3,2025-10-12,Bill Payment,Completed,45.0
2348,10,25,1861,3,2026-05-19,New Activation,Completed,55.41
2349,1,2,2290,5,2025-06-12,Bill Payment,Completed,60.0
2350,2,5,1422,,2026-04-11,Accessory Sale,Voided,0.0
2351,7,16,820,4,2025-01-30,Bill Payment,Completed,55.0
2352,6,13,381,2,2025-05-12,Bill Payment,Completed,40.0
2353,7,15,1807,5,2025-12-21,Plan Change,Completed,5.65
2354,11,30,2412,,2026-01-21,Accessory Sale,Voided,0.0
2355,13,34,1004,5,2026-02-02,Plan Change,Refunded,-8.63
2356,14,36,2544,6,2026-02-17,Bill Payment,Completed,65.0
2357,8,19,919,6,2025-12-12,New Activation,Completed,74.75
2358,7,15,2047,5,2025-03-22,Bill Payment,Voided,0.0
2359,12,31,1105,2,2025-06-01,Plan Change,Completed,4.21
2360,7,16,2420,5,2026-06-19,Bill Payment,Voided,0.0
2361,9,20,1092,3,2025-10-08,Bill Payment,Completed,45.0
2362,2,5,882,5,2025-08-18,Plan Change,Completed,9.69
2363,3,7,1140,3,2026-02-19,Upgrade,Refunded,-81.49
2364,18,49,177,5,2025-05-31,Bill Payment,Completed,60.0
2365,1,2,493,6,2026-02-19,Bill Payment,Completed,65.0
2366,8,18,2542,6,2025-06-12,Bill Payment,Completed,65.0
2367,9,22,2155,5,2026-04-28,Upgrade,Voided,0.0
2368,18,49,2139,4,2025-06-16,Bill Payment,Completed,55.0
2369,5,12,1439,6,2025-01-28,New Activation,Completed,76.78
2370,5,11,58,4,2025-09-04,Bill Payment,Completed,55.0
2371,12,31,2146,4,2026-06-25,Bill Payment,Refunded,-55.0
2372,13,33,2222,4,2025-08-22,Bill Payment,Completed,55.0
2373,1,2,1195,4,2026-06-16,Bill Payment,Voided,0.0
2374,16,43,1165,6,2026-03-15,New Activation,Completed,76.13
2375,16,46,303,3,2026-02-04,New Activation,Completed,52.99
2376,12,31,1324,,2025-01-26,Accessory Sale,Voided,0.0
2377,8,,883,6,2025-08-22,Bill Payment,Completed,65.0
2378,1,2,23,3,2026-03-29,Bill Payment,Completed,45.0
2379,10,25,2423,,2025-04-13,Accessory Sale,Completed,15.86
2380,17,48,2465,6,2026-01-30,New Activation,Completed,74.51
2381,5,11,358,4,2026-06-16,New Activation,Completed,68.27
2382,16,44,1457,3,2026-03-16,Bill Payment,Completed,45.0
2383,9,22,876,6,2025-03-21,Bill Payment,Completed,65.0
2384,10,24,2490,6,2025-11-18,Bill Payment,Completed,65.0
2385,11,,2182,2,2025-09-23,New Activation,Refunded,-52.05
2386,2,,2201,3,2025-08-13,Plan Change,Voided,0.0
2387,6,13,671,4,2025-03-07,Bill Payment,Completed,55.0
2388,8,18,13,2,2026-01-12,Bill Payment,Completed,40.0
2389,6,13,2458,1,2026-02-01,Bill Payment,Completed,30.0
2390,11,30,28,1,2025-11-27,New Activation,Completed,38.66
2391,12,31,345,2,2025-08-25,Plan Change,Refunded,-4.64
2392,6,,259,1,2026-04-24,Bill Payment,Completed,30.0
2393,8,17,2008,1,2025-02-20,Bill Payment,Voided,0.0
2394,17,48,191,1,2026-04-28,New Activation,Completed,41.48
2395,13,33,536,,2026-05-14,Accessory Sale,Completed,26.02
2396,2,4,559,4,2025-02-23,Bill Payment,Completed,55.0
2397,15,40,1627,6,2025-07-16,Bill Payment,Voided,0.0
2398,11,29,2085,3,2025-11-13,Bill Payment,Completed,45.0
2399,4,9,271,1,2025-04-25,Bill Payment,Completed,30.0
2400,3,6,776,2,2026-06-24,Bill Payment,Completed,40.0
2401,16,45,2501,3,2025-03-09,Bill Payment,Completed,45.0
2402,14,37,694,6,2026-01-05,Bill Payment,Completed,65.0
2403,17,48,2248,,2026-06-06,Accessory Sale,Refunded,-51.93
2404,1,1,2367,3,2025-01-27,Bill Payment,Completed,45.0
2405,2,4,2293,,2026-01-25,Accessory Sale,Completed,28.75
2406,1,1,325,3,2025-01-06,Bill Payment,Completed,45.0
2407,13,33,1892,,2025-11-04,Accessory Sale,Completed,135.01
2408,18,50,900,1,2026-03-11,Bill Payment,Voided,0.0
2409,6,13,1616,2,2026-03-06,Bill Payment,Completed,40.0
2410,8,19,700,2,2025-08-30,Bill Payment,Completed,40.0
2411,3,7,743,5,2025-01-20,Bill Payment,Completed,60.0
2412,12,31,1559,6,2025-05-29,Upgrade,Completed,116.24
2413,4,9,1877,,2025-05-09,Accessory Sale,Completed,15.22
2414,1,,2271,,2025-10-07,Accessory Sale,Completed,26.21
2415,1,1,2304,1,2025-03-09,Bill Payment,Completed,30.0
2416,16,43,855,1,2025-01-09,Bill Payment,Voided,0.0
2417,4,10,2395,,2025-04-25,Accessory Sale,Refunded,-121.31
2418,2,5,1373,4,2026-06-06,Bill Payment,Completed,55.0
2419,14,,205,5,2025-10-18,New Activation,Completed,69.64
2420,2,3,1416,1,2025-10-08,Bill Payment,Completed,30.0
2421,14,36,2227,1,2025-10-07,Plan Change,Completed,1.86
2422,17,47,636,,2025-02-14,Accessory Sale,Completed,81.99
2423,6,13,1634,3,2025-01-02,Bill Payment,Completed,45.0
2424,13,34,1336,2,2025-12-22,Bill Payment,Completed,40.0
2425,3,8,2108,3,2025-07-02,Bill Payment,Completed,45.0
2426,12,31,2334,2,2025-12-12,Bill Payment,Completed,40.0
2427,15,39,2126,,2026-06-16,Accessory Sale,Completed,121.82
2428,5,12,969,6,2025-12-23,Bill Payment,Completed,65.0
2429,17,47,789,1,2025-10-22,Bill Payment,Completed,30.0
2430,6,14,2182,2,2026-04-24,Bill Payment,Completed,40.0
2431,8,18,2403,4,2026-01-19,New Activation,Completed,61.36
2432,3,6,890,1,2025-03-08,Bill Payment,Completed,30.0
2433,12,31,911,4,2025-04-30,Bill Payment,Completed,55.0
2434,3,6,1203,5,2026-02-15,Bill Payment,Completed,60.0
2435,8,19,1091,5,2025-11-29,Bill Payment,Completed,60.0
2436,8,17,1179,6,2025-05-17,Bill Payment,Completed,65.0
2437,5,11,1985,4,2025-01-05,Bill Payment,Completed,55.0
2438,15,39,880,3,2025-03-09,Bill Payment,Completed,45.0
2439,8,19,1999,1,2025-11-09,Bill Payment,Completed,30.0
2440,11,30,1233,6,2026-04-02,New Activation,Completed,78.19
2441,14,36,1309,5,2025-01-28,Bill Payment,Completed,60.0
2442,12,31,1531,2,2025-06-21,Bill Payment,Completed,40.0
2443,18,50,1938,1,2025-07-09,Bill Payment,Completed,30.0
2444,2,,2484,6,2026-03-29,New Activation,Refunded,-74.32
2445,11,28,1046,3,2025-12-16,Bill Payment,Completed,45.0
2446,3,8,304,6,2025-06-18,Bill Payment,Completed,65.0
2447,14,37,1847,1,2026-05-24,Bill Payment,Completed,30.0
2448,14,35,1348,6,2026-03-21,Bill Payment,Completed,65.0
2449,18,49,1270,1,2026-05-04,Bill Payment,Completed,30.0
2450,8,17,98,1,2025-01-30,Bill Payment,Voided,0.0
2451,6,13,1811,5,2025-03-16,New Activation,Completed,70.89
2452,12,31,945,2,2025-10-30,New Activation,Refunded,-54.0
2453,5,11,2500,1,2026-02-23,New Activation,Completed,41.31
2454,12,32,1741,5,2026-03-07,Bill Payment,Completed,60.0
2455,13,33,2018,6,2026-06-23,Bill Payment,Completed,65.0
2456,3,7,2599,2,2026-05-05,Bill Payment,Completed,40.0
2457,2,3,2478,3,2026-01-16,New Activation,Completed,53.13
2458,14,36,845,5,2026-05-29,Bill Payment,Completed,60.0
2459,13,34,19,6,2025-02-06,Bill Payment,Completed,65.0
2460,8,19,2005,4,2025-04-06,Bill Payment,Completed,55.0
2461,3,8,2304,1,2025-11-23,Bill Payment,Completed,30.0
2462,8,18,996,3,2026-01-12,Bill Payment,Refunded,-45.0
2463,15,40,2399,,2025-10-03,Accessory Sale,Completed,137.32
2464,5,12,618,4,2026-03-17,Bill Payment,Completed,55.0
2465,11,28,752,,2025-10-02,Accessory Sale,Completed,59.09
2466,13,34,421,,2026-02-14,Accessory Sale,Completed,75.42
2467,18,50,963,3,2025-12-29,Bill Payment,Refunded,-45.0
2468,12,32,1976,4,2025-12-25,Bill Payment,Completed,55.0
2469,8,18,1023,,2025-04-13,Accessory Sale,Completed,22.97
2470,16,,2553,2,2025-07-11,Bill Payment,Completed,40.0
2471,4,10,2138,5,2025-11-28,Plan Change,Completed,7.38
2472,16,43,1576,3,2025-09-20,Bill Payment,Completed,45.0
2473,3,7,2123,6,2026-01-24,Upgrade,Voided,0.0
2474,16,43,934,3,2025-11-21,New Activation,Completed,59.75
2475,12,31,552,2,2026-06-02,New Activation,Completed,45.15
2476,8,18,480,6,2025-08-14,Bill Payment,Completed,65.0
2477,1,1,236,3,2025-04-16,Upgrade,Completed,85.22
2478,13,33,972,6,2025-10-11,Bill Payment,Completed,65.0
2479,1,2,367,3,2025-01-29,New Activation,Completed,56.1
2480,14,38,632,3,2026-01-15,Bill Payment,Completed,45.0
2481,14,38,652,1,2025-03-24,Upgrade,Refunded,-95.3
2482,5,11,2465,4,2025-10-06,Bill Payment,Completed,55.0
2483,5,11,1743,2,2025-02-24,Upgrade,Completed,69.13
2484,1,1,1332,,2025-08-16,Accessory Sale,Completed,58.96
2485,2,3,1461,6,2025-05-29,Upgrade,Completed,133.45
2486,13,33,862,4,2025-05-04,Bill Payment,Completed,55.0
2487,5,12,426,6,2026-05-02,New Activation,Completed,70.7
2488,9,23,401,4,2025-02-24,New Activation,Completed,61.94
2489,2,5,778,1,2026-06-16,Bill Payment,Completed,30.0
2490,2,4,1768,5,2025-06-03,Bill Payment,Completed,60.0
2491,7,16,1636,1,2026-05-10,Bill Payment,Completed,30.0
2492,3,8,1983,4,2026-04-29,Upgrade,Refunded,-87.18
2493,8,19,1677,4,2025-11-08,Bill Payment,Completed,55.0
2494,13,34,1791,2,2025-11-27,Upgrade,Completed,106.07
2495,11,29,1934,3,2025-06-23,Bill Payment,Completed,45.0
2496,7,15,226,3,2025-05-26,Bill Payment,Completed,45.0
2497,6,14,1491,,2026-03-20,Accessory Sale,Completed,29.09
2498,12,32,1069,2,2026-06-01,Upgrade,Completed,96.02
2499,1,1,1729,,2026-05-09,Accessory Sale,Completed,10.66
2500,7,15,1328,,2025-12-13,Accessory Sale,Completed,117.19
2501,14,37,880,5,2026-05-04,Bill Payment,Refunded,-60.0
2502,8,17,1880,4,2025-10-10,New Activation,Refunded,-60.62
2503,18,50,2106,3,2026-03-05,Upgrade,Completed,95.4
2504,5,12,1746,5,2026-04-21,Bill Payment,Completed,60.0
2505,10,26,903,5,2026-06-03,Bill Payment,Refunded,-60.0
2506,14,38,366,2,2026-05-20,Bill Payment,Completed,40.0
2507,6,14,133,3,2025-03-20,Bill Payment,Completed,45.0
2508,4,10,170,,2025-05-21,Accessory Sale,Completed,37.69
2509,1,2,1465,5,2025-03-07,Bill Payment,Voided,0.0
2510,13,33,424,5,2025-11-23,Bill Payment,Completed,60.0
2511,8,19,1785,,2026-02-24,Accessory Sale,Completed,65.84
2512,3,6,2549,6,2025-09-24,Bill Payment,Completed,65.0
2513,10,25,1714,5,2025-05-30,Bill Payment,Completed,60.0
2514,13,33,1186,1,2025-05-17,Upgrade,Completed,53.68
2515,6,,68,,2025-07-09,Accessory Sale,Completed,121.48
2516,16,46,1999,,2025-04-09,Accessory Sale,Completed,89.1
2517,1,1,807,6,2025-03-23,Bill Payment,Completed,65.0
2518,11,29,893,1,2025-02-05,Upgrade,Refunded,-102.87
2519,11,27,837,,2025-02-02,Accessory Sale,Completed,116.54
2520,6,14,1572,4,2025-09-19,Bill Payment,Completed,55.0
2521,17,48,1311,3,2026-01-13,Bill Payment,Refunded,-45.0
2522,16,45,375,3,2025-09-26,Bill Payment,Voided,0.0
2523,7,15,1293,,2025-10-12,Accessory Sale,Completed,23.31
2524,3,7,1258,1,2025-06-10,Plan Change,Completed,2.51
2525,1,1,1453,6,2026-04-01,Bill Payment,Completed,65.0
2526,11,27,302,,2025-12-29,Accessory Sale,Completed,127.91
2527,1,,568,4,2026-01-21,Bill Payment,Completed,55.0
2528,6,14,1638,,2025-08-10,Accessory Sale,Refunded,-95.31
2529,8,17,1895,2,2025-02-25,Bill Payment,Completed,40.0
2530,14,35,269,3,2026-05-04,Bill Payment,Completed,45.0
2531,12,32,146,2,2025-09-29,Upgrade,Completed,105.0
2532,3,8,1484,,2025-08-25,Accessory Sale,Completed,97.81
2533,8,17,1678,6,2026-04-08,Upgrade,Completed,110.77
2534,4,10,767,5,2025-09-19,Bill Payment,Completed,60.0
2535,5,11,930,,2025-11-17,Accessory Sale,Refunded,-51.05
2536,4,9,2570,6,2025-01-04,New Activation,Completed,79.66
2537,2,5,162,1,2025-12-23,Bill Payment,Completed,30.0
2538,1,2,1315,1,2025-08-28,New Activation,Voided,0.0
2539,9,20,454,3,2025-06-18,Bill Payment,Completed,45.0
2540,16,46,1580,1,2025-04-02,Bill Payment,Completed,30.0
2541,1,1,100,2,2025-10-07,Bill Payment,Completed,40.0
2542,14,36,2165,3,2025-12-28,Bill Payment,Completed,45.0
2543,18,50,2301,6,2025-10-28,Bill Payment,Voided,0.0
2544,15,39,631,2,2025-05-31,Bill Payment,Completed,40.0
2545,8,17,1282,6,2025-12-01,New Activation,Completed,79.29
2546,3,8,1759,5,2026-03-25,New Activation,Completed,72.61
2547,5,11,290,5,2025-03-16,Bill Payment,Completed,60.0
2548,10,25,809,2,2026-06-03,New Activation,Completed,46.58
2549,6,13,2525,3,2025-04-09,Bill Payment,Completed,45.0
2550,16,43,2309,6,2025-01-08,Bill Payment,Completed,65.0
2551,6,13,801,4,2025-06-09,Upgrade,Completed,121.2
2552,18,49,2399,4,2026-01-13,Bill Payment,Completed,55.0
2553,8,19,2271,2,2025-12-07,Upgrade,Refunded,-72.58
2554,13,33,836,6,2025-05-02,Bill Payment,Voided,0.0
2555,2,5,1680,2,2025-07-28,Bill Payment,Completed,40.0
2556,13,34,2420,2,2025-03-29,New Activation,Completed,53.6
2557,14,35,309,1,2026-02-21,Bill Payment,Completed,30.0
2558,7,16,2320,4,2025-10-17,Bill Payment,Completed,55.0
2559,16,45,86,3,2025-03-30,Bill Payment,Voided,0.0
2560,18,49,668,,2025-08-30,Accessory Sale,Voided,0.0
2561,16,46,608,5,2025-10-07,Bill Payment,Completed,60.0
2562,17,48,1,,2026-06-07,Accessory Sale,Completed,91.69
2563,2,,2473,1,2026-01-15,Bill Payment,Completed,30.0
2564,5,12,25,3,2025-04-03,Bill Payment,Refunded,-45.0
2565,13,,748,6,2025-09-02,Bill Payment,Completed,65.0
2566,11,30,78,5,2026-02-19,New Activation,Refunded,-73.88
2567,12,,2388,6,2025-09-30,Bill Payment,Completed,65.0
2568,18,50,2474,1,2025-06-20,Bill Payment,Voided,0.0
2569,16,45,2310,6,2025-03-04,Bill Payment,Completed,65.0
2570,3,8,2584,5,2025-10-01,Bill Payment,Voided,0.0
2571,13,34,2451,3,2025-08-24,Bill Payment,Completed,45.0
2572,12,31,1585,6,2025-10-06,Bill Payment,Completed,65.0
2573,9,22,2245,1,2025-06-08,Bill Payment,Completed,30.0
2574,5,11,806,4,2025-01-27,Plan Change,Completed,8.57
2575,16,46,223,4,2025-07-17,Upgrade,Completed,105.81
2576,2,3,395,3,2025-05-27,Bill Payment,Completed,45.0
2577,12,31,241,3,2025-05-10,Bill Payment,Completed,45.0
2578,1,2,2117,6,2025-04-02,Upgrade,Completed,112.16
2579,2,4,2511,1,2025-12-06,Bill Payment,Completed,30.0
2580,2,4,1566,1,2025-03-10,Upgrade,Completed,79.98
2581,4,10,2221,2,2025-10-06,Plan Change,Completed,3.76
2582,12,31,1412,4,2026-01-19,New Activation,Completed,66.99
2583,1,2,1882,,2025-03-21,Accessory Sale,Completed,147.89
2584,4,10,921,5,2026-01-18,Bill Payment,Completed,60.0
2585,12,31,186,5,2025-12-26,Bill Payment,Voided,0.0
2586,11,27,97,5,2026-01-08,Bill Payment,Completed,60.0
2587,1,1,1817,,2025-01-14,Accessory Sale,Completed,47.96
2588,4,10,1022,2,2026-01-14,Bill Payment,Completed,40.0
2589,11,28,1806,5,2026-06-17,Bill Payment,Refunded,-60.0
2590,11,29,2095,,2026-02-25,Accessory Sale,Completed,33.05
2591,15,41,1359,5,2025-12-10,Bill Payment,Completed,60.0
2592,3,7,2026,2,2025-05-27,Bill Payment,Completed,40.0
2593,11,27,1544,5,2026-01-24,Bill Payment,Completed,60.0
2594,11,27,1754,1,2025-05-02,Bill Payment,Completed,30.0
2595,11,28,1577,6,2026-06-12,Bill Payment,Completed,65.0
2596,7,16,190,4,2025-10-26,Bill Payment,Completed,55.0
2597,7,16,937,2,2025-05-23,Bill Payment,Voided,0.0
2598,8,17,2115,4,2025-03-24,Bill Payment,Voided,0.0
2599,8,18,642,3,2026-01-09,Upgrade,Completed,117.97
2600,15,41,1494,,2025-02-27,Accessory Sale,Completed,50.56
2601,11,28,1721,4,2026-04-20,Bill Payment,Completed,55.0
2602,16,46,2390,6,2026-06-20,New Activation,Refunded,-71.28
2603,15,40,749,5,2026-05-22,New Activation,Completed,67.19
2604,14,36,1109,3,2026-01-19,Bill Payment,Completed,45.0
2605,16,43,1092,2,2026-06-20,Plan Change,Completed,4.67
2606,12,32,681,,2025-04-13,Accessory Sale,Completed,104.0
2607,18,50,2562,6,2025-05-02,Bill Payment,Completed,65.0
2608,11,29,1046,,2026-06-17,Accessory Sale,Completed,86.8
2609,14,38,1113,6,2025-12-19,Bill Payment,Completed,65.0
2610,13,33,1655,,2026-02-22,Accessory Sale,Completed,37.03
2611,3,8,1182,1,2025-03-17,Upgrade,Completed,90.44
2612,17,47,444,1,2026-02-06,Bill Payment,Voided,0.0
2613,3,7,1232,4,2025-12-16,Bill Payment,Completed,55.0
2614,8,17,2312,2,2026-03-05,New Activation,Completed,54.88
2615,4,9,115,1,2025-10-25,Bill Payment,Completed,30.0
2616,3,6,2399,,2026-01-16,Accessory Sale,Completed,55.17
2617,5,12,2115,1,2025-04-03,New Activation,Completed,43.12
2618,12,31,1097,6,2026-01-13,New Activation,Completed,73.42
2619,10,,279,6,2025-10-26,Bill Payment,Completed,65.0
2620,14,37,2016,2,2026-05-18,New Activation,Completed,48.39
2621,6,14,742,4,2025-02-26,New Activation,Completed,60.76
2622,18,50,1811,2,2025-01-04,Bill Payment,Completed,40.0
2623,4,10,191,6,2026-06-22,Upgrade,Completed,124.32
2624,16,46,473,5,2025-03-08,Upgrade,Completed,116.69
2625,7,16,2268,,2025-04-09,Accessory Sale,Completed,32.81
2626,5,11,2399,4,2025-01-02,Bill Payment,Completed,55.0
2627,14,38,2212,2,2025-08-11,Bill Payment,Completed,40.0
2628,16,43,1784,4,2025-01-24,Bill Payment,Completed,55.0
2629,4,10,1385,,2025-01-07,Accessory Sale,Completed,107.28
2630,2,4,1685,,2025-09-23,Accessory Sale,Refunded,-148.57
2631,3,7,1453,5,2025-11-07,Bill Payment,Completed,60.0
2632,8,17,1766,1,2025-08-18,Bill Payment,Completed,30.0
2633,8,19,1877,,2025-10-08,Accessory Sale,Completed,24.18
2634,8,19,866,4,2026-03-12,New Activation,Completed,66.66
2635,11,28,1614,3,2025-06-18,Bill Payment,Completed,45.0
2636,3,7,2477,5,2025-11-01,Bill Payment,Completed,60.0
2637,3,7,1485,4,2025-11-04,Plan Change,Refunded,-1.72
2638,4,10,2013,5,2025-01-25,Bill Payment,Completed,60.0
2639,17,47,1409,6,2026-04-26,Bill Payment,Completed,65.0
2640,16,44,1728,3,2026-05-11,Upgrade,Completed,115.61
2641,7,15,1211,2,2025-11-24,Bill Payment,Completed,40.0
2642,7,15,1426,4,2026-02-28,Bill Payment,Completed,55.0
2643,3,7,481,5,2025-09-19,Plan Change,Completed,9.34
2644,5,11,1559,,2026-05-27,Accessory Sale,Voided,0.0
2645,2,3,1586,6,2025-02-26,Bill Payment,Completed,65.0
2646,9,20,585,5,2025-06-08,Bill Payment,Completed,60.0
2647,7,16,2011,6,2025-06-01,Bill Payment,Voided,0.0
2648,8,17,184,2,2026-05-09,Upgrade,Completed,98.62
2649,18,50,2026,1,2025-08-13,Bill Payment,Completed,30.0
2650,14,38,916,3,2025-01-31,Bill Payment,Completed,45.0
2651,14,36,503,6,2026-06-19,Bill Payment,Completed,65.0
2652,2,3,831,,2026-02-14,Accessory Sale,Completed,94.93
2653,5,11,185,1,2026-01-02,Bill Payment,Completed,30.0
2654,12,31,715,3,2025-12-27,Bill Payment,Completed,45.0
2655,17,47,2400,4,2026-05-13,Bill Payment,Voided,0.0
2656,8,18,2098,3,2025-11-27,Bill Payment,Completed,45.0
2657,8,19,87,6,2025-12-13,Upgrade,Completed,124.37
2658,1,,1095,,2026-01-05,Accessory Sale,Completed,111.41
2659,7,16,487,6,2025-02-03,Bill Payment,Completed,65.0
2660,5,12,661,4,2025-12-05,Bill Payment,Completed,55.0
2661,17,48,463,6,2025-03-14,Bill Payment,Completed,65.0
2662,11,27,2269,1,2026-06-21,Bill Payment,Completed,30.0
2663,14,36,1168,4,2025-11-06,Bill Payment,Completed,55.0
2664,4,10,1016,2,2025-10-19,Plan Change,Completed,0.07
2665,3,6,1952,,2025-10-18,Accessory Sale,Completed,140.63
2666,12,32,1633,6,2025-07-30,Plan Change,Completed,1.17
2667,14,35,1586,6,2026-02-04,Bill Payment,Completed,65.0
2668,2,5,2265,2,2025-05-21,Plan Change,Completed,0.36
2669,4,9,1319,6,2026-04-21,Bill Payment,Completed,65.0
2670,10,,963,3,2025-06-13,Bill Payment,Completed,45.0
2671,5,11,1384,4,2026-02-27,Bill Payment,Completed,55.0
2672,11,30,482,6,2026-04-23,Bill Payment,Completed,65.0
2673,5,12,1137,1,2025-11-10,New Activation,Completed,43.9
2674,12,31,163,5,2025-02-09,New Activation,Completed,72.54
2675,7,16,625,4,2025-11-19,Bill Payment,Completed,55.0
2676,12,32,1335,3,2025-03-28,Bill Payment,Completed,45.0
2677,6,14,62,3,2026-02-24,Bill Payment,Completed,45.0
2678,12,31,255,3,2025-09-28,Bill Payment,Refunded,-45.0
2679,12,32,1873,3,2025-04-10,Bill Payment,Completed,45.0
2680,2,3,552,4,2026-02-09,Bill Payment,Completed,55.0
2681,8,18,2145,6,2025-03-10,Bill Payment,Completed,65.0
2682,17,48,1884,6,2025-09-22,Bill Payment,Completed,65.0
2683,8,18,216,3,2026-02-20,Upgrade,Voided,0.0
2684,8,18,2162,5,2025-12-02,Bill Payment,Completed,60.0
2685,18,49,1080,5,2025-08-21,Bill Payment,Completed,60.0
2686,4,10,1677,2,2025-09-20,Bill Payment,Completed,40.0
2687,5,12,1525,4,2025-08-08,New Activation,Voided,0.0
2688,14,36,1249,5,2025-12-16,New Activation,Completed,66.59
2689,11,27,2140,5,2025-12-19,New Activation,Refunded,-73.8
2690,17,48,1930,2,2026-02-08,Bill Payment,Voided,0.0
2691,6,13,198,,2025-02-04,Accessory Sale,Voided,0.0
2692,9,20,168,,2026-04-18,Accessory Sale,Refunded,-81.04
2693,18,50,2547,6,2026-06-20,Bill Payment,Voided,0.0
2694,2,4,1714,,2025-11-06,Accessory Sale,Completed,138.88
2695,1,1,145,4,2025-11-02,Plan Change,Completed,2.03
2696,6,14,1546,2,2026-02-13,Bill Payment,Completed,40.0
2697,10,26,96,2,2026-03-01,Bill Payment,Voided,0.0
2698,14,35,1217,3,2026-02-18,Bill Payment,Completed,45.0
2699,9,20,837,,2025-07-15,Accessory Sale,Completed,92.96
2700,3,8,127,5,2026-05-07,Upgrade,Completed,126.08
2701,14,38,1868,1,2026-01-29,Plan Change,Completed,3.89
2702,12,31,1654,6,2025-08-19,Bill Payment,Completed,65.0
2703,11,,1856,3,2025-07-23,Bill Payment,Voided,0.0
2704,2,5,1569,,2026-06-19,Accessory Sale,Completed,92.89
2705,7,16,1555,1,2025-09-12,Bill Payment,Completed,30.0
2706,16,44,2195,5,2025-11-13,Bill Payment,Completed,60.0
2707,9,23,1058,3,2025-06-08,Plan Change,Completed,4.7
2708,9,22,1226,,2026-03-26,Accessory Sale,Completed,91.44
2709,4,9,2083,1,2025-04-07,Bill Payment,Refunded,-30.0
2710,15,40,2414,5,2025-09-27,Bill Payment,Completed,60.0
2711,12,32,2344,5,2026-05-04,Bill Payment,Completed,60.0
2712,7,15,471,2,2026-03-18,Bill Payment,Completed,40.0
2713,9,23,1896,,2025-08-09,Accessory Sale,Completed,54.76
2714,11,30,1048,1,2025-01-26,Bill Payment,Completed,30.0
2715,2,,2280,2,2025-09-15,Bill Payment,Completed,40.0
2716,12,32,1009,3,2025-01-26,Plan Change,Completed,0.48
2717,11,30,240,4,2025-04-27,Bill Payment,Completed,55.0
2718,5,12,792,6,2025-12-23,Bill Payment,Completed,65.0
2719,2,3,2222,3,2026-03-06,Bill Payment,Completed,45.0
2720,12,32,1015,1,2025-01-27,Upgrade,Completed,91.02
2721,2,4,2580,5,2025-05-26,Bill Payment,Completed,60.0
2722,16,44,1777,6,2025-12-26,Bill Payment,Completed,65.0
2723,7,16,2129,,2026-02-18,Accessory Sale,Completed,110.56
2724,9,22,862,,2026-01-31,Accessory Sale,Completed,105.92
2725,14,38,355,6,2025-02-10,Bill Payment,Completed,65.0
2726,14,37,1577,,2025-09-10,Accessory Sale,Completed,143.23
2727,16,45,2384,5,2026-01-07,Bill Payment,Completed,60.0
2728,12,31,2137,5,2026-04-13,Bill Payment,Completed,60.0
2729,18,49,1092,3,2025-06-11,Bill Payment,Completed,45.0
2730,7,16,302,5,2026-04-20,Upgrade,Completed,129.0
2731,8,18,1659,2,2025-05-31,Bill Payment,Refunded,-40.0
2732,6,13,2090,4,2026-06-04,Bill Payment,Refunded,-55.0
2733,17,47,1753,2,2025-07-15,Bill Payment,Completed,40.0
2734,14,38,259,,2025-06-11,Accessory Sale,Completed,43.77
2735,13,33,2466,4,2026-03-09,Plan Change,Completed,2.39
2736,6,14,1107,4,2025-08-30,Bill Payment,Completed,55.0
2737,12,31,583,2,2026-06-07,Bill Payment,Completed,40.0
2738,14,37,1865,4,2025-02-25,Upgrade,Completed,123.28
2739,16,46,2560,,2025-06-07,Accessory Sale,Completed,47.75
2740,8,19,1716,1,2025-07-29,Plan Change,Completed,5.04
2741,14,37,694,3,2025-12-07,Bill Payment,Completed,45.0
2742,13,33,1447,4,2026-01-19,Bill Payment,Completed,55.0
2743,7,15,1651,1,2026-05-03,New Activation,Completed,41.27
2744,13,33,2223,4,2025-01-16,Bill Payment,Refunded,-55.0
2745,3,6,592,6,2025-05-21,Plan Change,Completed,0.08
2746,4,9,682,,2025-06-20,Accessory Sale,Completed,62.86
2747,7,16,1121,,2025-12-26,Accessory Sale,Voided,0.0
2748,8,17,2315,,2026-05-30,Accessory Sale,Voided,0.0
2749,1,2,2344,4,2025-09-17,Bill Payment,Refunded,-55.0
2750,11,30,51,5,2025-01-22,Upgrade,Completed,121.87
2751,14,38,1524,5,2025-04-19,Bill Payment,Completed,60.0
2752,7,16,420,4,2025-07-16,Bill Payment,Completed,55.0
2753,8,18,2160,,2025-06-30,Accessory Sale,Completed,128.18
2754,5,11,2595,6,2025-03-21,Upgrade,Completed,111.39
2755,13,33,1614,4,2025-10-20,Bill Payment,Completed,55.0
2756,16,46,2324,4,2026-02-11,Bill Payment,Completed,55.0
2757,6,13,2161,4,2026-01-12,Upgrade,Voided,0.0
2758,8,17,1611,,2026-05-20,Accessory Sale,Voided,0.0
2759,16,43,1374,6,2025-12-31,Bill Payment,Completed,65.0
2760,16,46,1414,4,2025-04-18,Bill Payment,Completed,55.0
2761,6,13,2569,2,2025-06-11,Bill Payment,Completed,40.0
2762,18,50,2385,1,2025-08-01,Bill Payment,Completed,30.0
2763,10,24,847,6,2026-03-26,Bill Payment,Voided,0.0
2764,12,31,346,6,2025-04-29,Bill Payment,Completed,65.0
2765,2,3,901,1,2026-03-07,Upgrade,Refunded,-94.21
2766,13,33,227,4,2026-03-03,Plan Change,Completed,3.72
2767,10,25,2406,5,2025-01-30,Bill Payment,Completed,60.0
2768,2,5,1658,,2025-08-20,Accessory Sale,Completed,112.74
2769,14,36,1607,4,2026-05-14,Bill Payment,Completed,55.0
2770,15,39,1005,6,2025-05-11,Bill Payment,Completed,65.0
2771,8,18,2579,5,2026-03-18,Bill Payment,Refunded,-60.0
2772,6,14,459,1,2026-06-10,New Activation,Completed,42.31
2773,5,12,1072,2,2025-02-20,New Activation,Completed,45.39
2774,3,6,2189,2,2025-07-26,Bill Payment,Completed,40.0
2775,12,31,39,5,2025-10-14,New Activation,Completed,68.99
2776,7,15,1007,3,2026-03-19,Upgrade,Refunded,-79.83
2777,3,7,2018,4,2025-05-12,Bill Payment,Completed,55.0
2778,5,11,242,,2026-03-14,Accessory Sale,Completed,133.07
2779,2,5,599,4,2025-09-08,Bill Payment,Refunded,-55.0
2780,14,38,1969,4,2026-02-28,New Activation,Completed,68.07
2781,14,35,2558,2,2025-12-09,Bill Payment,Completed,40.0
2782,14,36,123,4,2025-02-04,Bill Payment,Completed,55.0
2783,3,7,322,,2025-07-27,Accessory Sale,Completed,135.64
2784,8,17,1231,3,2026-03-20,Bill Payment,Completed,45.0
2785,5,12,925,5,2025-04-09,Bill Payment,Refunded,-60.0
2786,13,33,434,3,2026-03-10,Bill Payment,Completed,45.0
2787,17,48,13,,2025-04-28,Accessory Sale,Voided,0.0
2788,8,17,752,5,2025-09-25,Plan Change,Completed,1.69
2789,14,35,133,3,2025-03-23,Bill Payment,Completed,45.0
2790,11,28,2157,2,2025-02-24,New Activation,Completed,50.94
2791,3,6,32,6,2026-06-06,Bill Payment,Completed,65.0
2792,14,37,1653,2,2025-07-30,Bill Payment,Voided,0.0
2793,5,11,710,1,2025-08-17,Bill Payment,Completed,30.0
2794,5,11,1487,3,2025-04-16,Bill Payment,Completed,45.0
2795,14,38,685,1,2025-04-25,Bill Payment,Voided,0.0
2796,8,18,2434,,2025-09-10,Accessory Sale,Completed,17.83
2797,14,35,2115,4,2025-01-16,Bill Payment,Completed,55.0
2798,10,26,2084,4,2026-01-06,Bill Payment,Completed,55.0
2799,13,33,2549,6,2025-04-07,Bill Payment,Completed,65.0
2800,3,7,862,3,2025-09-10,Bill Payment,Completed,45.0
2801,10,24,686,1,2025-10-25,Bill Payment,Completed,30.0
2802,11,28,1307,3,2025-09-20,Bill Payment,Completed,45.0
2803,7,16,1544,2,2025-05-27,Upgrade,Voided,0.0
2804,5,11,406,5,2026-06-16,Bill Payment,Completed,60.0
2805,18,50,933,6,2025-03-14,New Activation,Completed,72.99
2806,15,39,2575,,2026-06-08,Accessory Sale,Completed,81.11
2807,3,6,1481,3,2026-04-06,Bill Payment,Completed,45.0
2808,12,31,1172,,2026-05-16,Accessory Sale,Completed,133.17
2809,11,30,2475,4,2025-09-15,Bill Payment,Completed,55.0
2810,12,31,1780,,2025-08-11,Accessory Sale,Completed,81.29
2811,8,19,1214,3,2026-01-18,Bill Payment,Voided,0.0
2812,6,,274,4,2025-06-06,Bill Payment,Completed,55.0
2813,3,6,2188,4,2025-03-05,Bill Payment,Completed,55.0
2814,6,13,1907,,2026-02-25,Accessory Sale,Completed,146.19
2815,15,42,1833,2,2025-02-25,Bill Payment,Completed,40.0
2816,5,12,1400,2,2026-03-19,New Activation,Completed,48.72
2817,14,37,1058,6,2025-10-18,New Activation,Completed,77.66
2818,8,19,1453,6,2025-01-18,Plan Change,Voided,0.0
2819,10,24,1829,,2026-03-06,Accessory Sale,Completed,36.0
2820,9,23,239,1,2026-05-30,Bill Payment,Completed,30.0
2821,8,17,515,6,2025-06-13,Bill Payment,Voided,0.0
2822,8,18,791,3,2026-01-07,Bill Payment,Completed,45.0
2823,18,49,2579,,2025-04-22,Accessory Sale,Completed,37.37
2824,2,3,1782,1,2025-10-10,Bill Payment,Voided,0.0
2825,14,36,1893,4,2025-12-16,Upgrade,Completed,110.55
2826,11,29,1757,,2025-01-22,Accessory Sale,Refunded,-82.31
2827,1,1,1808,3,2026-04-29,Plan Change,Completed,7.62
2828,7,15,2443,3,2025-07-14,Upgrade,Completed,117.25
2829,6,14,1647,5,2026-04-08,Plan Change,Completed,2.96
2830,10,24,1942,,2026-03-28,Accessory Sale,Completed,28.84
2831,18,49,1595,5,2025-12-26,Bill Payment,Completed,60.0
2832,5,12,622,2,2025-10-01,New Activation,Completed,46.72
2833,5,12,657,6,2025-04-12,Bill Payment,Completed,65.0
2834,14,38,581,4,2025-05-04,Upgrade,Voided,0.0
2835,2,5,743,3,2026-05-01,Upgrade,Completed,95.44
2836,9,23,551,3,2025-03-06,Bill Payment,Completed,45.0
2837,12,32,518,3,2025-07-29,New Activation,Voided,0.0
2838,2,3,1031,,2026-06-25,Accessory Sale,Completed,81.1
2839,6,14,919,2,2025-02-18,Bill Payment,Completed,40.0
2840,1,2,899,,2025-12-13,Accessory Sale,Completed,142.92
2841,9,,623,6,2025-02-16,Bill Payment,Completed,65.0
2842,9,23,299,3,2025-07-10,Bill Payment,Completed,45.0
2843,7,15,243,5,2025-10-04,Bill Payment,Refunded,-60.0
2844,6,13,2238,2,2025-09-26,New Activation,Completed,51.16
2845,6,14,1299,4,2026-04-21,Upgrade,Voided,0.0
2846,1,1,43,,2025-08-02,Accessory Sale,Completed,54.1
2847,18,49,538,1,2025-12-25,Bill Payment,Completed,30.0
2848,6,14,2298,6,2026-05-26,Bill Payment,Completed,65.0
2849,11,30,1298,6,2026-06-23,Plan Change,Completed,0.08
2850,11,30,622,1,2026-03-30,Bill Payment,Completed,30.0
2851,1,2,247,2,2025-05-01,Bill Payment,Completed,40.0
2852,11,30,2099,,2026-04-20,Accessory Sale,Voided,0.0
2853,6,14,2053,6,2025-04-18,Plan Change,Completed,6.59
2854,16,44,927,6,2025-10-19,Bill Payment,Completed,65.0
2855,5,11,759,5,2025-07-16,Bill Payment,Completed,60.0
2856,9,22,1582,,2025-08-18,Accessory Sale,Completed,114.87
2857,14,35,757,,2025-12-26,Accessory Sale,Completed,46.02
2858,17,47,2005,6,2025-07-07,Bill Payment,Voided,0.0
2859,18,49,1413,3,2025-07-02,Bill Payment,Refunded,-45.0
2860,14,35,69,6,2025-03-23,Plan Change,Completed,7.3
2861,2,4,2077,5,2025-05-14,Bill Payment,Completed,60.0
2862,12,32,2338,2,2025-06-28,Bill Payment,Completed,40.0
2863,5,12,1706,6,2025-08-29,Bill Payment,Voided,0.0
2864,8,17,730,3,2025-01-28,Bill Payment,Completed,45.0
2865,4,9,670,4,2025-06-18,New Activation,Completed,62.38
2866,14,38,554,2,2025-04-27,Bill Payment,Voided,0.0
2867,14,,2541,5,2025-10-28,New Activation,Completed,74.93
2868,11,30,838,1,2025-09-21,Upgrade,Completed,52.07
2869,13,33,1770,,2025-11-18,Accessory Sale,Refunded,-81.17
2870,8,18,2313,,2025-06-25,Accessory Sale,Completed,135.13
2871,8,18,1434,1,2025-10-05,New Activation,Voided,0.0
2872,4,,2081,1,2025-06-15,Bill Payment,Completed,30.0
2873,9,22,2225,5,2025-07-28,Bill Payment,Completed,60.0
2874,2,4,331,1,2026-03-12,Bill Payment,Completed,30.0
2875,4,10,2254,6,2025-01-19,Bill Payment,Completed,65.0
2876,16,43,2336,5,2026-03-24,New Activation,Completed,71.23
2877,1,1,181,4,2026-02-14,New Activation,Completed,63.33
2878,11,28,2395,2,2025-10-25,Bill Payment,Completed,40.0
2879,16,45,449,5,2025-07-18,New Activation,Refunded,-70.01
2880,17,47,1683,2,2025-08-07,Bill Payment,Voided,0.0
2881,17,48,2238,5,2026-05-12,Bill Payment,Voided,0.0
2882,18,49,1937,2,2025-09-22,Bill Payment,Completed,40.0
2883,12,32,1859,4,2025-10-17,Bill Payment,Completed,55.0
2884,10,24,810,4,2026-06-23,Bill Payment,Refunded,-55.0
2885,3,7,738,5,2025-04-08,Bill Payment,Refunded,-60.0
2886,18,50,2530,2,2026-02-23,Bill Payment,Completed,40.0
2887,18,50,1330,3,2025-10-11,Bill Payment,Voided,0.0
2888,10,24,1548,,2025-03-10,Accessory Sale,Completed,112.39
2889,15,41,1492,5,2025-11-15,Bill Payment,Completed,60.0
2890,6,14,2345,3,2026-03-22,Bill Payment,Completed,45.0
2891,8,19,55,2,2026-04-28,Plan Change,Completed,7.22
2892,9,23,579,2,2026-02-23,Bill Payment,Completed,40.0
2893,8,17,619,2,2026-01-20,Bill Payment,Completed,40.0
2894,3,8,1240,,2025-01-11,Accessory Sale,Voided,0.0
2895,8,18,2450,5,2025-08-25,Bill Payment,Completed,60.0
2896,14,37,1382,5,2025-01-04,Bill Payment,Completed,60.0
2897,3,8,224,6,2025-05-31,Bill Payment,Completed,65.0
2898,12,32,1170,3,2025-10-31,Plan Change,Completed,7.35
2899,15,39,2121,1,2025-07-29,Bill Payment,Completed,30.0
2900,8,17,1285,4,2025-03-15,New Activation,Completed,60.6
2901,5,11,106,5,2025-06-28,Plan Change,Voided,0.0
2902,14,38,608,,2025-02-20,Accessory Sale,Completed,81.4
2903,12,,1136,,2025-04-04,Accessory Sale,Completed,131.13
2904,6,14,1997,1,2026-01-31,Bill Payment,Completed,30.0
2905,18,49,72,6,2026-01-28,Bill Payment,Completed,65.0
2906,4,10,1221,4,2026-03-24,Bill Payment,Refunded,-55.0
2907,2,5,2142,5,2026-01-17,Bill Payment,Refunded,-60.0
2908,6,13,1509,6,2026-06-17,New Activation,Completed,74.14
2909,12,32,1764,6,2025-11-02,Bill Payment,Completed,65.0
2910,14,37,1269,2,2025-03-20,Bill Payment,Completed,40.0
2911,17,48,144,2,2025-05-02,New Activation,Completed,49.28
2912,4,10,2569,3,2025-12-14,New Activation,Completed,50.3
2913,6,13,1789,2,2026-02-09,Bill Payment,Completed,40.0
2914,18,49,65,4,2025-04-18,Bill Payment,Completed,55.0
2915,17,,2490,3,2026-02-04,New Activation,Completed,50.38
2916,5,11,1400,6,2026-01-25,Bill Payment,Completed,65.0
2917,11,27,1873,1,2025-12-16,Bill Payment,Completed,30.0
2918,5,11,1073,6,2025-03-16,Bill Payment,Completed,65.0
2919,7,16,1345,1,2025-03-09,Bill Payment,Voided,0.0
2920,18,50,657,,2026-04-20,Accessory Sale,Completed,112.23
2921,13,33,2253,5,2026-02-04,Plan Change,Completed,4.43
2922,1,1,2214,5,2026-01-29,Plan Change,Completed,4.64
2923,12,,2014,3,2026-04-09,Plan Change,Refunded,-6.48
2924,17,48,291,5,2025-12-15,Bill Payment,Completed,60.0
2925,6,13,1232,6,2025-11-14,Plan Change,Completed,6.44
2926,1,2,2434,1,2026-02-02,Bill Payment,Voided,0.0
2927,2,5,2259,2,2026-01-22,Bill Payment,Completed,40.0
2928,13,34,548,4,2025-06-30,Bill Payment,Completed,55.0
2929,3,7,319,3,2026-06-16,Bill Payment,Voided,0.0
2930,13,33,303,4,2026-03-02,Bill Payment,Completed,55.0
2931,2,4,1168,3,2025-09-05,Bill Payment,Completed,45.0
2932,5,12,2168,2,2025-02-21,Bill Payment,Completed,40.0
2933,2,4,2054,1,2025-09-16,Bill Payment,Completed,30.0
2934,5,11,1531,,2025-08-25,Accessory Sale,Completed,101.0
2935,4,10,1207,3,2025-10-15,Bill Payment,Completed,45.0
2936,15,42,580,4,2026-03-29,Bill Payment,Completed,55.0
2937,1,1,2022,6,2025-05-31,Bill Payment,Voided,0.0
2938,15,39,1521,5,2025-07-11,Bill Payment,Completed,60.0
2939,7,16,1985,3,2026-05-17,Upgrade,Completed,115.44
2940,5,12,1615,5,2025-07-06,Upgrade,Completed,97.65
2941,8,18,941,4,2026-02-05,Bill Payment,Completed,55.0
2942,6,13,1093,3,2026-05-26,Bill Payment,Completed,45.0
2943,14,35,1989,6,2025-10-04,Upgrade,Completed,135.94
2944,17,47,1115,4,2025-12-29,Bill Payment,Completed,55.0
2945,16,44,1791,1,2026-03-11,New Activation,Refunded,-44.75
2946,6,14,1509,,2025-09-10,Accessory Sale,Completed,57.7
2947,14,35,33,,2025-09-03,Accessory Sale,Refunded,-39.42
2948,9,20,639,6,2026-04-23,Bill Payment,Completed,65.0
2949,13,34,1040,4,2025-07-14,Bill Payment,Completed,55.0
2950,9,20,576,3,2025-03-17,Bill Payment,Completed,45.0
2951,8,18,2465,,2026-03-11,Accessory Sale,Voided,0.0
2952,8,17,2352,5,2026-01-12,New Activation,Completed,69.61
2953,14,37,1538,6,2026-06-28,Bill Payment,Completed,65.0
2954,16,46,1447,3,2026-06-16,Bill Payment,Completed,45.0
2955,18,49,1694,2,2025-03-16,Bill Payment,Completed,40.0
2956,16,,1006,,2025-08-12,Accessory Sale,Completed,35.63
2957,17,48,393,,2026-01-21,Accessory Sale,Completed,140.93
2958,6,14,1739,2,2025-06-12,Bill Payment,Completed,40.0
2959,11,29,1626,2,2025-07-05,Bill Payment,Completed,40.0
2960,18,50,1603,,2026-05-20,Accessory Sale,Completed,74.94
2961,17,47,2157,4,2025-02-06,New Activation,Completed,60.42
2962,9,20,1751,1,2025-03-18,New Activation,Completed,43.62
2963,14,37,2544,2,2025-01-14,Bill Payment,Completed,40.0
2964,9,21,1216,3,2025-08-15,Bill Payment,Completed,45.0
2965,8,19,767,5,2025-08-27,Bill Payment,Completed,60.0
2966,9,23,389,,2025-04-12,Accessory Sale,Completed,111.34
2967,8,17,2556,1,2025-12-02,Bill Payment,Completed,30.0
2968,3,8,602,3,2026-04-11,Bill Payment,Voided,0.0
2969,5,12,1982,2,2025-07-07,Upgrade,Completed,62.01
2970,14,37,1693,1,2026-03-18,Bill Payment,Voided,0.0
2971,14,38,2220,1,2025-07-18,Bill Payment,Voided,0.0
2972,11,27,437,6,2026-04-13,Bill Payment,Refunded,-65.0
2973,18,49,357,2,2025-08-06,Bill Payment,Voided,0.0
2974,6,13,577,1,2025-12-27,Bill Payment,Completed,30.0
2975,9,23,2051,6,2025-12-02,Bill Payment,Completed,65.0
2976,5,11,2127,4,2025-01-06,Bill Payment,Completed,55.0
2977,2,4,2458,1,2025-12-10,Bill Payment,Completed,30.0
2978,17,47,138,4,2026-05-30,Bill Payment,Completed,55.0
2979,7,,1828,5,2026-02-01,Bill Payment,Voided,0.0
2980,11,27,27,,2025-07-20,Accessory Sale,Completed,22.2
2981,2,3,1040,1,2025-04-18,Bill Payment,Voided,0.0
2982,5,12,1868,2,2025-08-30,Bill Payment,Completed,40.0
2983,9,22,1718,,2025-10-27,Accessory Sale,Completed,100.1
2984,9,20,573,6,2025-08-20,Bill Payment,Completed,65.0
2985,8,19,2275,3,2026-01-03,Bill Payment,Completed,45.0
2986,2,5,1428,2,2026-06-17,Bill Payment,Completed,40.0
2987,18,49,1431,1,2025-03-17,Upgrade,Refunded,-71.82
2988,13,34,1624,1,2025-03-05,Bill Payment,Voided,0.0
2989,1,2,2207,2,2025-05-20,Bill Payment,Completed,40.0
2990,11,27,753,,2026-03-14,Accessory Sale,Voided,0.0
2991,6,13,1097,6,2026-06-05,New Activation,Completed,78.39
2992,15,39,2407,6,2025-09-28,Bill Payment,Completed,65.0
2993,8,18,397,5,2025-11-15,Plan Change,Completed,4.51
2994,5,12,329,,2025-04-13,Accessory Sale,Completed,33.2
2995,3,7,2134,4,2026-03-01,Bill Payment,Completed,55.0
2996,4,9,2514,6,2025-02-08,Bill Payment,Completed,65.0
2997,14,37,1436,1,2026-04-08,Bill Payment,Completed,30.0
2998,16,44,1375,5,2025-03-19,Plan Change,Completed,6.63
2999,5,11,2565,3,2026-02-03,Bill Payment,Completed,45.0
3000,2,5,791,5,2025-11-21,Bill Payment,Completed,60.0
3001,3,6,126,1,2025-05-04,New Activation,Completed,36.52
3002,2,4,2363,,2025-02-16,Accessory Sale,Completed,79.46
3003,1,2,977,3,2025-08-29,New Activation,Completed,53.56
3004,3,6,2508,5,2025-10-31,Bill Payment,Completed,60.0
3005,1,2,1398,3,2025-10-12,New Activation,Voided,0.0
3006,5,12,805,5,2026-03-16,Bill Payment,Completed,60.0
3007,6,14,803,5,2026-04-30,Bill Payment,Refunded,-60.0
3008,18,49,606,5,2025-12-30,Bill Payment,Completed,60.0
3009,6,14,2260,3,2026-05-01,Bill Payment,Refunded,-45.0
3010,6,13,2170,2,2026-04-12,Bill Payment,Completed,40.0
3011,12,32,386,5,2025-03-25,Bill Payment,Completed,60.0
3012,6,14,811,3,2026-05-09,Upgrade,Completed,106.8
3013,17,48,1837,6,2025-02-06,Plan Change,Completed,4.48
3014,1,,979,,2025-06-23,Accessory Sale,Completed,66.74
3015,8,18,1233,6,2025-06-26,Bill Payment,Completed,65.0
3016,6,14,1786,2,2026-06-29,Upgrade,Completed,86.5
3017,5,12,2420,6,2025-06-24,Upgrade,Completed,142.88
3018,13,34,1007,5,2025-12-07,Plan Change,Completed,1.06
3019,8,19,2010,4,2025-11-09,Plan Change,Completed,1.57
3020,16,45,1443,4,2025-01-08,Bill Payment,Completed,55.0
3021,3,6,1907,5,2025-09-03,New Activation,Completed,67.52
3022,12,32,2006,4,2026-05-31,Bill Payment,Completed,55.0
3023,5,12,482,1,2025-01-23,Bill Payment,Completed,30.0
3024,12,31,36,2,2026-06-22,Bill Payment,Completed,40.0
3025,2,4,2260,5,2025-05-20,Bill Payment,Completed,60.0
3026,14,36,397,5,2025-01-11,Bill Payment,Refunded,-60.0
3027,8,19,690,5,2026-03-29,Plan Change,Completed,3.85
3028,2,3,1733,4,2026-03-07,New Activation,Completed,68.64
3029,14,36,2596,1,2026-04-05,New Activation,Refunded,-37.75
3030,16,44,2361,,2025-07-04,Accessory Sale,Completed,42.48
3031,16,44,2212,6,2025-04-13,Bill Payment,Completed,65.0
3032,12,32,2600,1,2025-09-21,Upgrade,Completed,54.77
3033,8,19,255,6,2025-06-20,Bill Payment,Completed,65.0
3034,13,33,639,5,2025-06-03,Bill Payment,Completed,60.0
3035,5,12,1536,4,2025-05-22,Upgrade,Completed,112.76
3036,10,25,1018,4,2026-01-07,Upgrade,Voided,0.0
3037,4,9,2147,6,2025-05-14,Bill Payment,Completed,65.0
3038,11,28,256,4,2026-03-04,Bill Payment,Refunded,-55.0
3039,7,15,1018,,2025-01-16,Accessory Sale,Completed,108.01
3040,14,36,48,4,2025-12-19,Plan Change,Completed,7.12
3041,3,8,1180,2,2025-12-05,Bill Payment,Completed,40.0
3042,6,13,432,4,2025-07-08,Bill Payment,Completed,55.0
3043,5,11,340,5,2026-05-17,Bill Payment,Completed,60.0
3044,12,31,1354,1,2026-06-22,Upgrade,Completed,53.56
3045,17,47,424,1,2026-05-27,Plan Change,Completed,9.32
3046,14,37,1625,3,2025-12-11,Bill Payment,Completed,45.0
3047,14,35,2344,,2026-06-14,Accessory Sale,Completed,44.3
3048,16,43,266,3,2025-11-17,Bill Payment,Completed,45.0
3049,12,31,1129,1,2025-11-26,Bill Payment,Completed,30.0
3050,6,14,2019,2,2026-05-01,Bill Payment,Completed,40.0
3051,2,5,937,3,2026-03-18,Bill Payment,Completed,45.0
3052,8,17,2040,4,2025-01-30,Bill Payment,Completed,55.0
3053,13,34,282,1,2026-06-12,New Activation,Completed,41.36
3054,13,34,2349,6,2026-03-12,Bill Payment,Completed,65.0
3055,6,14,2450,4,2025-09-10,Plan Change,Completed,4.06
3056,14,36,1480,4,2026-06-07,Bill Payment,Completed,55.0
3057,14,36,1867,4,2025-05-29,Bill Payment,Completed,55.0
3058,8,19,2163,2,2026-04-27,Bill Payment,Completed,40.0
3059,11,27,1821,4,2025-12-18,Bill Payment,Completed,55.0
3060,2,5,1471,3,2026-05-20,Upgrade,Completed,65.75
3061,2,4,601,4,2025-08-10,New Activation,Completed,62.16
3062,7,16,124,6,2026-04-27,Bill Payment,Refunded,-65.0
3063,16,46,1663,5,2025-02-13,Bill Payment,Completed,60.0
3064,14,37,1493,2,2025-04-22,Upgrade,Completed,105.55
3065,5,11,1047,,2025-11-28,Accessory Sale,Completed,106.45
3066,8,17,1866,4,2026-01-26,Bill Payment,Completed,55.0
3067,14,36,766,2,2026-01-13,Plan Change,Completed,7.66
3068,12,32,1084,2,2025-08-31,Bill Payment,Completed,40.0
3069,14,36,2499,6,2026-03-16,Bill Payment,Completed,65.0
3070,11,27,1139,1,2026-03-10,Bill Payment,Completed,30.0
3071,13,33,2305,5,2026-04-07,Plan Change,Completed,6.09
3072,15,41,1999,,2026-01-28,Accessory Sale,Completed,45.34
3073,4,10,435,4,2025-08-22,New Activation,Completed,60.33
3074,1,2,1687,3,2025-06-10,Bill Payment,Completed,45.0
3075,1,2,1113,4,2026-05-16,New Activation,Completed,66.2
3076,1,2,661,4,2025-01-06,Bill Payment,Completed,55.0
3077,9,21,1235,6,2025-01-23,Bill Payment,Refunded,-65.0
3078,9,21,28,,2025-03-03,Accessory Sale,Completed,128.25
3079,8,19,1455,3,2025-09-25,Bill Payment,Voided,0.0
3080,3,6,1481,6,2026-03-05,Bill Payment,Completed,65.0
3081,3,8,167,2,2025-11-15,Bill Payment,Refunded,-40.0
3082,3,7,1103,5,2025-07-09,Bill Payment,Completed,60.0
3083,8,18,1407,5,2025-11-09,Bill Payment,Completed,60.0
3084,11,30,1640,6,2025-09-23,Bill Payment,Completed,65.0
3085,8,19,1057,1,2025-02-28,Upgrade,Voided,0.0
3086,3,7,982,1,2025-03-30,Bill Payment,Voided,0.0
3087,8,19,1220,5,2026-03-09,New Activation,Voided,0.0
3088,16,46,546,4,2025-05-28,Plan Change,Voided,0.0
3089,1,1,2491,6,2026-05-15,Bill Payment,Completed,65.0
3090,11,30,856,6,2025-11-30,Bill Payment,Completed,65.0
3091,8,,1040,,2025-07-10,Accessory Sale,Voided,0.0
3092,13,34,2436,3,2025-06-28,Bill Payment,Completed,45.0
3093,1,2,2277,1,2025-01-04,Bill Payment,Completed,30.0
3094,17,48,913,6,2025-08-25,Bill Payment,Completed,65.0
3095,6,14,1222,6,2025-06-23,Bill Payment,Completed,65.0
3096,5,12,363,3,2025-01-23,Bill Payment,Voided,0.0
3097,9,21,2295,5,2026-03-01,New Activation,Refunded,-72.23
3098,6,13,318,1,2025-12-01,Plan Change,Refunded,-8.73
3099,16,43,2088,6,2025-06-16,New Activation,Voided,0.0
3100,1,1,1098,3,2026-06-20,Bill Payment,Completed,45.0
3101,2,4,466,1,2026-05-05,Bill Payment,Voided,0.0
3102,18,49,17,2,2026-04-28,New Activation,Refunded,-46.28
3103,1,2,712,3,2025-12-26,Upgrade,Completed,66.37
3104,6,,1089,3,2025-07-20,Bill Payment,Completed,45.0
3105,12,32,80,4,2025-03-27,Bill Payment,Completed,55.0
3106,14,36,2410,6,2025-08-01,New Activation,Completed,70.47
3107,8,19,2296,3,2025-08-21,Bill Payment,Completed,45.0
3108,5,11,27,2,2025-04-28,Bill Payment,Completed,40.0
3109,2,5,1392,2,2026-04-24,Bill Payment,Voided,0.0
3110,12,32,886,3,2025-02-28,Plan Change,Completed,1.94
3111,12,,217,,2025-03-08,Accessory Sale,Completed,140.41
3112,11,,529,,2026-05-10,Accessory Sale,Completed,16.46
3113,12,32,2513,2,2026-04-08,Bill Payment,Completed,40.0
3114,15,39,1517,,2025-06-30,Accessory Sale,Completed,80.55
3115,12,,1401,5,2025-01-24,Bill Payment,Completed,60.0
3116,17,47,2389,,2025-08-13,Accessory Sale,Completed,31.13
3117,14,,1008,5,2025-01-22,Bill Payment,Completed,60.0
3118,1,2,1910,3,2026-04-04,Bill Payment,Completed,45.0
3119,4,9,1698,3,2026-04-22,Bill Payment,Refunded,-45.0
3120,14,38,1597,2,2026-03-20,Bill Payment,Refunded,-40.0
3121,8,18,1198,6,2026-05-10,Bill Payment,Completed,65.0
3122,12,31,2358,6,2025-10-03,New Activation,Completed,73.71
3123,6,14,1630,1,2025-09-08,Bill Payment,Completed,30.0
3124,12,32,1677,2,2025-05-27,Bill Payment,Completed,40.0
3125,12,31,402,,2025-08-23,Accessory Sale,Completed,62.54
3126,17,48,1879,4,2025-04-15,New Activation,Completed,69.36
3127,15,42,1314,6,2026-04-21,New Activation,Refunded,-75.96
3128,6,13,1305,4,2025-08-26,Bill Payment,Completed,55.0
3129,18,50,817,3,2025-01-06,Bill Payment,Completed,45.0
3130,7,16,1087,,2026-02-22,Accessory Sale,Completed,139.73
3131,12,31,121,,2025-10-13,Accessory Sale,Completed,42.48
3132,6,14,834,6,2025-06-10,Bill Payment,Completed,65.0
3133,14,37,775,4,2025-05-03,Bill Payment,Completed,55.0
3134,16,44,722,1,2025-11-13,New Activation,Completed,41.73
3135,9,22,329,1,2025-12-25,Plan Change,Completed,7.98
3136,3,8,959,6,2025-08-07,Bill Payment,Completed,65.0
3137,7,15,2111,4,2025-06-19,Bill Payment,Voided,0.0
3138,6,13,1653,,2025-02-13,Accessory Sale,Completed,54.7
3139,2,5,605,1,2025-09-13,Bill Payment,Completed,30.0
3140,17,48,1644,1,2025-07-27,New Activation,Completed,39.64
3141,1,1,1688,5,2026-04-16,Bill Payment,Completed,60.0
3142,13,34,544,4,2025-02-11,Bill Payment,Completed,55.0
3143,5,12,1468,3,2025-02-23,Bill Payment,Completed,45.0
3144,11,27,242,4,2025-05-19,Bill Payment,Completed,55.0
3145,18,50,2050,4,2025-04-27,Bill Payment,Completed,55.0
3146,4,9,2261,5,2026-01-30,Bill Payment,Completed,60.0
3147,14,35,2318,6,2025-05-20,New Activation,Completed,73.48
3148,8,17,2039,3,2025-03-09,Bill Payment,Completed,45.0
3149,3,7,41,1,2025-03-03,Bill Payment,Completed,30.0
3150,10,26,1416,2,2026-05-01,New Activation,Completed,54.83
3151,1,2,1203,3,2026-05-08,Bill Payment,Completed,45.0
3152,5,12,1453,5,2025-04-07,Upgrade,Refunded,-119.59
3153,5,11,1433,4,2025-03-06,Upgrade,Completed,95.71
3154,17,47,1990,6,2025-08-14,Bill Payment,Refunded,-65.0
3155,2,5,2576,2,2026-06-13,Bill Payment,Completed,40.0
3156,13,34,2195,,2025-10-30,Accessory Sale,Completed,131.31
3157,12,31,1508,2,2026-04-08,Bill Payment,Completed,40.0
3158,11,29,1638,2,2026-04-27,Bill Payment,Completed,40.0
3159,10,25,2331,6,2025-01-19,Upgrade,Completed,139.02
3160,16,43,1095,3,2025-03-31,Upgrade,Voided,0.0
3161,3,7,564,1,2025-10-11,Bill Payment,Completed,30.0
3162,12,31,2374,1,2025-08-04,Bill Payment,Voided,0.0
3163,8,18,2353,1,2026-04-15,Bill Payment,Completed,30.0
3164,14,37,1471,5,2026-04-23,Bill Payment,Completed,60.0
3165,6,14,42,6,2026-02-07,Bill Payment,Completed,65.0
3166,5,11,1943,,2026-06-30,Accessory Sale,Completed,54.11
3167,7,15,1078,,2026-03-19,Accessory Sale,Completed,63.8
3168,18,50,1000,3,2026-01-29,Bill Payment,Completed,45.0
3169,15,39,422,4,2026-01-10,Bill Payment,Completed,55.0
3170,8,17,835,4,2026-04-11,Bill Payment,Voided,0.0
3171,13,,408,6,2025-09-11,Bill Payment,Completed,65.0
3172,4,10,209,1,2025-12-21,Bill Payment,Completed,30.0
3173,5,11,2055,4,2025-02-18,Upgrade,Completed,118.49
3174,8,17,1054,4,2026-05-11,Bill Payment,Completed,55.0
3175,8,18,1257,2,2025-10-24,Bill Payment,Refunded,-40.0
3176,12,31,125,2,2025-02-19,Bill Payment,Completed,40.0
3177,18,50,338,,2026-03-06,Accessory Sale,Voided,0.0
3178,11,27,1657,2,2026-02-05,Bill Payment,Voided,0.0
3179,3,7,1111,1,2026-01-16,Bill Payment,Completed,30.0
3180,15,39,26,6,2025-12-30,Bill Payment,Completed,65.0
3181,7,15,2077,3,2025-02-11,New Activation,Completed,59.54
3182,7,15,2277,3,2025-04-29,New Activation,Completed,52.45
3183,6,13,840,,2025-10-06,Accessory Sale,Refunded,-64.94
3184,5,11,1777,5,2025-02-27,Bill Payment,Refunded,-60.0
3185,6,13,973,6,2025-01-06,Plan Change,Completed,8.4
3186,16,45,2518,4,2025-06-05,Bill Payment,Voided,0.0
3187,7,15,1483,2,2025-09-18,Bill Payment,Completed,40.0
3188,15,39,2202,1,2026-04-01,Bill Payment,Completed,30.0
3189,8,19,998,3,2026-03-22,Plan Change,Completed,4.83
3190,18,49,291,1,2025-11-17,Upgrade,Refunded,-54.44
3191,3,6,191,,2025-04-09,Accessory Sale,Completed,44.19
3192,3,8,544,2,2025-08-24,Bill Payment,Completed,40.0
3193,5,11,1317,,2025-08-06,Accessory Sale,Completed,10.45
3194,1,2,588,1,2025-06-23,Bill Payment,Completed,30.0
3195,16,46,1448,5,2025-06-18,Bill Payment,Completed,60.0
3196,8,17,2564,1,2026-02-12,Bill Payment,Completed,30.0
3197,17,47,2528,1,2025-06-25,Bill Payment,Completed,30.0
3198,3,7,2532,1,2026-03-03,Bill Payment,Refunded,-30.0
3199,2,5,746,4,2025-04-04,Bill Payment,Completed,55.0
3200,5,11,1013,1,2026-05-27,Bill Payment,Voided,0.0
3201,6,13,2315,5,2026-02-16,Bill Payment,Completed,60.0
3202,18,50,645,4,2026-06-06,Plan Change,Completed,7.73
3203,12,32,627,6,2026-02-04,Bill Payment,Completed,65.0
3204,1,2,1294,6,2025-11-07,Bill Payment,Voided,0.0
3205,13,34,784,2,2025-07-20,Bill Payment,Completed,40.0
3206,12,,1234,1,2026-03-18,Bill Payment,Completed,30.0
3207,15,41,2055,6,2025-01-12,New Activation,Refunded,-79.45
3208,16,46,2107,3,2026-03-28,Bill Payment,Refunded,-45.0
3209,11,28,1659,5,2025-07-05,Bill Payment,Refunded,-60.0
3210,8,19,312,3,2025-08-03,Bill Payment,Completed,45.0
3211,18,49,411,2,2026-05-12,Bill Payment,Completed,40.0
3212,15,39,1632,3,2025-02-02,Bill Payment,Completed,45.0
3213,8,18,893,1,2025-05-03,Bill Payment,Voided,0.0
3214,6,13,1297,1,2026-04-09,Bill Payment,Completed,30.0
3215,14,,1665,,2025-08-26,Accessory Sale,Voided,0.0
3216,16,46,335,3,2025-01-22,Bill Payment,Voided,0.0
3217,10,25,1794,2,2026-04-10,Bill Payment,Refunded,-40.0
3218,7,16,1796,1,2026-06-28,Upgrade,Completed,104.14
3219,13,34,1284,2,2025-02-23,Bill Payment,Completed,40.0
3220,12,31,2193,5,2025-04-28,Plan Change,Completed,0.19
3221,12,32,1189,1,2025-06-13,New Activation,Completed,37.16
3222,17,47,1726,5,2025-04-22,Bill Payment,Refunded,-60.0
3223,11,30,1294,6,2026-01-03,Bill Payment,Completed,65.0
3224,9,22,1408,2,2026-06-22,Upgrade,Refunded,-114.7
3225,17,47,603,6,2026-03-16,Bill Payment,Refunded,-65.0
3226,1,1,1671,4,2025-11-02,New Activation,Completed,61.57
3227,10,25,2022,1,2025-07-02,Plan Change,Completed,3.75
3228,18,49,1621,,2025-11-27,Accessory Sale,Completed,124.43
3229,11,27,1180,2,2025-12-28,Upgrade,Completed,79.38
3230,8,17,322,5,2025-07-04,Bill Payment,Completed,60.0
3231,3,6,440,6,2025-02-25,Bill Payment,Completed,65.0
3232,16,44,412,3,2025-12-05,New Activation,Completed,55.76
3233,13,33,7,2,2025-07-15,Bill Payment,Completed,40.0
3234,18,49,1710,2,2026-01-17,New Activation,Voided,0.0
3235,1,1,156,6,2025-12-17,Plan Change,Completed,7.64
3236,1,2,7,2,2025-09-19,Bill Payment,Completed,40.0
3237,17,48,1371,1,2026-06-08,Bill Payment,Refunded,-30.0
3238,14,37,2263,4,2025-06-06,New Activation,Completed,65.41
3239,3,7,1289,6,2025-06-12,Bill Payment,Completed,65.0
3240,7,16,1696,,2025-05-28,Accessory Sale,Completed,112.51
3241,1,2,1397,2,2026-04-23,Bill Payment,Completed,40.0
3242,10,24,366,5,2025-12-14,New Activation,Completed,72.4
3243,12,31,1412,,2026-03-13,Accessory Sale,Completed,78.85
3244,16,45,1927,6,2026-04-27,New Activation,Completed,75.42
3245,6,13,1792,2,2025-05-16,Bill Payment,Completed,40.0
3246,15,42,1955,5,2026-06-02,Bill Payment,Completed,60.0
3247,6,13,2457,1,2025-09-25,New Activation,Refunded,-43.22
3248,13,33,2488,3,2025-09-01,Bill Payment,Completed,45.0
3249,14,38,893,2,2026-05-27,New Activation,Completed,49.98
3250,6,14,128,2,2026-04-11,Bill Payment,Completed,40.0
3251,7,15,2126,6,2025-04-25,Bill Payment,Completed,65.0
3252,6,14,3,3,2026-03-17,New Activation,Completed,57.85
3253,10,24,1318,4,2025-09-01,Plan Change,Completed,1.98
3254,3,7,2170,3,2025-01-15,New Activation,Completed,56.44
3255,5,12,1503,4,2026-03-21,Bill Payment,Completed,55.0
3256,6,14,2487,5,2026-02-20,Bill Payment,Refunded,-60.0
3257,16,46,743,3,2026-01-01,Bill Payment,Completed,45.0
3258,11,27,56,5,2025-03-07,Bill Payment,Refunded,-60.0
3259,6,13,708,4,2025-11-22,Upgrade,Voided,0.0
3260,6,13,1968,6,2025-05-24,Bill Payment,Completed,65.0
3261,10,24,2056,5,2025-03-18,Bill Payment,Voided,0.0
3262,12,31,2550,5,2026-05-11,New Activation,Completed,72.29
3263,14,36,943,4,2025-05-13,Plan Change,Completed,9.93
3264,7,15,2146,4,2025-06-15,Bill Payment,Completed,55.0
3265,8,19,135,5,2025-10-23,Bill Payment,Completed,60.0
3266,11,27,638,,2026-05-04,Accessory Sale,Voided,0.0
3267,5,12,2164,5,2025-02-17,Upgrade,Refunded,-130.91
3268,7,16,2241,5,2026-01-04,New Activation,Completed,66.2
3269,11,29,978,2,2026-04-08,Bill Payment,Completed,40.0
3270,2,5,1519,1,2025-04-09,Bill Payment,Voided,0.0
3271,3,7,910,2,2025-10-22,Bill Payment,Completed,40.0
3272,6,13,747,4,2025-11-02,Bill Payment,Voided,0.0
3273,15,42,643,3,2025-11-25,Upgrade,Completed,93.38
3274,12,31,1876,2,2025-11-02,Bill Payment,Completed,40.0
3275,16,46,698,6,2025-02-14,Bill Payment,Completed,65.0
3276,9,20,1613,6,2026-01-27,Bill Payment,Completed,65.0
3277,14,35,312,5,2026-04-29,Bill Payment,Completed,60.0
3278,14,36,2139,4,2026-06-08,Bill Payment,Refunded,-55.0
3279,2,3,532,1,2025-06-19,Plan Change,Voided,0.0
3280,11,27,1755,5,2025-01-18,Bill Payment,Completed,60.0
3281,10,24,1939,3,2025-01-07,Bill Payment,Completed,45.0
3282,4,10,482,3,2025-06-22,New Activation,Voided,0.0
3283,13,33,2396,,2026-06-28,Accessory Sale,Completed,20.11
3284,8,17,1232,,2025-08-06,Accessory Sale,Completed,147.96
3285,12,32,434,6,2026-05-23,Bill Payment,Completed,65.0
3286,11,30,745,4,2026-01-07,Bill Payment,Completed,55.0
3287,10,24,212,,2026-06-13,Accessory Sale,Completed,68.75
3288,10,26,1352,5,2025-07-14,Bill Payment,Completed,60.0
3289,6,14,315,,2025-03-05,Accessory Sale,Voided,0.0
3290,6,13,2102,3,2025-04-15,Bill Payment,Completed,45.0
3291,4,10,1736,1,2025-02-27,Bill Payment,Completed,30.0
3292,18,49,557,5,2025-05-04,Bill Payment,Completed,60.0
3293,1,1,285,,2025-11-02,Accessory Sale,Completed,125.87
3294,18,49,1101,2,2025-02-01,New Activation,Voided,0.0
3295,7,16,2550,1,2025-10-21,Upgrade,Completed,89.26
3296,1,2,2372,6,2025-04-22,New Activation,Voided,0.0
3297,12,32,2498,6,2025-11-02,Bill Payment,Completed,65.0
3298,18,49,662,3,2025-05-18,Bill Payment,Completed,45.0
3299,16,,575,3,2025-12-09,Plan Change,Completed,9.07
3300,1,1,1115,6,2025-03-25,Bill Payment,Completed,65.0
3301,5,12,2144,3,2025-11-27,New Activation,Completed,51.34
3302,2,3,1262,5,2025-09-29,Bill Payment,Completed,60.0
3303,2,4,111,3,2025-11-23,Bill Payment,Completed,45.0
3304,4,9,425,2,2025-09-15,Bill Payment,Completed,40.0
3305,13,34,1001,6,2025-11-25,Upgrade,Completed,108.91
3306,1,1,1897,4,2026-06-23,Bill Payment,Completed,55.0
3307,5,12,1176,6,2025-06-05,Bill Payment,Completed,65.0
3308,2,4,882,3,2026-04-29,Bill Payment,Completed,45.0
3309,18,50,1000,2,2025-03-07,Bill Payment,Completed,40.0
3310,8,18,317,5,2025-01-22,Bill Payment,Completed,60.0
3311,11,30,1246,6,2025-06-05,New Activation,Refunded,-74.87
3312,1,1,144,6,2025-11-20,Upgrade,Completed,140.43
3313,4,9,1122,3,2026-06-09,New Activation,Completed,51.11
3314,7,16,632,,2025-11-29,Accessory Sale,Voided,0.0
3315,6,14,448,6,2026-02-20,Bill Payment,Completed,65.0
3316,4,10,90,4,2025-05-22,New Activation,Completed,68.93
3317,13,34,2047,1,2026-01-11,New Activation,Completed,41.74
3318,9,22,552,5,2025-10-27,Bill Payment,Completed,60.0
3319,8,17,291,2,2025-02-05,Bill Payment,Completed,40.0
3320,16,44,325,4,2025-10-28,Bill Payment,Completed,55.0
3321,5,12,1033,1,2026-05-16,New Activation,Completed,42.81
3322,14,35,378,3,2026-04-20,Upgrade,Completed,117.89
3323,1,2,2290,1,2026-04-02,Bill Payment,Refunded,-30.0
3324,12,31,2206,4,2026-04-13,Bill Payment,Completed,55.0
3325,4,10,1587,,2026-01-03,Accessory Sale,Voided,0.0
3326,1,1,1474,6,2026-04-15,Upgrade,Completed,94.23
3327,12,31,148,,2025-12-10,Accessory Sale,Completed,63.05
3328,11,30,2234,,2025-10-05,Accessory Sale,Refunded,-48.81
3329,3,6,1129,4,2025-01-25,Upgrade,Completed,118.06
3330,11,29,553,3,2025-02-28,New Activation,Completed,55.46
3331,8,19,1032,6,2025-07-30,Bill Payment,Completed,65.0
3332,14,38,205,,2026-03-22,Accessory Sale,Completed,32.65
3333,12,31,1814,5,2025-08-29,Plan Change,Completed,6.03
3334,12,31,2192,,2026-01-01,Accessory Sale,Completed,127.29
3335,16,45,265,4,2025-11-26,Upgrade,Completed,90.01
3336,8,18,2560,1,2025-02-26,New Activation,Completed,41.75
3337,4,9,2149,1,2026-02-07,New Activation,Completed,39.67
3338,11,30,515,2,2026-05-28,New Activation,Voided,0.0
3339,5,11,2252,1,2026-01-24,Bill Payment,Completed,30.0
3340,3,6,1098,6,2025-05-30,Plan Change,Completed,5.73
3341,14,37,1606,,2025-01-03,Accessory Sale,Completed,29.86
3342,8,18,1850,2,2026-03-08,Bill Payment,Completed,40.0
3343,10,26,1128,,2026-02-10,Accessory Sale,Completed,125.02
3344,7,15,1958,2,2026-03-29,Bill Payment,Completed,40.0
3345,5,11,460,3,2025-05-21,New Activation,Refunded,-53.01
3346,7,16,1517,3,2025-09-05,Bill Payment,Completed,45.0
3347,3,8,2264,5,2025-09-08,Bill Payment,Completed,60.0
3348,13,33,270,3,2026-01-10,New Activation,Voided,0.0
3349,8,18,1352,4,2025-05-03,Bill Payment,Completed,55.0
3350,5,11,514,1,2025-03-15,Plan Change,Completed,0.78
3351,17,47,2233,2,2025-06-16,Bill Payment,Refunded,-40.0
3352,11,28,89,1,2025-11-12,Bill Payment,Refunded,-30.0
3353,10,25,2439,,2026-02-18,Accessory Sale,Completed,128.45
3354,12,32,2017,2,2025-05-17,Bill Payment,Completed,40.0
3355,8,18,660,1,2026-05-01,Bill Payment,Voided,0.0
3356,1,2,1692,3,2025-10-07,New Activation,Completed,54.68
3357,5,11,1592,4,2025-03-22,Plan Change,Completed,2.88
3358,11,30,1402,6,2025-11-03,Bill Payment,Completed,65.0
3359,15,42,2178,2,2025-01-21,Bill Payment,Completed,40.0
3360,4,10,1074,3,2025-07-16,Bill Payment,Completed,45.0
3361,4,10,2449,2,2025-09-25,Bill Payment,Completed,40.0
3362,9,23,252,5,2026-02-17,New Activation,Refunded,-66.48
3363,6,14,859,3,2026-04-01,Bill Payment,Completed,45.0
3364,18,50,1077,5,2025-08-18,Bill Payment,Completed,60.0
3365,18,49,833,5,2025-04-30,Bill Payment,Completed,60.0
3366,14,36,1274,6,2026-02-23,New Activation,Refunded,-79.01
3367,12,32,1364,4,2025-06-14,New Activation,Completed,65.67
3368,18,49,1556,1,2026-01-24,Bill Payment,Completed,30.0
3369,18,50,1745,1,2025-12-24,New Activation,Completed,42.23
3370,8,19,1907,5,2026-01-13,Bill Payment,Completed,60.0
3371,5,11,2010,1,2025-10-26,Plan Change,Voided,0.0
3372,5,11,323,2,2025-10-21,Bill Payment,Voided,0.0
3373,4,10,2405,2,2025-12-14,Bill Payment,Voided,0.0
3374,3,8,308,3,2026-05-24,New Activation,Completed,54.87
3375,6,13,893,5,2026-02-06,Bill Payment,Completed,60.0
3376,18,50,371,4,2025-11-21,Bill Payment,Completed,55.0
3377,6,14,1364,4,2025-05-10,Bill Payment,Completed,55.0
3378,15,40,1106,1,2026-01-29,Upgrade,Completed,61.37
3379,11,29,1931,5,2026-01-27,Bill Payment,Completed,60.0
3380,6,13,2215,,2026-05-21,Accessory Sale,Completed,30.18
3381,10,25,454,4,2026-02-15,Bill Payment,Voided,0.0
3382,4,10,149,6,2025-09-09,Bill Payment,Completed,65.0
3383,15,39,1947,6,2025-06-10,Plan Change,Completed,4.37
3384,9,22,2338,2,2025-11-03,Bill Payment,Completed,40.0
3385,3,7,657,,2025-06-28,Accessory Sale,Completed,122.75
3386,2,4,449,6,2025-10-18,Plan Change,Completed,2.37
3387,6,13,2453,1,2025-04-21,Plan Change,Completed,9.69
3388,17,47,225,6,2025-06-25,Bill Payment,Completed,65.0
3389,12,31,1208,3,2026-04-07,Bill Payment,Completed,45.0
3390,11,29,204,1,2025-12-15,Bill Payment,Completed,30.0
3391,2,3,522,4,2025-12-24,Bill Payment,Completed,55.0
3392,1,1,2477,5,2025-03-06,New Activation,Completed,74.41
3393,5,,67,2,2026-04-12,Bill Payment,Completed,40.0
3394,8,19,2569,2,2025-03-29,Bill Payment,Refunded,-40.0
3395,11,30,2331,4,2026-03-30,Upgrade,Completed,98.7
3396,5,11,295,3,2026-03-08,Bill Payment,Completed,45.0
3397,7,15,876,6,2025-07-18,Bill Payment,Completed,65.0
3398,9,20,99,,2026-01-15,Accessory Sale,Completed,129.28
3399,1,,313,3,2025-11-10,Bill Payment,Completed,45.0
3400,12,31,1814,6,2026-05-16,Bill Payment,Completed,65.0
3401,17,,4,3,2025-08-09,New Activation,Refunded,-53.92
3402,1,,1873,,2026-05-22,Accessory Sale,Voided,0.0
3403,2,4,448,2,2025-07-21,Bill Payment,Refunded,-40.0
3404,5,11,970,3,2026-04-06,Bill Payment,Completed,45.0
3405,10,26,482,5,2025-02-13,Bill Payment,Completed,60.0
3406,3,8,903,,2026-05-17,Accessory Sale,Completed,50.34
3407,12,32,1270,5,2025-03-05,Plan Change,Completed,1.72
3408,12,32,1711,3,2025-03-27,Bill Payment,Refunded,-45.0
3409,2,4,2570,5,2025-03-02,Bill Payment,Completed,60.0
3410,10,25,86,3,2026-06-22,Plan Change,Voided,0.0
3411,14,36,1744,,2025-11-21,Accessory Sale,Refunded,-17.68
3412,5,11,277,5,2026-05-14,New Activation,Completed,69.54
3413,9,20,2194,3,2025-01-17,Bill Payment,Voided,0.0
3414,5,12,680,2,2025-11-27,Upgrade,Completed,108.17
3415,3,8,1717,5,2025-07-30,Bill Payment,Voided,0.0
3416,7,15,95,1,2025-07-09,Bill Payment,Completed,30.0
3417,6,14,86,,2025-04-05,Accessory Sale,Completed,63.44
3418,4,10,777,4,2026-03-17,Bill Payment,Completed,55.0
3419,10,26,348,4,2026-05-19,Bill Payment,Voided,0.0
3420,5,,447,5,2026-04-09,Upgrade,Completed,94.83
3421,12,32,2051,3,2025-01-22,New Activation,Refunded,-54.19
3422,17,47,2278,2,2025-06-27,Bill Payment,Refunded,-40.0
3423,18,49,1836,6,2025-08-20,Upgrade,Completed,118.28
3424,1,1,1418,2,2025-02-03,Bill Payment,Completed,40.0
3425,2,5,494,4,2025-08-16,Bill Payment,Completed,55.0
3426,12,32,231,1,2025-11-01,New Activation,Completed,37.11
3427,16,45,2582,3,2026-06-16,Bill Payment,Completed,45.0
3428,18,50,2092,3,2025-07-14,Bill Payment,Completed,45.0
3429,5,12,1465,6,2025-07-04,Bill Payment,Completed,65.0
3430,3,8,2065,5,2026-02-12,Bill Payment,Completed,60.0
3431,6,14,1226,4,2026-02-14,New Activation,Completed,69.48
3432,16,46,203,2,2025-05-09,Plan Change,Completed,6.78
3433,9,20,316,2,2026-01-09,Plan Change,Completed,3.38
3434,8,17,136,3,2025-09-05,Bill Payment,Completed,45.0
3435,16,,2376,1,2025-09-05,Bill Payment,Completed,30.0
3436,14,35,2358,3,2025-04-21,Bill Payment,Completed,45.0
3437,14,37,1031,6,2026-05-23,New Activation,Completed,78.82
3438,3,6,2063,6,2025-12-18,Bill Payment,Completed,65.0
3439,9,21,2192,6,2026-02-10,New Activation,Completed,74.93
3440,2,,1666,2,2025-04-06,Bill Payment,Completed,40.0
3441,18,49,1573,6,2026-05-31,Bill Payment,Completed,65.0
3442,1,2,2291,6,2025-08-16,Bill Payment,Voided,0.0
3443,18,49,339,3,2025-08-17,Upgrade,Voided,0.0
3444,17,47,748,5,2025-04-01,Bill Payment,Completed,60.0
3445,17,48,1830,2,2026-01-26,Upgrade,Refunded,-60.81
3446,15,41,2470,4,2025-01-19,Bill Payment,Completed,55.0
3447,9,20,28,5,2025-09-26,Bill Payment,Completed,60.0
3448,7,16,2567,2,2025-03-10,New Activation,Completed,54.98
3449,10,25,2152,5,2025-07-08,Bill Payment,Completed,60.0
3450,6,13,2322,4,2025-11-21,New Activation,Completed,62.6
3451,14,35,55,2,2025-11-19,Bill Payment,Completed,40.0
3452,17,48,1672,4,2025-03-19,Bill Payment,Completed,55.0
3453,9,,2388,2,2025-08-03,Bill Payment,Completed,40.0
3454,4,10,1563,2,2026-01-27,Plan Change,Completed,5.46
3455,10,25,2581,2,2025-11-15,Bill Payment,Completed,40.0
3456,2,,1508,5,2025-07-20,Bill Payment,Completed,60.0
3457,14,37,1295,4,2025-07-24,Bill Payment,Completed,55.0
3458,6,14,1554,4,2026-01-26,Bill Payment,Completed,55.0
3459,11,29,1190,,2026-01-15,Accessory Sale,Completed,99.99
3460,10,24,461,5,2025-01-18,Bill Payment,Completed,60.0
3461,5,12,2552,4,2026-06-30,Bill Payment,Completed,55.0
3462,5,12,1719,2,2025-12-06,Bill Payment,Voided,0.0
3463,11,28,1686,4,2025-05-28,Bill Payment,Refunded,-55.0
3464,1,2,1692,2,2025-12-21,Bill Payment,Completed,40.0
3465,14,38,2521,1,2026-04-02,Bill Payment,Refunded,-30.0
3466,1,1,1741,6,2025-12-30,Plan Change,Completed,5.33
3467,6,14,1671,1,2026-03-31,Bill Payment,Completed,30.0
3468,16,46,2597,,2026-03-27,Accessory Sale,Refunded,-13.51
3469,6,14,319,6,2025-03-03,Upgrade,Refunded,-117.86
3470,7,16,33,2,2025-04-17,Plan Change,Refunded,-1.87
3471,2,4,295,1,2025-04-07,Bill Payment,Voided,0.0
3472,14,36,405,4,2025-06-12,New Activation,Completed,61.0
3473,14,36,675,2,2025-03-19,New Activation,Completed,52.35
3474,10,24,1185,3,2025-12-03,Bill Payment,Completed,45.0
3475,6,13,2070,6,2026-02-07,New Activation,Completed,76.03
3476,6,14,810,1,2026-02-14,Bill Payment,Completed,30.0
3477,14,38,1841,,2025-07-11,Accessory Sale,Completed,29.42
3478,10,26,690,3,2025-07-07,Bill Payment,Completed,45.0
3479,12,31,1813,,2025-03-27,Accessory Sale,Voided,0.0
3480,7,15,1631,5,2025-05-12,New Activation,Completed,70.83
3481,6,14,752,6,2025-02-23,Bill Payment,Completed,65.0
3482,11,28,910,4,2026-05-18,Bill Payment,Refunded,-55.0
3483,14,37,764,4,2025-12-12,Plan Change,Refunded,-7.72
3484,3,8,425,3,2025-07-16,New Activation,Completed,56.78
3485,13,33,1658,4,2025-10-18,New Activation,Completed,69.28
3486,8,18,1941,1,2025-01-10,Bill Payment,Completed,30.0
3487,18,49,1967,6,2025-03-19,Bill Payment,Completed,65.0
3488,2,4,2199,6,2026-05-03,Bill Payment,Refunded,-65.0
3489,17,48,2569,4,2025-07-03,Bill Payment,Completed,55.0
3490,14,36,1784,1,2025-02-24,Bill Payment,Completed,30.0
3491,15,42,529,3,2025-04-13,Bill Payment,Completed,45.0
3492,14,37,1636,2,2026-04-18,Bill Payment,Completed,40.0
3493,6,13,2562,,2025-05-22,Accessory Sale,Completed,20.93
3494,12,32,83,,2026-04-08,Accessory Sale,Completed,126.48
3495,5,12,1888,4,2025-06-20,Bill Payment,Completed,55.0
3496,5,12,1359,2,2025-11-30,Upgrade,Completed,63.41
3497,5,11,2171,5,2025-10-27,Bill Payment,Refunded,-60.0
3498,5,11,1689,2,2026-04-06,Bill Payment,Completed,40.0
3499,16,46,1080,1,2025-08-04,Bill Payment,Completed,30.0
3500,12,32,1123,2,2025-08-09,Bill Payment,Completed,40.0
3501,3,7,1046,3,2025-02-07,Bill Payment,Completed,45.0
3502,2,4,182,4,2025-01-24,Bill Payment,Completed,55.0
3503,2,4,1164,4,2025-01-04,Bill Payment,Completed,55.0
3504,14,38,2473,6,2026-02-17,Bill Payment,Completed,65.0
3505,18,49,1229,3,2026-01-08,Bill Payment,Completed,45.0
3506,14,35,1988,1,2025-07-10,Bill Payment,Refunded,-30.0
3507,13,33,2047,3,2025-04-18,Bill Payment,Completed,45.0
3508,8,19,2127,,2025-04-09,Accessory Sale,Completed,69.7
3509,16,44,1526,2,2025-02-13,Bill Payment,Completed,40.0
3510,11,28,1419,,2025-01-21,Accessory Sale,Completed,108.74
3511,6,14,1798,1,2025-07-23,New Activation,Completed,37.04
3512,8,17,946,4,2025-03-13,Bill Payment,Voided,0.0
3513,2,5,410,,2026-02-18,Accessory Sale,Completed,129.68
3514,15,39,1204,1,2026-03-19,New Activation,Refunded,-35.09
3515,2,3,1461,1,2026-02-03,Bill Payment,Completed,30.0
3516,18,49,1987,5,2025-11-04,Bill Payment,Completed,60.0
3517,2,5,1433,5,2026-02-25,Bill Payment,Completed,60.0
3518,3,7,1167,5,2026-02-20,Plan Change,Completed,6.48
3519,5,12,1455,6,2026-03-27,Bill Payment,Completed,65.0
3520,3,7,2483,4,2025-11-19,Bill Payment,Completed,55.0
3521,14,38,428,3,2025-03-12,Bill Payment,Completed,45.0
3522,13,33,777,2,2026-06-25,Bill Payment,Completed,40.0
3523,8,18,257,1,2026-02-28,Bill Payment,Completed,30.0
3524,16,43,1537,6,2026-03-27,New Activation,Refunded,-72.09
3525,5,12,1773,3,2026-06-14,Bill Payment,Completed,45.0
3526,14,36,1735,,2025-08-13,Accessory Sale,Completed,45.12
3527,6,13,2165,6,2025-01-14,Bill Payment,Completed,65.0
3528,5,11,904,1,2025-12-09,Bill Payment,Completed,30.0
3529,18,49,1727,4,2025-10-05,Plan Change,Completed,5.06
3530,13,33,516,6,2026-04-27,Bill Payment,Completed,65.0
3531,5,12,1020,3,2025-04-25,Bill Payment,Voided,0.0
3532,12,31,544,5,2025-11-11,New Activation,Completed,71.17
3533,8,17,1837,,2026-01-21,Accessory Sale,Completed,69.23
3534,4,9,1504,,2025-05-07,Accessory Sale,Completed,21.54
3535,10,24,1724,5,2025-07-12,New Activation,Completed,71.69
3536,1,2,949,3,2025-03-03,Bill Payment,Completed,45.0
3537,7,,2417,3,2026-03-27,Bill Payment,Voided,0.0
3538,11,27,2483,4,2025-12-04,Bill Payment,Completed,55.0
3539,3,8,1765,4,2025-12-09,Bill Payment,Completed,55.0
3540,3,7,936,1,2026-04-05,Bill Payment,Completed,30.0
3541,8,17,1721,2,2025-06-10,Bill Payment,Completed,40.0
3542,6,14,2353,5,2025-07-04,Bill Payment,Completed,60.0
3543,14,38,2037,5,2025-12-24,New Activation,Refunded,-72.99
3544,16,46,1000,6,2025-12-20,Bill Payment,Voided,0.0
3545,1,1,242,1,2025-03-04,New Activation,Completed,39.09
3546,15,42,1647,5,2025-11-15,Bill Payment,Completed,60.0
3547,1,1,1785,3,2025-10-31,Bill Payment,Completed,45.0
3548,1,2,1203,,2026-03-26,Accessory Sale,Completed,40.94
3549,9,22,1877,5,2025-11-27,Bill Payment,Completed,60.0
3550,8,18,582,6,2025-04-15,Plan Change,Completed,6.03
3551,6,,2599,6,2025-08-24,Bill Payment,Completed,65.0
3552,3,6,333,6,2025-10-16,Bill Payment,Completed,65.0
3553,4,10,1532,5,2026-03-14,Bill Payment,Completed,60.0
3554,8,19,459,4,2025-10-03,Bill Payment,Voided,0.0
3555,6,14,1,5,2026-03-30,Bill Payment,Completed,60.0
3556,5,11,1226,2,2025-02-13,New Activation,Completed,46.86
3557,12,31,1030,2,2026-05-23,Bill Payment,Voided,0.0
3558,10,24,357,,2025-08-29,Accessory Sale,Completed,40.22
3559,11,30,1789,5,2025-10-26,Bill Payment,Completed,60.0
3560,6,13,1192,,2026-06-17,Accessory Sale,Completed,33.51
3561,13,34,2354,6,2026-01-20,Bill Payment,Completed,65.0
3562,15,42,2025,2,2025-06-27,Bill Payment,Refunded,-40.0
3563,5,11,182,,2026-03-18,Accessory Sale,Refunded,-53.07
3564,16,45,1589,5,2026-04-07,Bill Payment,Completed,60.0
3565,2,3,698,1,2025-01-13,Bill Payment,Completed,30.0
3566,14,36,1859,2,2026-01-01,Bill Payment,Completed,40.0
3567,5,11,1545,2,2026-03-06,Upgrade,Voided,0.0
3568,14,37,2562,5,2026-06-29,Bill Payment,Completed,60.0
3569,1,1,2544,1,2025-07-03,Upgrade,Completed,54.08
3570,6,13,271,,2025-06-04,Accessory Sale,Voided,0.0
3571,8,19,888,5,2026-06-05,Bill Payment,Completed,60.0
3572,15,41,2082,5,2026-05-29,Bill Payment,Voided,0.0
3573,6,13,2003,6,2026-03-31,Bill Payment,Completed,65.0
3574,7,15,135,5,2025-03-02,Bill Payment,Refunded,-60.0
3575,1,2,959,4,2026-06-04,Bill Payment,Completed,55.0
3576,11,28,2066,6,2026-04-04,New Activation,Completed,70.7
3577,10,26,2028,2,2025-01-13,Bill Payment,Completed,40.0
3578,10,26,1414,5,2026-06-11,Bill Payment,Completed,60.0
3579,4,10,2370,,2025-04-17,Accessory Sale,Refunded,-21.05
3580,16,43,2263,1,2026-01-16,Bill Payment,Completed,30.0
3581,12,32,361,6,2025-10-11,Bill Payment,Completed,65.0
3582,3,7,1599,4,2026-03-15,Bill Payment,Completed,55.0
3583,17,47,2548,4,2025-04-27,Bill Payment,Completed,55.0
3584,8,19,432,4,2025-08-26,Bill Payment,Completed,55.0
3585,6,,788,3,2025-10-21,Bill Payment,Completed,45.0
3586,3,7,2077,6,2025-11-20,Bill Payment,Voided,0.0
3587,18,,248,,2025-08-11,Accessory Sale,Completed,125.69
3588,4,9,1601,5,2025-08-03,Bill Payment,Refunded,-60.0
3589,6,13,978,3,2026-06-12,Bill Payment,Completed,45.0
3590,16,,402,4,2025-04-13,Bill Payment,Completed,55.0
3591,14,36,2372,2,2025-06-24,Upgrade,Completed,90.46
3592,17,48,637,6,2026-05-21,Bill Payment,Refunded,-65.0
3593,8,17,1784,4,2025-03-08,Bill Payment,Completed,55.0
3594,11,27,1030,2,2025-02-16,Upgrade,Completed,83.54
3595,12,32,1451,5,2025-08-18,New Activation,Voided,0.0
3596,9,23,243,,2026-03-14,Accessory Sale,Completed,14.36
3597,5,12,2115,3,2025-11-06,Bill Payment,Refunded,-45.0
3598,11,30,2298,1,2025-02-22,Bill Payment,Completed,30.0
3599,10,25,2189,6,2026-04-02,Bill Payment,Completed,65.0
3600,16,46,2268,1,2025-05-07,Bill Payment,Completed,30.0
3601,14,36,1039,6,2026-03-18,Bill Payment,Completed,65.0
3602,16,44,312,6,2025-08-08,Bill Payment,Completed,65.0
3603,2,4,1420,6,2026-04-27,Bill Payment,Completed,65.0
3604,7,,792,6,2026-03-04,Bill Payment,Completed,65.0
3605,11,30,891,2,2025-09-08,New Activation,Completed,47.39
3606,3,7,1761,3,2025-01-01,Bill Payment,Completed,45.0
3607,14,35,451,1,2025-06-04,Bill Payment,Completed,30.0
3608,14,35,1659,5,2026-04-04,Bill Payment,Completed,60.0
3609,7,15,653,3,2025-03-20,Bill Payment,Completed,45.0
3610,9,22,2002,,2025-04-26,Accessory Sale,Voided,0.0
3611,18,49,1715,6,2025-12-06,Bill Payment,Completed,65.0
3612,6,13,879,4,2026-06-09,Bill Payment,Completed,55.0
3613,13,34,827,3,2025-04-16,Bill Payment,Completed,45.0
3614,13,33,827,4,2025-04-02,Bill Payment,Completed,55.0
3615,15,42,629,,2026-05-23,Accessory Sale,Refunded,-74.28
3616,14,36,1355,4,2025-09-29,Bill Payment,Completed,55.0
3617,3,8,1820,3,2025-07-13,Plan Change,Completed,7.36
3618,8,18,1697,4,2025-12-26,Bill Payment,Completed,55.0
3619,12,31,275,2,2026-03-09,Plan Change,Completed,8.76
3620,17,47,2254,4,2025-12-11,Bill Payment,Completed,55.0
3621,2,3,2268,4,2025-11-19,New Activation,Completed,63.85
3622,9,23,1545,2,2025-02-20,Bill Payment,Completed,40.0
3623,11,28,1029,5,2025-02-25,Bill Payment,Completed,60.0
3624,11,29,910,6,2025-06-16,Bill Payment,Completed,65.0
3625,5,12,2231,6,2025-03-29,Plan Change,Voided,0.0
3626,11,30,2422,,2025-09-11,Accessory Sale,Completed,62.61
3627,15,,1978,6,2025-11-21,Bill Payment,Completed,65.0
3628,1,1,2255,2,2025-04-17,Bill Payment,Completed,40.0
3629,9,22,563,5,2026-06-19,Bill Payment,Completed,60.0
3630,1,2,621,4,2026-02-28,Bill Payment,Completed,55.0
3631,14,35,2364,5,2025-06-20,New Activation,Completed,73.61
3632,1,2,1051,,2026-01-24,Accessory Sale,Completed,18.99
3633,16,44,261,5,2025-07-08,Bill Payment,Completed,60.0
3634,2,,1894,3,2025-05-20,New Activation,Completed,56.8
3635,3,6,1165,5,2025-02-08,New Activation,Completed,70.12
3636,13,33,2148,3,2025-07-02,Bill Payment,Completed,45.0
3637,18,50,2081,3,2025-01-08,Bill Payment,Refunded,-45.0
3638,6,13,339,3,2026-05-24,Bill Payment,Voided,0.0
3639,8,17,1001,6,2026-02-22,Bill Payment,Completed,65.0
3640,15,42,379,1,2025-08-13,Plan Change,Completed,1.07
3641,16,44,2479,2,2025-01-17,Bill Payment,Refunded,-40.0
3642,15,40,2422,4,2026-03-23,Bill Payment,Refunded,-55.0
3643,3,8,2590,1,2026-06-14,New Activation,Refunded,-40.12
3644,14,37,1474,4,2025-07-07,Bill Payment,Completed,55.0
3645,6,14,153,3,2025-06-22,Upgrade,Completed,65.29
3646,8,,2365,,2025-02-26,Accessory Sale,Completed,71.05
3647,2,5,1067,2,2025-06-09,Bill Payment,Completed,40.0
3648,2,,1913,5,2026-04-24,Bill Payment,Completed,60.0
3649,11,28,2008,,2026-01-22,Accessory Sale,Completed,127.55
3650,13,34,1118,6,2025-02-02,Bill Payment,Completed,65.0
3651,15,42,220,5,2025-11-25,New Activation,Refunded,-67.27
3652,4,10,1129,1,2025-04-07,New Activation,Voided,0.0
3653,8,18,2516,2,2025-10-28,New Activation,Completed,49.16
3654,12,31,2020,4,2025-08-16,Bill Payment,Refunded,-55.0
3655,18,50,2054,6,2025-02-26,New Activation,Completed,73.64
3656,10,25,2015,,2025-12-21,Accessory Sale,Completed,23.46
3657,18,50,1668,,2025-11-25,Accessory Sale,Completed,142.51
3658,5,12,2230,6,2025-05-09,Bill Payment,Completed,65.0
3659,17,48,1816,4,2026-01-23,New Activation,Completed,60.94
3660,18,49,1389,3,2026-06-19,Bill Payment,Completed,45.0
3661,17,48,1554,4,2026-04-01,Bill Payment,Completed,55.0
3662,7,16,711,4,2025-08-03,New Activation,Completed,68.1
3663,11,27,1001,4,2026-05-18,New Activation,Completed,61.37
3664,12,31,1817,2,2026-04-11,Bill Payment,Completed,40.0
3665,18,49,2289,6,2026-05-19,Bill Payment,Voided,0.0
3666,16,46,1791,3,2026-05-12,Upgrade,Completed,75.49
3667,15,39,907,4,2026-03-12,Bill Payment,Completed,55.0
3668,13,33,358,1,2025-01-24,Bill Payment,Completed,30.0
3669,10,24,1874,5,2025-02-07,Bill Payment,Completed,60.0
3670,15,40,473,5,2025-01-07,Bill Payment,Completed,60.0
3671,1,1,590,1,2025-07-29,Bill Payment,Completed,30.0
3672,6,13,2418,3,2026-05-22,Bill Payment,Completed,45.0
3673,6,13,694,1,2026-06-02,Bill Payment,Voided,0.0
3674,8,19,1936,6,2026-06-17,Bill Payment,Completed,65.0
3675,11,30,717,,2026-02-16,Accessory Sale,Completed,74.54
3676,12,32,1323,1,2025-12-11,Bill Payment,Completed,30.0
3677,12,32,1426,6,2025-03-15,Bill Payment,Completed,65.0
3678,15,39,1642,1,2026-01-30,Bill Payment,Completed,30.0
3679,7,16,162,1,2025-07-18,Bill Payment,Completed,30.0
3680,13,33,1343,5,2026-02-01,Bill Payment,Completed,60.0
3681,9,23,2299,,2026-03-04,Accessory Sale,Completed,24.13
3682,11,27,96,5,2025-04-13,New Activation,Completed,67.14
3683,4,10,2337,5,2025-04-11,Bill Payment,Voided,0.0
3684,9,20,225,,2025-03-20,Accessory Sale,Refunded,-115.7
3685,15,40,184,2,2026-03-21,Bill Payment,Completed,40.0
3686,1,1,1667,4,2025-11-16,Bill Payment,Completed,55.0
3687,13,33,473,5,2025-12-10,Bill Payment,Completed,60.0
3688,9,,1149,4,2025-04-20,Bill Payment,Refunded,-55.0
3689,11,30,1353,,2026-01-12,Accessory Sale,Refunded,-20.35
3690,7,15,26,6,2025-09-27,Bill Payment,Voided,0.0
3691,14,36,1688,1,2026-04-19,Bill Payment,Refunded,-30.0
3692,8,18,1128,6,2025-03-25,Bill Payment,Completed,65.0
3693,6,13,943,6,2026-02-21,Bill Payment,Refunded,-65.0
3694,12,31,1367,4,2025-08-12,Bill Payment,Completed,55.0
3695,14,,2028,1,2025-07-03,Bill Payment,Completed,30.0
3696,14,35,783,1,2025-02-07,Bill Payment,Completed,30.0
3697,2,4,2069,5,2026-05-15,Bill Payment,Completed,60.0
3698,13,33,1938,1,2026-04-30,Bill Payment,Completed,30.0
3699,5,12,2375,6,2025-05-24,New Activation,Completed,76.74
3700,6,14,258,5,2025-01-10,New Activation,Completed,74.18
3701,17,47,1188,,2025-01-02,Accessory Sale,Completed,136.67
3702,6,13,196,1,2026-03-08,Bill Payment,Completed,30.0
3703,5,12,613,2,2026-02-02,Bill Payment,Completed,40.0
3704,7,15,17,5,2026-04-28,Bill Payment,Completed,60.0
3705,5,11,1197,3,2026-04-12,Bill Payment,Completed,45.0
3706,7,15,141,5,2025-12-12,Bill Payment,Refunded,-60.0
3707,12,31,29,6,2026-06-01,New Activation,Voided,0.0
3708,5,11,2051,4,2025-12-09,Bill Payment,Voided,0.0
3709,12,32,2352,,2025-03-11,Accessory Sale,Completed,118.49
3710,14,35,1049,5,2025-03-19,Bill Payment,Completed,60.0
3711,12,31,1222,3,2025-03-31,Bill Payment,Completed,45.0
3712,18,50,2370,5,2025-03-26,New Activation,Completed,73.94
3713,8,17,134,5,2026-05-21,Bill Payment,Completed,60.0
3714,16,45,748,6,2026-05-18,Bill Payment,Refunded,-65.0
3715,11,29,2512,3,2025-07-28,Bill Payment,Completed,45.0
3716,5,11,1790,6,2026-04-18,New Activation,Completed,73.13
3717,12,31,337,4,2026-04-13,Plan Change,Completed,3.88
3718,13,34,1031,4,2025-01-29,New Activation,Completed,65.48
3719,11,30,942,,2025-05-26,Accessory Sale,Completed,130.87
3720,9,23,928,3,2026-02-03,Bill Payment,Completed,45.0
3721,18,49,1388,4,2026-05-21,Bill Payment,Completed,55.0
3722,7,16,2394,3,2025-06-15,Bill Payment,Completed,45.0
3723,5,12,706,,2025-11-14,Accessory Sale,Refunded,-98.09
3724,12,31,185,,2025-04-15,Accessory Sale,Completed,47.45
3725,14,37,1895,1,2026-01-14,Bill Payment,Completed,30.0
3726,12,32,2419,,2025-06-11,Accessory Sale,Completed,103.85
3727,11,27,929,6,2026-02-18,Bill Payment,Completed,65.0
3728,4,10,2056,3,2025-01-05,Bill Payment,Refunded,-45.0
3729,13,33,2010,,2025-10-12,Accessory Sale,Completed,106.38
3730,13,34,2286,6,2026-02-11,New Activation,Refunded,-72.29
3731,2,4,219,5,2026-05-22,Bill Payment,Completed,60.0
3732,2,5,1583,4,2025-11-02,New Activation,Completed,68.7
3733,11,29,687,4,2026-02-15,Plan Change,Voided,0.0
3734,15,39,1609,6,2026-04-15,Upgrade,Completed,93.93
3735,6,,2458,3,2025-09-09,New Activation,Completed,56.74
3736,9,23,186,6,2026-04-18,Bill Payment,Completed,65.0
3737,18,49,1671,1,2025-07-26,Bill Payment,Completed,30.0
3738,5,11,2110,1,2025-11-22,Bill Payment,Completed,30.0
3739,4,10,956,4,2025-11-29,Bill Payment,Completed,55.0
3740,8,17,2013,,2026-02-11,Accessory Sale,Completed,140.49
3741,2,3,1525,4,2025-09-10,Bill Payment,Completed,55.0
3742,3,7,292,3,2025-11-03,New Activation,Completed,58.13
3743,18,50,2338,6,2025-07-11,Bill Payment,Completed,65.0
3744,6,,178,2,2025-02-10,Bill Payment,Completed,40.0
3745,8,18,1648,1,2026-01-08,Bill Payment,Refunded,-30.0
3746,2,5,915,2,2025-02-14,Bill Payment,Completed,40.0
3747,3,7,2093,6,2025-07-21,Bill Payment,Refunded,-65.0
3748,6,13,2336,3,2025-12-31,Bill Payment,Completed,45.0
3749,17,48,1937,2,2026-03-03,Bill Payment,Completed,40.0
3750,14,36,2242,3,2025-06-14,Bill Payment,Completed,45.0
3751,11,30,461,1,2026-03-13,Upgrade,Completed,103.85
3752,16,46,872,6,2025-12-08,Bill Payment,Completed,65.0
3753,14,38,911,,2025-04-11,Accessory Sale,Completed,65.03
3754,8,19,1601,4,2026-06-03,Bill Payment,Completed,55.0
3755,1,2,698,1,2025-03-23,Bill Payment,Completed,30.0
3756,4,9,2157,5,2025-04-30,Bill Payment,Completed,60.0
3757,3,6,1380,3,2025-08-02,Bill Payment,Completed,45.0
3758,12,31,2009,3,2025-11-13,Bill Payment,Completed,45.0
3759,9,21,1484,3,2025-02-22,Upgrade,Completed,113.17
3760,17,48,730,6,2026-03-23,Bill Payment,Completed,65.0
3761,5,12,171,6,2026-04-23,New Activation,Completed,79.8
3762,3,8,1987,5,2026-03-03,Bill Payment,Voided,0.0
3763,9,21,1513,6,2025-01-28,Bill Payment,Voided,0.0
3764,13,33,1000,3,2025-10-23,Bill Payment,Completed,45.0
3765,12,32,1861,4,2025-01-17,Bill Payment,Voided,0.0
3766,18,,1558,4,2025-05-13,New Activation,Completed,63.88
3767,9,23,384,,2026-01-28,Accessory Sale,Completed,110.27
3768,16,44,1025,4,2026-06-24,Upgrade,Completed,107.13
3769,8,17,1415,,2025-09-20,Accessory Sale,Completed,122.91
3770,8,17,840,4,2025-10-19,Bill Payment,Refunded,-55.0
3771,17,48,1039,6,2025-04-04,Bill Payment,Completed,65.0
3772,9,21,2362,6,2025-05-05,Bill Payment,Completed,65.0
3773,9,22,1015,4,2026-04-16,Bill Payment,Completed,55.0
3774,14,36,436,3,2025-03-06,Bill Payment,Completed,45.0
3775,15,39,516,5,2025-07-27,Bill Payment,Completed,60.0
3776,16,44,1233,5,2025-01-29,Upgrade,Completed,121.21
3777,11,28,738,4,2026-02-06,Bill Payment,Completed,55.0
3778,15,39,176,1,2026-02-21,Bill Payment,Completed,30.0
3779,2,5,2592,6,2025-02-01,Bill Payment,Completed,65.0
3780,8,17,1122,5,2025-02-27,Upgrade,Completed,114.33
3781,5,,1652,5,2025-09-28,Bill Payment,Completed,60.0
3782,17,47,725,,2025-11-15,Accessory Sale,Completed,106.22
3783,5,12,265,4,2026-03-09,Bill Payment,Completed,55.0
3784,2,5,1047,4,2025-08-05,Bill Payment,Completed,55.0
3785,2,5,1603,3,2026-02-11,Bill Payment,Completed,45.0
3786,11,28,2561,3,2025-09-09,Upgrade,Completed,106.2
3787,5,12,604,3,2026-02-27,Upgrade,Completed,120.63
3788,18,50,1107,4,2025-12-04,Bill Payment,Refunded,-55.0
3789,5,11,1003,4,2025-04-26,Bill Payment,Completed,55.0
3790,18,50,1473,,2025-10-13,Accessory Sale,Completed,125.61
3791,18,50,213,6,2025-10-29,Bill Payment,Completed,65.0
3792,11,28,238,4,2026-01-25,Bill Payment,Completed,55.0
3793,16,43,410,2,2025-10-01,Plan Change,Completed,4.74
3794,5,11,127,2,2026-04-13,Bill Payment,Completed,40.0
3795,13,33,1140,6,2025-09-10,Bill Payment,Completed,65.0
3796,13,34,1231,4,2025-10-08,Plan Change,Completed,8.97
3797,5,11,66,1,2026-03-17,Bill Payment,Voided,0.0
3798,18,49,1203,6,2025-11-26,Bill Payment,Completed,65.0
3799,8,18,1052,6,2026-03-06,Bill Payment,Completed,65.0
3800,16,43,1090,3,2025-01-20,Bill Payment,Completed,45.0
3801,3,6,556,5,2025-07-29,Bill Payment,Completed,60.0
3802,18,50,1784,1,2026-06-01,New Activation,Completed,41.51
3803,12,32,1835,3,2025-06-17,Bill Payment,Completed,45.0
3804,8,19,973,3,2025-10-30,Plan Change,Completed,3.95
3805,7,16,55,5,2025-04-21,Bill Payment,Completed,60.0
3806,14,35,2388,,2025-04-28,Accessory Sale,Completed,114.29
3807,4,9,544,5,2025-08-03,Upgrade,Completed,122.77
3808,18,49,314,3,2025-01-16,New Activation,Completed,50.44
3809,12,31,1187,3,2026-04-23,Bill Payment,Completed,45.0
3810,7,15,516,2,2025-03-25,Bill Payment,Refunded,-40.0
3811,16,44,2412,5,2025-12-17,Bill Payment,Refunded,-60.0
3812,4,10,467,1,2026-06-12,Bill Payment,Completed,30.0
3813,12,32,1394,2,2025-01-26,Bill Payment,Completed,40.0
3814,17,47,1915,1,2025-10-09,Bill Payment,Completed,30.0
3815,16,43,417,4,2025-09-22,Bill Payment,Completed,55.0
3816,8,17,498,,2025-05-09,Accessory Sale,Completed,65.04
3817,13,34,1444,5,2025-07-21,Bill Payment,Refunded,-60.0
3818,18,50,1714,5,2025-12-24,Bill Payment,Voided,0.0
3819,10,24,970,2,2026-01-22,Upgrade,Voided,0.0
3820,17,47,908,3,2026-01-20,Bill Payment,Completed,45.0
3821,17,48,1925,3,2025-07-28,Bill Payment,Refunded,-45.0
3822,16,44,446,5,2025-12-17,Bill Payment,Completed,60.0
3823,13,34,876,6,2025-10-19,Bill Payment,Completed,65.0
3824,5,11,1462,2,2025-02-14,Upgrade,Completed,75.15
3825,5,12,1628,3,2025-10-02,New Activation,Completed,58.72
3826,6,14,1077,2,2025-09-03,Bill Payment,Completed,40.0
3827,5,11,63,6,2025-03-12,Bill Payment,Voided,0.0
3828,6,14,1695,,2025-10-11,Accessory Sale,Completed,65.98
3829,11,28,1322,6,2025-10-01,Bill Payment,Completed,65.0
3830,5,12,352,2,2026-02-14,Bill Payment,Completed,40.0
3831,11,28,1260,2,2025-10-30,Bill Payment,Completed,40.0
3832,10,24,1594,1,2026-04-16,Bill Payment,Completed,30.0
3833,11,29,655,3,2025-09-30,Bill Payment,Completed,45.0
3834,11,28,2377,4,2025-07-01,Bill Payment,Completed,55.0
3835,11,30,685,1,2025-07-25,Bill Payment,Completed,30.0
3836,14,35,1644,,2026-03-25,Accessory Sale,Completed,47.91
3837,6,13,903,4,2025-01-21,Plan Change,Voided,0.0
3838,2,4,1414,6,2025-07-09,Bill Payment,Completed,65.0
3839,9,21,2252,1,2026-01-10,Bill Payment,Voided,0.0
3840,10,24,104,2,2025-11-21,Bill Payment,Refunded,-40.0
3841,9,23,1574,3,2026-03-14,Bill Payment,Completed,45.0
3842,2,5,1668,4,2025-11-16,Bill Payment,Completed,55.0
3843,12,32,1332,3,2025-07-25,Bill Payment,Completed,45.0
3844,14,,2541,1,2025-09-21,Bill Payment,Refunded,-30.0
3845,18,50,1543,2,2025-09-23,Plan Change,Voided,0.0
3846,7,16,2546,6,2025-03-18,Bill Payment,Completed,65.0
3847,7,15,2325,3,2026-01-13,Bill Payment,Completed,45.0
3848,12,31,1927,6,2026-03-25,Bill Payment,Completed,65.0
3849,15,39,2073,4,2025-07-06,Bill Payment,Voided,0.0
3850,6,13,1629,1,2025-10-28,New Activation,Voided,0.0
3851,10,25,401,4,2026-04-04,Bill Payment,Completed,55.0
3852,14,38,2120,3,2025-04-29,Bill Payment,Completed,45.0
3853,1,1,2005,4,2026-02-24,Bill Payment,Completed,55.0
3854,10,26,256,4,2025-04-01,Bill Payment,Completed,55.0
3855,2,5,2104,4,2025-04-26,Bill Payment,Completed,55.0
3856,9,22,207,5,2025-03-09,Bill Payment,Completed,60.0
3857,5,11,2381,4,2025-02-25,Bill Payment,Refunded,-55.0
3858,11,,1601,4,2025-12-20,Bill Payment,Voided,0.0
3859,9,22,1760,2,2026-05-30,Bill Payment,Completed,40.0
3860,3,8,2454,5,2026-05-21,Bill Payment,Completed,60.0
3861,7,16,1608,1,2025-05-20,Bill Payment,Completed,30.0
3862,18,49,148,1,2025-12-23,Bill Payment,Completed,30.0
3863,2,5,1238,2,2025-03-07,Bill Payment,Completed,40.0
3864,16,46,2208,1,2026-01-30,Bill Payment,Completed,30.0
3865,8,18,73,5,2025-10-31,Upgrade,Completed,97.18
3866,6,14,72,,2026-06-06,Accessory Sale,Completed,34.18
3867,5,,767,,2026-03-18,Accessory Sale,Completed,61.26
3868,10,25,251,6,2025-11-25,Bill Payment,Completed,65.0
3869,11,29,41,5,2025-09-12,Bill Payment,Completed,60.0
3870,16,43,1569,3,2025-04-23,Bill Payment,Completed,45.0
3871,17,47,383,2,2025-03-24,Bill Payment,Completed,40.0
3872,12,31,2047,6,2025-12-20,Bill Payment,Completed,65.0
3873,4,9,226,5,2025-11-20,Bill Payment,Completed,60.0
3874,3,6,150,4,2025-08-08,Plan Change,Voided,0.0
3875,1,2,888,4,2025-08-10,Plan Change,Completed,9.39
3876,16,46,605,4,2025-01-26,Plan Change,Completed,1.32
3877,7,16,43,6,2025-07-14,Bill Payment,Completed,65.0
3878,13,34,1237,,2025-10-23,Accessory Sale,Completed,63.37
3879,1,1,53,5,2025-07-11,Bill Payment,Completed,60.0
3880,13,,2065,5,2025-06-05,New Activation,Completed,70.72
3881,8,19,834,4,2026-02-21,Bill Payment,Voided,0.0
3882,2,4,2329,1,2026-02-26,New Activation,Completed,41.82
3883,18,49,523,2,2025-10-02,Bill Payment,Voided,0.0
3884,14,38,1490,4,2025-12-05,Bill Payment,Completed,55.0
3885,18,,1330,5,2025-10-05,Bill Payment,Completed,60.0
3886,2,,2036,3,2026-04-24,Bill Payment,Completed,45.0
3887,1,,2334,,2025-02-04,Accessory Sale,Completed,14.76
3888,8,19,1822,4,2026-05-31,New Activation,Completed,62.6
3889,11,,1972,2,2025-05-25,Bill Payment,Completed,40.0
3890,7,15,1827,1,2025-10-03,New Activation,Completed,42.91
3891,3,6,1161,1,2025-04-09,Bill Payment,Completed,30.0
3892,3,8,1547,2,2025-03-21,Upgrade,Completed,78.85
3893,2,3,990,4,2025-06-28,Bill Payment,Completed,55.0
3894,14,37,2248,1,2025-07-01,Bill Payment,Completed,30.0
3895,2,3,1439,3,2025-02-10,Bill Payment,Voided,0.0
3896,18,49,422,,2025-09-12,Accessory Sale,Completed,134.22
3897,6,13,466,2,2026-04-23,Bill Payment,Completed,40.0
3898,11,29,233,2,2025-12-22,Upgrade,Completed,63.36
3899,9,22,468,4,2026-05-25,Upgrade,Completed,119.6
3900,6,13,1109,6,2026-04-23,Bill Payment,Voided,0.0
3901,17,47,2578,5,2025-05-26,Bill Payment,Completed,60.0
3902,14,35,37,3,2026-03-25,New Activation,Voided,0.0
3903,8,18,2070,3,2026-01-25,Bill Payment,Completed,45.0
3904,8,17,2098,2,2025-01-06,Bill Payment,Completed,40.0
3905,11,30,302,6,2025-03-10,Bill Payment,Completed,65.0
3906,9,21,1584,3,2025-04-30,Bill Payment,Completed,45.0
3907,7,16,1274,5,2026-03-16,Bill Payment,Completed,60.0
3908,8,19,1144,6,2025-08-03,Bill Payment,Completed,65.0
3909,16,43,2513,5,2026-04-21,Bill Payment,Refunded,-60.0
3910,4,10,1982,5,2026-01-12,New Activation,Completed,72.19
3911,1,1,887,,2026-01-25,Accessory Sale,Completed,104.63
3912,8,19,1147,1,2025-03-22,Bill Payment,Completed,30.0
3913,8,19,820,,2025-07-30,Accessory Sale,Completed,61.04
3914,3,7,2325,6,2025-02-05,Bill Payment,Completed,65.0
3915,7,16,1158,6,2025-06-14,Bill Payment,Completed,65.0
3916,10,26,438,6,2025-07-19,Bill Payment,Voided,0.0
3917,7,15,989,2,2025-09-08,Upgrade,Completed,119.45
3918,12,32,710,1,2025-05-07,Bill Payment,Completed,30.0
3919,6,14,873,,2026-02-15,Accessory Sale,Voided,0.0
3920,2,5,1610,6,2025-11-06,Bill Payment,Completed,65.0
3921,8,19,1285,4,2026-06-07,New Activation,Voided,0.0
3922,4,10,2380,5,2025-06-10,Upgrade,Refunded,-80.67
3923,9,,561,6,2025-12-21,Bill Payment,Completed,65.0
3924,18,49,205,3,2026-01-14,Bill Payment,Completed,45.0
3925,1,2,2105,3,2025-04-16,Bill Payment,Refunded,-45.0
3926,14,36,349,6,2025-03-15,Plan Change,Completed,8.88
3927,11,30,2379,5,2026-05-25,Bill Payment,Completed,60.0
3928,5,12,627,,2025-05-21,Accessory Sale,Refunded,-147.37
3929,6,14,157,5,2025-11-02,Bill Payment,Completed,60.0
3930,14,35,625,6,2025-10-19,Bill Payment,Completed,65.0
3931,3,8,835,4,2026-06-24,Plan Change,Completed,3.16
3932,9,20,713,3,2025-08-22,New Activation,Completed,58.26
3933,5,12,2095,6,2026-05-23,Bill Payment,Completed,65.0
3934,4,10,1787,4,2025-07-24,Plan Change,Completed,4.0
3935,7,16,790,3,2025-11-21,Bill Payment,Completed,45.0
3936,5,11,1036,2,2026-06-11,Bill Payment,Completed,40.0
3937,11,29,11,2,2025-06-26,New Activation,Completed,50.79
3938,3,6,2058,1,2025-05-08,Bill Payment,Completed,30.0
3939,18,50,2488,3,2025-06-16,Bill Payment,Voided,0.0
3940,18,49,1926,3,2025-04-26,Bill Payment,Completed,45.0
3941,15,41,1563,1,2026-05-05,Bill Payment,Completed,30.0
3942,5,12,1051,4,2026-04-05,New Activation,Completed,64.09
3943,1,1,2561,1,2025-08-13,Upgrade,Refunded,-104.3
3944,8,19,2315,2,2025-08-03,Bill Payment,Completed,40.0
3945,2,,2434,2,2026-05-13,Bill Payment,Completed,40.0
3946,3,7,2386,5,2025-03-16,New Activation,Completed,72.05
3947,6,13,174,6,2025-01-17,Bill Payment,Completed,65.0
3948,17,47,1604,1,2025-12-27,Bill Payment,Completed,30.0
3949,14,36,2397,2,2025-09-14,Bill Payment,Completed,40.0
3950,8,17,852,6,2026-03-04,Plan Change,Completed,3.48
3951,9,21,1497,4,2025-05-17,Bill Payment,Completed,55.0
3952,17,47,570,6,2025-09-18,Bill Payment,Completed,65.0
3953,11,,1846,,2026-04-22,Accessory Sale,Completed,143.06
3954,5,11,2280,3,2025-02-12,Bill Payment,Voided,0.0
3955,2,3,2469,,2026-05-29,Accessory Sale,Completed,11.09
3956,5,12,785,5,2025-03-23,Bill Payment,Voided,0.0
3957,16,46,823,1,2025-07-07,Bill Payment,Completed,30.0
3958,8,18,1,4,2026-05-06,Upgrade,Completed,120.71
3959,16,46,149,6,2026-05-15,Bill Payment,Completed,65.0
3960,18,50,1835,2,2025-05-28,Plan Change,Completed,9.2
3961,17,47,395,6,2026-01-04,Upgrade,Completed,107.13
3962,3,,262,3,2025-07-17,New Activation,Completed,55.32
3963,16,43,1237,6,2026-01-27,Bill Payment,Completed,65.0
3964,3,6,659,3,2025-02-04,Bill Payment,Completed,45.0
3965,5,11,1312,6,2025-01-07,Bill Payment,Completed,65.0
3966,15,40,694,4,2025-03-28,Bill Payment,Completed,55.0
3967,16,43,2156,2,2025-12-02,Bill Payment,Refunded,-40.0
3968,4,10,509,4,2026-03-21,Bill Payment,Completed,55.0
3969,14,38,1208,2,2025-11-06,Bill Payment,Completed,40.0
3970,14,37,472,,2026-04-14,Accessory Sale,Completed,52.68
3971,18,49,238,1,2025-01-01,Bill Payment,Refunded,-30.0
3972,2,4,308,2,2026-05-27,New Activation,Completed,52.93
3973,1,1,1433,1,2025-12-28,New Activation,Completed,40.11
3974,2,5,2446,,2025-01-01,Accessory Sale,Voided,0.0
3975,3,8,1411,5,2025-09-24,Bill Payment,Completed,60.0
3976,17,48,2227,3,2025-11-18,Bill Payment,Completed,45.0
3977,18,50,1600,5,2025-07-30,Bill Payment,Completed,60.0
3978,2,3,1472,,2026-01-03,Accessory Sale,Completed,85.96
3979,11,29,165,2,2026-05-06,Bill Payment,Completed,40.0
3980,16,44,779,4,2025-07-12,Plan Change,Completed,0.58
3981,10,24,945,2,2025-03-26,Bill Payment,Completed,40.0
3982,7,15,944,5,2025-07-25,Bill Payment,Completed,60.0
3983,4,10,2395,,2025-04-25,Accessory Sale,Refunded,-121.31
3984,14,37,2593,,2026-01-30,Accessory Sale,Completed,20.95
3985,4,9,976,1,2026-04-06,Bill Payment,Completed,30.0
3986,2,3,731,4,2025-05-14,Upgrade,Voided,0.0
3987,14,37,717,1,2025-07-27,Bill Payment,Completed,30.0
3988,6,14,108,5,2025-12-23,Bill Payment,Completed,60.0
3989,6,14,377,,2026-02-10,Accessory Sale,Completed,148.46
3990,7,15,2240,6,2025-03-10,Bill Payment,Completed,65.0
3991,2,3,867,5,2025-04-19,Bill Payment,Completed,60.0
3992,4,10,793,4,2025-11-28,Bill Payment,Completed,55.0
3993,5,12,2029,5,2025-03-02,Bill Payment,Completed,60.0
3994,8,19,96,6,2025-11-23,Bill Payment,Completed,65.0
3995,9,20,1025,5,2025-09-14,Bill Payment,Completed,60.0
3996,10,26,702,3,2025-08-08,Bill Payment,Completed,45.0
3997,18,50,310,6,2026-02-23,Upgrade,Completed,130.44
3998,2,3,1969,1,2026-01-27,New Activation,Completed,42.91
3999,5,11,2596,6,2025-07-06,New Activation,Completed,78.58
4000,15,39,1660,2,2025-11-29,New Activation,Completed,54.06
4001,16,,362,6,2026-05-24,Bill Payment,Completed,65.0
4002,12,31,1878,1,2026-06-02,Plan Change,Completed,7.29
4003,2,3,804,3,2025-05-17,Plan Change,Completed,1.77
4004,11,29,401,4,2025-06-29,Bill Payment,Completed,55.0
4005,6,13,1306,3,2026-01-08,Bill Payment,Refunded,-45.0
4006,3,7,2569,3,2025-03-02,Bill Payment,Completed,45.0
4007,11,,373,3,2025-06-14,Bill Payment,Refunded,-45.0
4008,8,17,1086,5,2025-02-19,Plan Change,Refunded,-3.36
4009,7,16,883,2,2025-05-10,Upgrade,Completed,90.01
4010,1,2,1366,5,2025-01-22,Bill Payment,Completed,60.0
4011,18,49,83,1,2026-06-06,Bill Payment,Completed,30.0
4012,5,,2135,1,2025-04-24,Bill Payment,Completed,30.0
4013,1,2,163,1,2025-01-31,Bill Payment,Completed,30.0
4014,9,20,2126,3,2025-12-13,Plan Change,Completed,2.69
4015,16,44,1275,1,2025-01-31,Bill Payment,Completed,30.0
4016,8,18,747,2,2025-11-25,Bill Payment,Completed,40.0
4017,4,9,1111,3,2025-11-07,Plan Change,Voided,0.0
4018,5,11,1063,1,2025-04-09,Bill Payment,Completed,30.0
4019,1,2,623,2,2025-09-04,Bill Payment,Completed,40.0
4020,1,1,2396,2,2025-08-10,Bill Payment,Refunded,-40.0
4021,16,46,1394,1,2025-03-13,New Activation,Completed,44.98
4022,1,1,1062,6,2026-01-22,Bill Payment,Completed,65.0
4023,16,46,2166,3,2026-06-14,Bill Payment,Completed,45.0
4024,13,33,2572,,2026-03-12,Accessory Sale,Completed,145.95
4025,3,6,1411,2,2026-04-10,Bill Payment,Voided,0.0
4026,18,49,693,3,2025-07-09,Bill Payment,Completed,45.0
4027,14,35,807,6,2025-06-27,Bill Payment,Completed,65.0
4028,9,22,2217,,2026-05-12,Accessory Sale,Voided,0.0
4029,6,14,2123,3,2025-11-04,Bill Payment,Voided,0.0
4030,6,14,2054,2,2026-02-19,Plan Change,Completed,0.76
4031,18,49,2477,3,2026-05-24,Bill Payment,Completed,45.0
4032,12,31,1921,3,2025-02-03,New Activation,Completed,50.42
4033,1,1,1736,2,2026-06-22,Upgrade,Voided,0.0
4034,4,9,859,2,2026-01-06,Bill Payment,Completed,40.0
4035,12,31,206,4,2026-05-01,Bill Payment,Voided,0.0
4036,11,28,968,1,2025-07-25,Bill Payment,Completed,30.0
4037,14,37,1811,1,2025-09-25,Bill Payment,Completed,30.0
4038,14,36,1447,6,2026-04-18,Plan Change,Refunded,-8.89
4039,6,14,392,4,2025-10-04,Bill Payment,Voided,0.0
4040,15,40,2302,2,2025-03-24,Upgrade,Completed,106.36
4041,2,5,691,1,2025-03-02,New Activation,Voided,0.0
4042,1,1,2099,4,2025-04-19,Bill Payment,Refunded,-55.0
4043,14,38,2597,3,2025-09-09,New Activation,Completed,56.51
4044,7,16,328,,2026-02-02,Accessory Sale,Completed,87.21
4045,17,47,2283,1,2026-03-16,Upgrade,Completed,85.75
4046,8,19,2440,2,2025-08-29,New Activation,Completed,49.31
4047,6,14,1091,6,2025-04-21,Upgrade,Completed,88.53
4048,16,45,964,,2025-12-08,Accessory Sale,Completed,92.63
4049,8,18,826,1,2025-10-19,New Activation,Completed,43.06
4050,14,37,232,1,2025-03-24,Plan Change,Completed,8.09
4051,6,14,729,2,2025-08-30,Bill Payment,Completed,40.0
4052,16,46,435,1,2026-05-13,Bill Payment,Completed,30.0
4053,2,4,924,5,2025-01-20,Bill Payment,Completed,60.0
4054,17,,421,2,2025-02-14,Bill Payment,Completed,40.0
4055,15,41,1022,4,2026-04-21,New Activation,Completed,62.24
4056,12,31,825,5,2025-08-17,New Activation,Completed,72.98
4057,3,7,1689,6,2025-06-30,Bill Payment,Completed,65.0
4058,12,31,743,3,2025-12-10,Bill Payment,Completed,45.0
4059,11,29,2025,5,2026-04-21,Bill Payment,Completed,60.0
4060,13,34,1263,5,2026-01-08,Bill Payment,Completed,60.0
4061,3,6,949,,2025-09-11,Accessory Sale,Completed,27.59
4062,18,49,984,4,2026-05-15,Bill Payment,Voided,0.0
4063,8,19,1129,4,2025-08-26,New Activation,Completed,61.4
4064,8,18,942,5,2025-09-27,New Activation,Completed,66.02
4065,1,2,407,2,2026-05-26,Bill Payment,Completed,40.0
4066,6,14,1150,4,2025-03-28,Bill Payment,Completed,55.0
4067,8,19,337,2,2025-10-30,Plan Change,Voided,0.0
4068,5,12,218,3,2025-08-23,New Activation,Completed,51.43
4069,6,14,956,1,2025-11-14,Bill Payment,Completed,30.0
4070,2,5,2519,1,2026-01-13,New Activation,Completed,39.64
4071,3,7,724,,2025-12-18,Accessory Sale,Completed,142.38
4072,11,30,2335,3,2025-02-13,Bill Payment,Completed,45.0
4073,13,34,46,6,2025-06-10,Bill Payment,Completed,65.0
4074,5,12,342,1,2025-02-12,New Activation,Completed,44.94
4075,12,31,1260,4,2025-11-08,Bill Payment,Completed,55.0
4076,11,29,2175,3,2025-01-05,Bill Payment,Completed,45.0
4077,2,4,2199,6,2026-05-03,Bill Payment,Refunded,-65.0
4078,5,11,1050,,2026-06-10,Accessory Sale,Completed,133.18
4079,7,16,741,3,2025-03-31,Bill Payment,Completed,45.0
4080,17,48,1354,,2026-01-06,Accessory Sale,Voided,0.0
4081,12,31,2166,6,2026-04-26,Bill Payment,Completed,65.0
4082,17,48,2220,5,2026-02-06,Bill Payment,Completed,60.0
4083,15,40,253,3,2025-06-30,New Activation,Completed,55.44
4084,6,14,2475,1,2025-02-27,Bill Payment,Completed,30.0
4085,10,26,2319,2,2026-05-26,Bill Payment,Completed,40.0
4086,8,18,2436,1,2025-10-05,Bill Payment,Completed,30.0
4087,18,49,1691,3,2025-01-29,Bill Payment,Refunded,-45.0
4088,8,17,2573,4,2025-09-30,Bill Payment,Completed,55.0
4089,3,8,714,4,2025-01-30,Upgrade,Completed,82.5
4090,8,19,432,6,2026-06-02,Bill Payment,Refunded,-65.0
4091,5,11,828,,2026-01-12,Accessory Sale,Completed,140.03
4092,11,27,895,4,2025-10-08,Bill Payment,Completed,55.0
4093,2,4,62,4,2025-11-24,Bill Payment,Voided,0.0
4094,6,14,2579,1,2025-04-23,Bill Payment,Completed,30.0
4095,11,28,1487,1,2025-12-21,New Activation,Completed,35.1
4096,3,8,879,5,2026-03-28,Bill Payment,Completed,60.0
4097,14,37,1548,6,2026-05-08,Plan Change,Refunded,-5.03
4098,2,4,1757,,2026-03-24,Accessory Sale,Completed,72.65
4099,8,18,1588,4,2025-06-19,Bill Payment,Completed,55.0
4100,13,34,2125,,2026-01-06,Accessory Sale,Completed,97.3
4101,3,,756,1,2026-06-14,Bill Payment,Completed,30.0
4102,6,13,941,5,2025-04-01,Bill Payment,Completed,60.0
4103,4,9,1949,1,2025-02-01,Bill Payment,Completed,30.0
4104,2,5,392,6,2025-05-16,Bill Payment,Completed,65.0
4105,1,1,2130,3,2025-01-28,New Activation,Completed,58.94
4106,11,28,61,1,2026-02-11,New Activation,Completed,40.38
4107,18,,1145,6,2025-07-18,Bill Payment,Completed,65.0
4108,11,29,389,3,2025-06-26,New Activation,Completed,50.35
4109,2,3,2064,3,2025-03-19,Bill Payment,Completed,45.0
4110,12,31,1639,,2025-08-10,Accessory Sale,Refunded,-95.76
4111,9,22,1989,5,2025-12-12,Bill Payment,Completed,60.0
4112,18,49,1601,3,2025-01-01,Bill Payment,Completed,45.0
4113,4,9,2451,6,2025-03-14,New Activation,Completed,79.78
4114,3,,1466,2,2026-03-31,New Activation,Completed,50.24
4115,11,29,2250,4,2025-04-09,Upgrade,Refunded,-75.57
4116,13,33,1866,5,2025-01-06,New Activation,Completed,69.79
4117,18,50,628,2,2026-04-11,Bill Payment,Refunded,-40.0
4118,6,13,1460,6,2025-01-08,Bill Payment,Refunded,-65.0
4119,13,33,1556,,2025-05-04,Accessory Sale,Completed,16.0
4120,9,21,2237,1,2025-11-22,Bill Payment,Completed,30.0
4121,3,8,2072,2,2026-04-26,Bill Payment,Completed,40.0
4122,10,24,2250,4,2025-04-17,Bill Payment,Refunded,-55.0
4123,14,37,685,5,2026-04-19,Upgrade,Completed,80.65
4124,11,29,2473,2,2025-03-18,Bill Payment,Refunded,-40.0
4125,18,50,2077,3,2025-06-17,Bill Payment,Completed,45.0
4126,3,6,919,6,2025-12-09,Bill Payment,Completed,65.0
4127,14,35,1468,4,2025-01-26,Bill Payment,Refunded,-55.0
4128,18,50,1542,6,2025-11-30,Bill Payment,Completed,65.0
4129,9,21,1230,4,2026-02-09,Bill Payment,Completed,55.0
4130,8,19,793,6,2025-07-11,New Activation,Completed,79.25
4131,1,1,1337,,2026-06-03,Accessory Sale,Completed,114.22
4132,14,36,404,6,2026-04-02,Bill Payment,Refunded,-65.0
4133,3,6,2360,6,2026-03-07,Bill Payment,Completed,65.0
4134,2,3,175,6,2025-08-30,Bill Payment,Completed,65.0
4135,10,25,277,4,2026-03-09,Bill Payment,Completed,55.0
4136,3,8,809,2,2025-03-25,Bill Payment,Refunded,-40.0
4137,3,7,19,4,2026-03-13,Bill Payment,Voided,0.0
4138,16,46,1254,4,2025-02-14,Plan Change,Completed,5.15
4139,11,29,1207,,2026-02-09,Accessory Sale,Completed,18.52
4140,7,16,366,2,2026-03-25,Bill Payment,Completed,40.0
4141,6,14,491,3,2025-09-30,Bill Payment,Completed,45.0
4142,4,9,2484,1,2026-02-10,Bill Payment,Completed,30.0
4143,6,13,1500,,2025-12-02,Accessory Sale,Completed,145.14
4144,16,46,2338,3,2025-11-11,Bill Payment,Completed,45.0
4145,5,11,218,,2025-05-30,Accessory Sale,Voided,0.0
4146,8,17,98,1,2025-06-28,Upgrade,Completed,87.06
4147,6,14,2155,3,2026-04-24,Bill Payment,Completed,45.0
4148,6,14,2360,,2025-06-19,Accessory Sale,Refunded,-73.41
4149,5,12,2218,5,2025-10-03,Bill Payment,Refunded,-60.0
4150,16,46,178,1,2026-02-06,Bill Payment,Completed,30.0
4151,1,2,982,6,2025-06-11,New Activation,Refunded,-75.92
4152,7,15,627,4,2025-11-05,Bill Payment,Completed,55.0
4153,13,33,1409,5,2025-04-11,Bill Payment,Voided,0.0
4154,14,36,991,3,2025-02-02,Upgrade,Completed,67.19
4155,5,11,2298,6,2026-04-29,New Activation,Refunded,-70.17
4156,2,5,1649,2,2026-02-26,Bill Payment,Refunded,-40.0
4157,16,46,84,2,2025-11-03,Bill Payment,Completed,40.0
4158,12,31,1549,1,2025-01-14,Bill Payment,Completed,30.0
4159,1,2,1707,6,2025-01-04,New Activation,Completed,75.64
4160,1,2,608,3,2025-06-16,Bill Payment,Completed,45.0
4161,5,11,774,,2025-12-15,Accessory Sale,Completed,131.56
4162,15,40,2595,4,2026-05-06,Bill Payment,Completed,55.0
4163,8,17,1656,1,2025-07-28,New Activation,Completed,38.09
4164,5,12,1070,1,2025-07-22,New Activation,Completed,39.33
4165,1,2,98,5,2025-11-10,Bill Payment,Completed,60.0
4166,2,5,2580,1,2026-01-17,Bill Payment,Completed,30.0
4167,13,34,325,4,2025-09-04,Bill Payment,Refunded,-55.0
4168,11,30,877,6,2026-04-21,Bill Payment,Completed,65.0
4169,12,31,870,5,2025-10-21,Bill Payment,Completed,60.0
4170,9,23,1426,,2025-01-29,Accessory Sale,Completed,97.57
4171,7,15,2579,,2025-10-30,Accessory Sale,Voided,0.0
4172,1,1,1186,5,2026-01-23,Bill Payment,Completed,60.0
4173,5,12,705,2,2026-06-09,New Activation,Completed,53.57
4174,5,12,2038,,2026-01-22,Accessory Sale,Completed,147.05
4175,14,36,2229,3,2025-02-10,Bill Payment,Completed,45.0
4176,14,36,1634,2,2025-02-16,Bill Payment,Completed,40.0
4177,9,23,2485,2,2025-05-23,Plan Change,Completed,1.7
4178,11,28,996,3,2026-03-25,Upgrade,Completed,115.55
4179,14,38,2576,4,2025-03-07,New Activation,Completed,60.78
4180,7,15,2281,6,2025-10-08,Bill Payment,Completed,65.0
4181,13,33,628,4,2026-05-07,Plan Change,Completed,0.3
4182,15,42,1184,3,2025-03-21,Bill Payment,Completed,45.0
4183,14,37,1169,6,2025-04-25,Bill Payment,Refunded,-65.0
4184,18,50,755,4,2026-04-03,Bill Payment,Completed,55.0
4185,11,27,126,1,2025-11-23,Bill Payment,Completed,30.0
4186,8,19,2216,,2026-05-04,Accessory Sale,Refunded,-108.55
4187,2,4,1267,1,2026-01-14,Bill Payment,Completed,30.0
4188,4,10,626,5,2025-06-25,Bill Payment,Completed,60.0
4189,16,46,2212,2,2026-04-14,Bill Payment,Completed,40.0
4190,12,32,1085,3,2026-01-21,Bill Payment,Completed,45.0
4191,6,14,167,6,2025-10-03,Plan Change,Completed,5.63
4192,7,16,637,6,2025-03-21,Bill Payment,Completed,65.0
4193,15,40,322,3,2025-03-24,Bill Payment,Voided,0.0
4194,15,42,2437,3,2025-03-09,Bill Payment,Completed,45.0
4195,3,6,2465,5,2025-11-08,Bill Payment,Completed,60.0
4196,11,,260,1,2025-03-11,New Activation,Completed,40.86
4197,11,30,1019,6,2026-02-16,Upgrade,Voided,0.0
4198,14,37,543,,2026-05-18,Accessory Sale,Completed,88.27
4199,8,18,1367,3,2025-11-07,Bill Payment,Refunded,-45.0
4200,8,17,603,6,2025-01-17,Bill Payment,Completed,65.0
4201,5,11,2129,4,2025-08-07,New Activation,Completed,65.03
4202,8,17,48,4,2025-11-16,Upgrade,Completed,83.54
4203,9,21,325,2,2025-06-04,New Activation,Completed,45.98
4204,14,38,2062,5,2026-06-13,Bill Payment,Completed,60.0
4205,11,30,213,4,2025-06-04,Bill Payment,Completed,55.0
4206,4,10,1081,3,2026-01-02,Bill Payment,Completed,45.0
4207,5,11,1955,4,2026-06-11,Upgrade,Voided,0.0
4208,8,17,1542,,2026-05-23,Accessory Sale,Completed,136.55
4209,5,11,645,4,2026-05-08,Bill Payment,Completed,55.0
4210,10,26,1883,,2026-03-27,Accessory Sale,Completed,30.91
4211,14,38,1533,6,2025-12-12,Bill Payment,Completed,65.0
4212,13,33,517,1,2025-04-17,Upgrade,Refunded,-83.46
4213,15,40,1550,4,2025-05-07,Bill Payment,Completed,55.0
4214,7,16,1192,4,2025-12-04,Bill Payment,Completed,55.0
4215,5,,619,1,2026-01-04,Bill Payment,Completed,30.0
4216,7,16,2488,5,2026-04-12,Bill Payment,Completed,60.0
4217,6,13,259,1,2025-03-22,Bill Payment,Completed,30.0
4218,18,49,1987,6,2026-01-28,Plan Change,Completed,3.16
4219,8,18,2409,,2025-11-25,Accessory Sale,Completed,42.51
4220,11,28,482,,2026-01-08,Accessory Sale,Refunded,-55.12
4221,1,2,692,3,2025-11-15,Bill Payment,Completed,45.0
4222,11,,712,,2025-02-26,Accessory Sale,Completed,16.7
4223,17,47,98,4,2025-02-12,Bill Payment,Voided,0.0
4224,15,41,2599,2,2026-05-11,Upgrade,Completed,110.48
4225,16,43,1015,2,2025-11-26,Bill Payment,Completed,40.0
4226,16,43,2412,5,2026-02-03,Plan Change,Completed,5.91
4227,2,,769,1,2025-07-27,Bill Payment,Completed,30.0
4228,9,22,537,5,2025-01-10,New Activation,Completed,66.6
4229,1,1,1152,3,2025-07-22,Bill Payment,Completed,45.0
4230,3,6,475,2,2026-05-25,Bill Payment,Completed,40.0
4231,2,3,1557,5,2026-03-15,Bill Payment,Completed,60.0
4232,7,16,1500,,2025-02-05,Accessory Sale,Completed,141.71
4233,17,47,594,6,2026-02-03,Bill Payment,Completed,65.0
4234,5,12,1982,,2025-11-07,Accessory Sale,Completed,102.25
4235,5,12,621,3,2025-09-05,Bill Payment,Completed,45.0
4236,14,36,2181,4,2025-09-27,Bill Payment,Completed,55.0
4237,5,11,1882,1,2025-05-03,Bill Payment,Completed,30.0
4238,9,20,273,1,2026-03-16,New Activation,Completed,39.6
4239,5,11,2029,1,2026-02-17,Upgrade,Completed,87.97
4240,2,3,80,1,2025-01-26,Bill Payment,Refunded,-30.0
4241,10,26,1012,1,2025-03-20,Bill Payment,Completed,30.0
4242,11,27,679,5,2026-06-16,Bill Payment,Voided,0.0
4243,5,11,2248,4,2026-06-23,Bill Payment,Completed,55.0
4244,6,14,1372,6,2025-08-24,Upgrade,Completed,111.07
4245,18,,1342,1,2026-04-19,Bill Payment,Completed,30.0
4246,2,5,1298,4,2026-01-18,Bill Payment,Completed,55.0
4247,6,,1534,4,2026-01-27,Bill Payment,Refunded,-55.0
4248,2,3,114,6,2026-02-14,Bill Payment,Completed,65.0
4249,7,16,2273,2,2025-05-21,Bill Payment,Completed,40.0
4250,8,18,1937,6,2025-01-08,Bill Payment,Voided,0.0
4251,9,,1313,3,2026-01-31,Bill Payment,Completed,45.0
4252,8,17,1892,2,2025-01-21,Bill Payment,Voided,0.0
4253,8,19,1347,3,2025-12-20,New Activation,Refunded,-51.42
4254,17,48,1913,4,2025-12-13,Plan Change,Completed,9.83
4255,14,36,690,6,2025-01-07,New Activation,Completed,76.6
4256,2,,2588,4,2025-01-17,Bill Payment,Completed,55.0
4257,9,23,2067,1,2026-05-14,Bill Payment,Completed,30.0
4258,16,44,818,4,2025-06-15,Bill Payment,Voided,0.0
4259,13,33,326,4,2025-03-14,Bill Payment,Completed,55.0
4260,12,32,1191,6,2026-06-25,Bill Payment,Completed,65.0
4261,10,26,1563,3,2026-01-01,Bill Payment,Completed,45.0
4262,6,14,1102,4,2026-05-02,Bill Payment,Completed,55.0
4263,13,33,1617,4,2025-11-21,Bill Payment,Completed,55.0
4264,6,14,2396,,2026-04-11,Accessory Sale,Refunded,-65.61
4265,13,33,897,4,2025-11-29,Bill Payment,Completed,55.0
4266,4,9,1362,6,2026-01-26,Bill Payment,Voided,0.0
4267,13,34,2155,1,2025-05-24,Bill Payment,Completed,30.0
4268,14,35,2387,,2026-04-16,Accessory Sale,Completed,17.54
4269,4,10,1484,1,2025-06-29,Bill Payment,Refunded,-30.0
4270,15,41,1904,,2025-02-13,Accessory Sale,Completed,146.3
4271,14,,1044,5,2026-06-07,Bill Payment,Completed,60.0
4272,9,22,366,6,2026-04-27,Bill Payment,Completed,65.0
4273,18,50,2537,1,2026-02-28,Bill Payment,Completed,30.0
4274,5,12,645,6,2025-09-26,Bill Payment,Voided,0.0
4275,13,33,2587,,2026-03-04,Accessory Sale,Completed,96.07
4276,14,38,1428,,2026-04-13,Accessory Sale,Completed,18.13
4277,15,39,2298,3,2026-01-31,Upgrade,Refunded,-106.32
4278,8,18,113,2,2025-02-28,Bill Payment,Completed,40.0
4279,1,2,2239,,2025-12-21,Accessory Sale,Voided,0.0
4280,3,7,423,,2026-02-18,Accessory Sale,Completed,113.38
4281,6,13,1785,4,2026-03-01,Bill Payment,Completed,55.0
4282,5,11,2465,4,2025-02-28,Bill Payment,Completed,55.0
4283,10,25,252,5,2025-06-11,New Activation,Completed,65.92
4284,4,10,2101,1,2025-09-27,New Activation,Completed,39.89
4285,5,11,3,4,2025-03-17,Plan Change,Voided,0.0
4286,1,2,1987,6,2025-05-13,Bill Payment,Completed,65.0
4287,8,18,1890,6,2026-06-02,New Activation,Completed,70.46
4288,8,18,2196,1,2025-10-15,Bill Payment,Completed,30.0
4289,12,32,788,5,2025-03-11,Bill Payment,Completed,60.0
4290,8,18,916,6,2025-05-16,Bill Payment,Voided,0.0
4291,8,18,275,5,2025-03-03,Bill Payment,Completed,60.0
4292,16,44,2183,5,2025-12-10,New Activation,Completed,72.88
4293,11,28,1772,4,2026-06-20,Bill Payment,Completed,55.0
4294,16,46,1670,6,2026-05-12,Bill Payment,Completed,65.0
4295,9,22,1779,2,2026-01-24,Upgrade,Completed,90.37
4296,5,12,1444,1,2025-07-05,Bill Payment,Completed,30.0
4297,16,43,555,4,2025-05-29,New Activation,Completed,66.82
4298,14,36,1236,6,2025-11-15,Bill Payment,Refunded,-65.0
4299,9,20,1770,5,2026-06-04,Bill Payment,Completed,60.0
4300,2,5,442,6,2025-12-11,Bill Payment,Completed,65.0
4301,14,37,1864,3,2025-10-21,Plan Change,Completed,7.23
4302,12,32,1296,3,2026-04-16,Bill Payment,Completed,45.0
4303,5,12,1665,5,2026-03-28,New Activation,Voided,0.0
4304,10,25,736,,2026-04-26,Accessory Sale,Completed,68.18
4305,18,50,454,,2025-12-05,Accessory Sale,Completed,96.91
4306,16,43,137,5,2026-01-31,Bill Payment,Completed,60.0
4307,4,10,2526,1,2025-02-09,Bill Payment,Completed,30.0
4308,6,13,690,3,2025-10-01,Plan Change,Completed,7.96
4309,7,16,86,,2026-04-18,Accessory Sale,Completed,64.79
4310,11,28,2255,,2025-01-19,Accessory Sale,Completed,136.71
4311,18,49,1326,,2025-09-25,Accessory Sale,Completed,23.63
4312,3,8,2352,3,2025-09-21,Bill Payment,Voided,0.0
4313,2,4,172,6,2025-01-17,New Activation,Voided,0.0
4314,2,4,1403,4,2025-12-15,Bill Payment,Voided,0.0
4315,12,32,1557,1,2025-12-26,New Activation,Completed,39.75
4316,10,26,2428,,2026-01-01,Accessory Sale,Refunded,-15.25
4317,5,12,2265,6,2025-06-22,Bill Payment,Completed,65.0
4318,1,2,1568,6,2025-11-16,Bill Payment,Completed,65.0
4319,15,42,406,5,2025-03-04,Upgrade,Completed,95.42
4320,10,,2534,4,2026-01-10,Bill Payment,Completed,55.0
4321,3,7,2600,2,2025-04-18,Bill Payment,Completed,40.0
4322,16,44,1817,5,2026-03-28,Bill Payment,Completed,60.0
4323,6,,1162,1,2025-09-20,Bill Payment,Completed,30.0
4324,7,,985,3,2025-04-30,Bill Payment,Voided,0.0
4325,14,38,679,1,2025-08-13,Bill Payment,Completed,30.0
4326,8,18,1626,,2025-04-30,Accessory Sale,Completed,30.4
4327,18,49,715,2,2025-04-19,Bill Payment,Completed,40.0
4328,3,7,1502,6,2026-04-02,Bill Payment,Completed,65.0
4329,6,14,335,3,2025-03-04,Bill Payment,Completed,45.0
4330,6,13,2428,6,2026-02-06,Upgrade,Completed,103.42
4331,2,3,2037,4,2025-04-19,Bill Payment,Completed,55.0
4332,16,45,713,2,2026-02-01,Bill Payment,Completed,40.0
4333,18,49,2229,6,2025-08-19,Bill Payment,Completed,65.0
4334,4,10,775,5,2025-08-01,Bill Payment,Completed,60.0
4335,11,30,1528,5,2026-05-17,Upgrade,Voided,0.0
4336,11,30,126,6,2026-01-02,New Activation,Completed,79.3
4337,9,23,207,3,2026-03-30,Bill Payment,Completed,45.0
4338,2,5,458,6,2025-09-26,Bill Payment,Completed,65.0
4339,15,42,454,1,2025-02-07,Bill Payment,Completed,30.0
4340,7,15,2025,3,2026-04-14,Bill Payment,Completed,45.0
4341,9,23,160,5,2025-03-03,Bill Payment,Completed,60.0
4342,4,9,186,6,2025-03-14,Upgrade,Completed,121.65
4343,9,22,2277,3,2026-06-18,Bill Payment,Refunded,-45.0
4344,8,17,902,6,2025-03-19,Bill Payment,Voided,0.0
4345,8,18,28,1,2026-05-25,Bill Payment,Completed,30.0
4346,7,16,2113,6,2026-02-06,Bill Payment,Completed,65.0
4347,17,48,1566,4,2025-06-22,Plan Change,Completed,1.92
4348,3,8,1556,2,2026-02-12,Bill Payment,Completed,40.0
4349,14,36,716,3,2026-05-14,Bill Payment,Completed,45.0
4350,18,,2326,4,2025-12-31,Bill Payment,Completed,55.0
4351,8,19,143,1,2025-03-31,Bill Payment,Completed,30.0
4352,6,14,770,5,2026-05-08,Bill Payment,Refunded,-60.0
4353,12,31,1449,1,2025-01-01,Bill Payment,Voided,0.0
4354,15,39,292,2,2025-09-29,Bill Payment,Completed,40.0
4355,18,,1764,1,2026-02-24,Upgrade,Completed,90.28
4356,16,43,1411,3,2026-05-22,Bill Payment,Completed,45.0
4357,1,1,139,2,2025-03-03,Bill Payment,Completed,40.0
4358,18,49,1705,5,2025-10-14,Bill Payment,Completed,60.0
4359,16,45,487,5,2025-04-17,Bill Payment,Completed,60.0
4360,3,7,1777,5,2025-01-07,Bill Payment,Completed,60.0
4361,18,49,1048,3,2025-06-06,Bill Payment,Refunded,-45.0
4362,4,10,1970,2,2025-02-17,Bill Payment,Completed,40.0
4363,18,50,19,6,2026-05-13,New Activation,Completed,74.18
4364,5,11,1299,6,2025-06-28,Bill Payment,Completed,65.0
4365,5,11,362,1,2026-02-07,Upgrade,Completed,77.44
4366,6,13,2470,1,2025-04-06,Bill Payment,Completed,30.0
4367,16,43,515,1,2025-09-04,Bill Payment,Completed,30.0
4368,13,33,1364,6,2026-03-22,Bill Payment,Completed,65.0
4369,2,3,1801,4,2026-02-17,Bill Payment,Refunded,-55.0
4370,4,10,802,5,2025-09-24,New Activation,Completed,71.44
4371,18,49,397,,2025-04-13,Accessory Sale,Voided,0.0
4372,12,31,770,2,2025-11-17,Bill Payment,Completed,40.0
4373,7,16,740,6,2026-03-16,Bill Payment,Completed,65.0
4374,14,36,1893,5,2025-10-30,Bill Payment,Completed,60.0
4375,10,26,1884,5,2026-04-25,Bill Payment,Completed,60.0
4376,3,7,1719,4,2025-06-30,Upgrade,Completed,121.64
4377,6,14,939,2,2025-12-21,Bill Payment,Completed,40.0
4378,3,8,842,3,2025-01-13,Bill Payment,Completed,45.0
4379,12,31,363,1,2025-10-01,Plan Change,Completed,0.83
4380,3,7,814,4,2025-08-16,Bill Payment,Completed,55.0
4381,4,10,2417,1,2025-11-30,Bill Payment,Completed,30.0
4382,5,11,1130,6,2025-07-16,New Activation,Completed,72.72
4383,6,13,1844,6,2025-10-10,Bill Payment,Completed,65.0
4384,7,15,640,2,2025-01-20,Bill Payment,Completed,40.0
4385,10,24,2190,4,2025-03-21,New Activation,Completed,64.36
4386,14,36,1895,2,2026-04-06,Upgrade,Completed,66.5
4387,13,33,554,1,2026-04-28,Upgrade,Completed,98.93
4388,3,6,1966,1,2026-06-22,New Activation,Voided,0.0
4389,11,29,2554,5,2025-02-10,Bill Payment,Completed,60.0
4390,16,43,74,4,2026-03-13,Bill Payment,Refunded,-55.0
4391,12,32,850,3,2026-06-25,Bill Payment,Completed,45.0
4392,8,18,1236,1,2026-01-15,Bill Payment,Completed,30.0
4393,9,23,75,6,2025-09-06,Bill Payment,Completed,65.0
4394,9,22,1839,4,2026-06-19,Plan Change,Completed,1.06
4395,10,25,2522,2,2025-04-29,Bill Payment,Completed,40.0
4396,2,3,1601,2,2025-08-01,Bill Payment,Completed,40.0
4397,12,31,1236,5,2025-04-23,Bill Payment,Voided,0.0
4398,17,48,566,4,2026-03-08,Bill Payment,Completed,55.0
4399,10,26,30,6,2026-06-15,Bill Payment,Completed,65.0
4400,17,48,579,3,2026-03-18,Upgrade,Completed,119.18
4401,4,,1898,3,2025-05-30,Bill Payment,Completed,45.0
4402,13,33,1520,,2025-09-12,Accessory Sale,Refunded,-57.61
4403,2,4,2106,,2025-01-03,Accessory Sale,Voided,0.0
4404,7,16,1738,6,2026-01-12,Bill Payment,Completed,65.0
4405,15,41,471,4,2026-02-15,Bill Payment,Completed,55.0
4406,8,19,1056,,2026-06-16,Accessory Sale,Voided,0.0
4407,3,6,866,2,2025-05-07,Bill Payment,Completed,40.0
4408,9,23,1892,4,2025-08-29,Bill Payment,Completed,55.0
4409,8,19,1216,4,2025-07-29,Bill Payment,Completed,55.0
4410,11,30,269,6,2025-03-24,Bill Payment,Completed,65.0
4411,7,16,1994,6,2026-04-12,Bill Payment,Refunded,-65.0
4412,18,50,1615,6,2025-11-13,Bill Payment,Completed,65.0
4413,1,2,1095,6,2025-04-30,Plan Change,Completed,2.4
4414,5,11,267,6,2026-03-17,Bill Payment,Voided,0.0
4415,3,6,912,5,2025-07-09,Plan Change,Completed,9.24
4416,18,49,494,1,2025-05-31,Bill Payment,Completed,30.0
4417,14,38,523,4,2026-05-27,Bill Payment,Completed,55.0
4418,2,5,1056,2,2026-06-19,Upgrade,Completed,111.83
4419,9,20,2257,,2025-12-16,Accessory Sale,Completed,26.89
4420,4,10,2354,3,2025-07-21,Bill Payment,Completed,45.0
4421,3,6,50,2,2025-01-19,New Activation,Completed,47.78
4422,5,12,1179,5,2025-07-28,New Activation,Voided,0.0
4423,11,27,136,5,2025-09-06,New Activation,Completed,65.61
4424,11,28,519,6,2025-12-27,Bill Payment,Completed,65.0
4425,10,24,773,2,2025-05-19,Bill Payment,Refunded,-40.0
4426,18,50,1783,4,2026-01-10,Bill Payment,Completed,55.0
4427,1,1,2515,6,2025-06-20,Bill Payment,Completed,65.0
4428,16,45,508,6,2026-05-23,Bill Payment,Completed,65.0
4429,6,13,15,4,2026-06-27,New Activation,Completed,62.25
4430,4,10,985,4,2025-03-05,Bill Payment,Completed,55.0
4431,8,18,1490,4,2025-06-27,Bill Payment,Completed,55.0
4432,9,23,691,2,2026-04-04,Bill Payment,Completed,40.0
4433,3,6,2215,5,2026-02-04,Bill Payment,Completed,60.0
4434,9,21,2180,6,2025-07-24,Bill Payment,Completed,65.0
4435,11,28,1036,4,2026-02-04,Bill Payment,Completed,55.0
4436,4,9,1211,3,2026-05-21,Bill Payment,Completed,45.0
4437,1,1,271,4,2026-06-02,Bill Payment,Completed,55.0
4438,12,31,2420,6,2025-09-01,Bill Payment,Voided,0.0
4439,5,11,1150,4,2025-08-11,New Activation,Completed,63.45
4440,1,2,1110,4,2025-12-07,Upgrade,Completed,87.62
4441,5,12,1881,4,2026-01-17,Plan Change,Completed,9.39
4442,6,14,1933,6,2025-04-28,Bill Payment,Completed,65.0
4443,5,12,216,4,2025-11-18,Bill Payment,Completed,55.0
4444,14,35,1272,4,2026-01-05,New Activation,Completed,62.41
4445,11,28,1063,3,2025-03-27,New Activation,Completed,59.03
4446,11,29,614,5,2025-09-09,Bill Payment,Refunded,-60.0
4447,12,32,1588,2,2026-04-01,New Activation,Voided,0.0
4448,3,7,699,2,2026-05-25,Upgrade,Completed,61.05
4449,1,2,1755,2,2025-08-30,New Activation,Refunded,-52.06
4450,13,33,1082,6,2025-04-13,Bill Payment,Completed,65.0
4451,14,,1138,1,2025-04-07,Upgrade,Voided,0.0
4452,15,40,793,3,2025-03-14,Plan Change,Completed,7.32
4453,17,47,1744,,2025-12-25,Accessory Sale,Completed,49.13
4454,8,19,2597,5,2026-05-10,Bill Payment,Completed,60.0
4455,14,38,521,1,2025-08-31,Bill Payment,Completed,30.0
4456,14,36,684,4,2025-07-30,Bill Payment,Completed,55.0
4457,7,16,1773,1,2025-04-21,Bill Payment,Refunded,-30.0
4458,10,24,1952,3,2025-03-17,Bill Payment,Completed,45.0
4459,8,19,1447,6,2025-02-19,Bill Payment,Voided,0.0
4460,11,27,788,3,2025-02-25,Bill Payment,Completed,45.0
4461,1,2,2102,,2026-01-06,Accessory Sale,Completed,25.05
4462,16,46,2149,4,2026-03-06,New Activation,Completed,68.52
4463,12,31,1049,4,2025-11-28,Upgrade,Completed,125.12
4464,17,47,759,1,2025-09-11,Bill Payment,Completed,30.0
4465,8,18,1359,,2025-05-30,Accessory Sale,Completed,141.61
4466,8,17,1360,,2025-05-18,Accessory Sale,Refunded,-125.16
4467,9,23,34,2,2026-02-15,New Activation,Completed,54.18
4468,6,13,1365,2,2025-04-10,Bill Payment,Completed,40.0
4469,17,48,1911,1,2026-01-02,Bill Payment,Completed,30.0
4470,2,3,2185,3,2025-04-15,Bill Payment,Completed,45.0
4471,2,5,851,,2026-04-01,Accessory Sale,Completed,84.9
4472,16,43,15,3,2025-03-14,Bill Payment,Completed,45.0
4473,14,35,1377,3,2026-06-06,New Activation,Completed,57.18
4474,11,27,1912,5,2025-01-01,Bill Payment,Completed,60.0
4475,2,3,1736,1,2025-09-04,New Activation,Completed,44.62
4476,15,42,350,2,2025-09-18,New Activation,Completed,54.88
4477,12,32,2085,,2026-04-30,Accessory Sale,Completed,124.04
4478,1,1,360,,2026-05-15,Accessory Sale,Completed,77.39
4479,6,14,1506,3,2025-08-08,Bill Payment,Completed,45.0
4480,3,,562,3,2025-08-26,Bill Payment,Completed,45.0
4481,1,1,1412,3,2025-04-30,Plan Change,Completed,3.26
4482,1,2,2058,2,2026-05-28,New Activation,Completed,46.2
4483,4,10,1668,3,2025-08-27,Bill Payment,Voided,0.0
4484,8,17,234,6,2025-12-09,Bill Payment,Completed,65.0
4485,9,20,2423,2,2025-01-04,Bill Payment,Completed,40.0
4486,18,50,2169,4,2026-01-07,Bill Payment,Voided,0.0
4487,3,8,974,5,2026-06-16,New Activation,Completed,66.34
4488,17,47,2235,4,2025-02-21,Bill Payment,Completed,55.0
4489,8,17,2432,5,2026-01-09,Plan Change,Refunded,-3.52
4490,2,4,1720,6,2025-07-18,Upgrade,Completed,134.78
4491,13,33,1670,2,2025-04-21,Bill Payment,Completed,40.0
4492,17,48,637,,2026-06-18,Accessory Sale,Completed,81.64
4493,12,31,1869,,2026-02-14,Accessory Sale,Completed,144.14
4494,2,3,2431,2,2026-03-02,Bill Payment,Completed,40.0
4495,16,44,725,,2026-05-31,Accessory Sale,Completed,138.95
4496,11,27,1131,3,2025-02-20,New Activation,Completed,59.19
4497,12,31,2506,4,2025-05-23,Upgrade,Completed,96.17
4498,15,39,1751,,2026-01-08,Accessory Sale,Completed,145.18
4499,6,14,2449,,2025-01-19,Accessory Sale,Completed,139.91
4500,15,42,1713,5,2025-05-26,Bill Payment,Completed,60.0
4501,12,32,859,3,2026-05-31,Bill Payment,Completed,45.0
4502,16,46,2329,2,2025-02-28,Bill Payment,Completed,40.0
4503,1,1,2392,2,2025-12-10,Bill Payment,Completed,40.0
4504,7,15,1645,1,2026-05-21,Plan Change,Voided,0.0
4505,8,17,485,3,2026-01-01,Plan Change,Refunded,-6.97
4506,9,23,778,5,2025-11-30,New Activation,Completed,67.32
4507,8,19,51,4,2025-03-22,Bill Payment,Completed,55.0
4508,16,45,1965,5,2026-05-22,Bill Payment,Completed,60.0
4509,12,31,1469,6,2025-12-10,Plan Change,Voided,0.0
4510,8,19,235,2,2026-04-04,Bill Payment,Completed,40.0
4511,6,13,1486,5,2025-06-05,Bill Payment,Completed,60.0
4512,14,36,2298,1,2025-09-03,Plan Change,Completed,6.88
4513,12,32,330,3,2026-05-29,New Activation,Completed,55.02
4514,7,16,571,2,2025-01-04,Upgrade,Voided,0.0
4515,12,32,1470,6,2026-06-02,Bill Payment,Completed,65.0
4516,7,16,892,6,2025-01-05,Upgrade,Completed,116.36
4517,6,13,1886,4,2025-02-11,Bill Payment,Completed,55.0
4518,14,37,2567,6,2025-08-15,Bill Payment,Completed,65.0
4519,14,35,627,,2025-06-02,Accessory Sale,Completed,121.01
4520,8,19,332,4,2025-10-01,Bill Payment,Refunded,-55.0
4521,14,38,2096,1,2026-01-08,Bill Payment,Completed,30.0
4522,15,40,159,,2026-01-19,Accessory Sale,Completed,27.64
4523,16,46,2012,6,2025-05-03,Bill Payment,Voided,0.0
4524,11,30,2244,3,2026-05-08,New Activation,Completed,53.84
4525,3,7,2139,2,2025-03-14,Bill Payment,Completed,40.0
4526,11,29,32,1,2025-03-27,Bill Payment,Completed,30.0
4527,14,38,258,2,2026-06-20,Bill Payment,Completed,40.0
4528,18,49,544,,2025-11-12,Accessory Sale,Completed,50.18
4529,15,39,2530,3,2026-01-04,New Activation,Completed,56.44
4530,6,14,2423,1,2026-06-15,Bill Payment,Completed,30.0
4531,4,9,2102,,2026-01-08,Accessory Sale,Completed,43.38
4532,3,6,2539,2,2025-04-29,Bill Payment,Completed,40.0
4533,6,13,2080,2,2025-12-07,Bill Payment,Completed,40.0
4534,17,47,1745,4,2025-09-05,New Activation,Completed,69.33
4535,11,28,342,6,2025-09-22,Bill Payment,Completed,65.0
4536,13,33,1948,,2026-01-03,Accessory Sale,Completed,24.02
4537,8,17,14,3,2025-09-30,Bill Payment,Completed,45.0
4538,11,27,1014,1,2026-05-01,Bill Payment,Completed,30.0
4539,15,40,2308,3,2025-12-19,Bill Payment,Completed,45.0
4540,2,3,1760,2,2025-02-18,New Activation,Completed,54.42
4541,15,39,2271,2,2026-02-21,Plan Change,Completed,8.36
4542,3,7,349,1,2025-10-20,Bill Payment,Completed,30.0
4543,4,9,2013,2,2026-05-24,Bill Payment,Completed,40.0
4544,12,31,122,4,2026-06-19,Bill Payment,Voided,0.0
4545,6,14,1124,2,2025-12-25,Bill Payment,Completed,40.0
4546,18,50,1641,1,2026-05-19,Upgrade,Completed,51.05
4547,17,47,694,2,2025-05-24,Bill Payment,Completed,40.0
4548,10,26,1622,3,2025-09-12,Bill Payment,Completed,45.0
4549,14,35,937,1,2025-03-18,New Activation,Completed,38.77
4550,9,21,354,4,2025-06-18,Bill Payment,Completed,55.0
4551,11,30,566,4,2025-09-14,Bill Payment,Completed,55.0
4552,9,23,665,3,2025-08-27,New Activation,Completed,58.57
4553,5,11,813,3,2025-07-04,Upgrade,Completed,81.98
4554,6,13,2344,4,2026-06-18,Bill Payment,Voided,0.0
4555,15,40,713,2,2026-05-11,Bill Payment,Completed,40.0
4556,18,49,1219,,2025-03-30,Accessory Sale,Completed,93.9
4557,14,37,1108,6,2026-04-23,New Activation,Completed,79.39
4558,14,36,1006,2,2025-10-19,Upgrade,Completed,83.65
4559,2,4,309,3,2025-09-06,Bill Payment,Completed,45.0
4560,14,,121,6,2025-02-13,Bill Payment,Completed,65.0
4561,12,31,1329,1,2025-04-04,Bill Payment,Completed,30.0
4562,14,35,1568,4,2025-07-12,Bill Payment,Completed,55.0
4563,12,32,2342,3,2025-06-10,Bill Payment,Completed,45.0
4564,2,5,2488,5,2026-05-07,Bill Payment,Completed,60.0
4565,13,33,171,,2025-11-08,Accessory Sale,Voided,0.0
4566,17,48,2305,4,2026-04-13,Bill Payment,Voided,0.0
4567,12,32,121,5,2025-12-13,Bill Payment,Completed,60.0
4568,6,14,1747,5,2026-06-15,New Activation,Completed,69.67
4569,2,4,477,2,2025-11-15,Bill Payment,Completed,40.0
4570,6,14,727,6,2026-01-18,Bill Payment,Completed,65.0
4571,8,17,868,1,2025-08-26,Bill Payment,Completed,30.0
4572,14,36,1721,1,2025-09-16,Bill Payment,Voided,0.0
4573,15,42,2468,2,2025-11-04,Bill Payment,Completed,40.0
4574,11,29,1293,4,2026-05-04,Bill Payment,Completed,55.0
4575,3,7,1921,3,2025-01-03,New Activation,Voided,0.0
4576,16,46,2305,5,2025-11-12,New Activation,Completed,69.6
4577,10,26,1703,4,2025-04-21,New Activation,Completed,66.73
4578,18,49,1718,4,2026-06-08,Bill Payment,Completed,55.0
4579,14,35,455,5,2026-04-08,Upgrade,Completed,123.11
4580,18,50,611,,2025-04-15,Accessory Sale,Completed,48.94
4581,12,32,503,6,2025-09-02,Bill Payment,Completed,65.0
4582,17,48,1105,5,2026-02-18,Plan Change,Completed,7.44
4583,18,49,2207,3,2025-07-03,Bill Payment,Completed,45.0
4584,8,17,518,3,2025-03-02,Plan Change,Completed,8.44
4585,2,4,374,4,2025-03-05,Upgrade,Completed,100.39
4586,6,13,2226,1,2026-03-22,Bill Payment,Completed,30.0
4587,8,18,1701,4,2025-12-29,Upgrade,Refunded,-97.92
4588,1,1,530,4,2025-08-07,Bill Payment,Completed,55.0
4589,18,,1925,5,2025-10-12,Bill Payment,Completed,60.0
4590,1,2,392,2,2026-05-01,Bill Payment,Completed,40.0
4591,14,35,2597,6,2025-07-23,Bill Payment,Completed,65.0
4592,17,48,1710,,2025-09-16,Accessory Sale,Refunded,-46.74
4593,8,19,244,6,2025-11-18,New Activation,Refunded,-79.19
4594,18,49,2183,3,2025-01-07,Plan Change,Completed,6.88
4595,11,29,2229,,2025-06-17,Accessory Sale,Completed,107.57
4596,16,45,2464,2,2026-01-05,Bill Payment,Completed,40.0
4597,12,31,171,,2026-02-20,Accessory Sale,Completed,140.62
4598,7,15,959,1,2025-05-17,Bill Payment,Voided,0.0
4599,2,3,1085,2,2025-10-20,Bill Payment,Completed,40.0
4600,14,37,2084,3,2025-12-15,Bill Payment,Completed,45.0
4601,4,10,330,4,2025-01-12,Bill Payment,Completed,55.0
4602,3,,2008,4,2026-06-08,Bill Payment,Completed,55.0
4603,14,,572,,2025-11-29,Accessory Sale,Completed,68.29
4604,15,39,1647,5,2026-01-24,New Activation,Completed,67.76
4605,6,14,1535,5,2026-01-04,Bill Payment,Voided,0.0
4606,10,25,631,6,2025-04-17,Upgrade,Completed,94.25
4607,3,7,153,,2026-04-17,Accessory Sale,Voided,0.0
4608,2,,2162,3,2025-11-08,Bill Payment,Completed,45.0
4609,5,,2422,4,2025-11-01,Bill Payment,Completed,55.0
4610,14,36,1,1,2025-10-31,Bill Payment,Completed,30.0
4611,5,11,1892,4,2025-06-17,Bill Payment,Completed,55.0
4612,2,5,1795,6,2026-03-23,Bill Payment,Completed,65.0
4613,6,14,411,5,2026-04-03,Bill Payment,Completed,60.0
4614,13,33,603,,2025-03-23,Accessory Sale,Refunded,-67.59
4615,17,48,824,,2026-06-29,Accessory Sale,Completed,116.88
4616,6,13,1663,1,2026-02-12,Bill Payment,Completed,30.0
4617,6,14,2524,2,2025-07-17,Bill Payment,Completed,40.0
4618,3,8,2124,1,2025-01-05,Bill Payment,Completed,30.0
4619,5,12,2330,2,2025-08-18,Upgrade,Completed,104.54
4620,8,18,840,5,2025-08-26,Bill Payment,Completed,60.0
4621,18,50,387,6,2025-05-18,Bill Payment,Completed,65.0
4622,3,6,525,1,2025-02-24,Plan Change,Completed,2.92
4623,5,11,793,3,2025-10-10,Bill Payment,Refunded,-45.0
4624,10,25,862,,2026-06-17,Accessory Sale,Completed,64.28
4625,14,38,1374,4,2025-05-26,Bill Payment,Completed,55.0
4626,5,11,571,2,2026-03-11,Bill Payment,Completed,40.0
4627,9,21,1253,3,2025-03-07,Bill Payment,Completed,45.0
4628,13,33,829,1,2026-06-12,Bill Payment,Refunded,-30.0
4629,12,31,2216,2,2025-09-21,New Activation,Completed,45.7
4630,1,1,1006,,2025-07-23,Accessory Sale,Completed,102.25
4631,11,28,960,5,2025-02-26,Bill Payment,Refunded,-60.0
4632,14,36,2003,5,2026-01-09,Bill Payment,Completed,60.0
4633,10,26,1580,3,2025-03-08,Bill Payment,Voided,0.0
4634,5,12,134,1,2025-12-24,Bill Payment,Completed,30.0
4635,3,8,254,5,2025-03-02,Bill Payment,Completed,60.0
4636,5,,84,2,2026-05-26,Plan Change,Completed,0.72
4637,2,3,1030,6,2025-10-08,Bill Payment,Completed,65.0
4638,12,31,2372,4,2025-11-25,Bill Payment,Completed,55.0
4639,2,3,2482,4,2026-02-04,New Activation,Refunded,-62.44
4640,15,42,257,5,2025-12-25,Bill Payment,Completed,60.0
4641,16,45,1189,2,2026-06-04,Bill Payment,Voided,0.0
4642,10,24,1715,4,2025-06-27,Bill Payment,Refunded,-55.0
4643,7,,1044,2,2026-03-08,Bill Payment,Refunded,-40.0
4644,13,33,763,1,2025-03-16,Bill Payment,Completed,30.0
4645,4,10,1476,4,2025-01-12,Bill Payment,Voided,0.0
4646,6,13,2245,4,2026-04-11,Bill Payment,Completed,55.0
4647,10,25,2453,2,2025-06-08,Upgrade,Completed,113.61
4648,4,9,152,4,2026-06-08,Bill Payment,Completed,55.0
4649,9,20,663,,2025-08-16,Accessory Sale,Completed,55.98
4650,17,48,189,2,2025-09-22,Bill Payment,Completed,40.0
4651,16,43,554,2,2025-07-23,Bill Payment,Refunded,-40.0
4652,18,50,606,6,2025-07-23,Upgrade,Refunded,-110.82
4653,5,11,954,6,2025-07-19,Bill Payment,Voided,0.0
4654,17,47,286,2,2025-10-22,Bill Payment,Refunded,-40.0
4655,7,16,2355,5,2026-04-03,Bill Payment,Completed,60.0
4656,17,47,2573,5,2025-01-27,Bill Payment,Completed,60.0
4657,16,44,1910,4,2026-06-11,Bill Payment,Completed,55.0
4658,2,4,2502,5,2025-02-26,Bill Payment,Completed,60.0
4659,12,,1822,5,2026-02-28,New Activation,Completed,66.56
4660,2,3,1910,2,2025-01-17,Bill Payment,Completed,40.0
4661,8,17,1956,,2025-07-01,Accessory Sale,Completed,72.89
4662,6,14,54,2,2026-03-22,Bill Payment,Refunded,-40.0
4663,5,12,1130,1,2025-04-30,Bill Payment,Completed,30.0
4664,8,18,1584,1,2026-01-26,Bill Payment,Completed,30.0
4665,4,9,643,1,2025-07-20,Bill Payment,Completed,30.0
4666,14,37,579,4,2026-01-19,Bill Payment,Completed,55.0
4667,15,41,1577,6,2025-03-02,Bill Payment,Completed,65.0
4668,14,35,257,4,2025-04-12,Bill Payment,Refunded,-55.0
4669,9,22,45,5,2026-02-03,Upgrade,Refunded,-102.18
4670,16,45,2165,3,2025-05-14,Bill Payment,Completed,45.0
4671,6,14,801,5,2025-05-24,Bill Payment,Completed,60.0
4672,16,45,1454,,2026-02-17,Accessory Sale,Completed,23.2
4673,6,13,1440,,2025-07-05,Accessory Sale,Completed,74.37
4674,2,5,1798,2,2025-07-08,New Activation,Completed,51.02
4675,5,11,666,,2026-05-04,Accessory Sale,Voided,0.0
4676,3,8,1417,6,2025-10-06,Bill Payment,Completed,65.0
4677,3,6,1456,,2025-09-27,Accessory Sale,Completed,122.37
4678,8,18,2196,5,2025-06-10,Bill Payment,Completed,60.0
4679,17,47,763,5,2025-11-10,Bill Payment,Completed,60.0
4680,5,11,1696,6,2025-06-22,Bill Payment,Completed,65.0
4681,7,15,1324,3,2025-07-13,Bill Payment,Voided,0.0
4682,6,13,866,,2025-09-25,Accessory Sale,Refunded,-143.63
4683,16,45,1528,3,2026-01-29,New Activation,Completed,55.66
4684,15,,2309,3,2025-09-16,Upgrade,Voided,0.0
4685,9,23,2521,,2025-08-06,Accessory Sale,Completed,48.79
4686,18,49,208,4,2025-01-26,Bill Payment,Completed,55.0
4687,8,19,1472,5,2025-09-18,Bill Payment,Completed,60.0
4688,17,47,1908,2,2025-04-14,Bill Payment,Completed,40.0
4689,3,7,276,,2025-04-20,Accessory Sale,Completed,95.02
4690,13,33,2002,4,2025-12-06,New Activation,Completed,64.98
4691,14,37,1641,,2026-06-05,Accessory Sale,Completed,55.26
4692,14,35,2027,3,2025-03-09,Bill Payment,Refunded,-45.0
4693,8,17,834,2,2025-03-11,Bill Payment,Completed,40.0
4694,5,12,369,2,2025-10-05,Bill Payment,Refunded,-40.0
4695,5,11,1695,5,2026-01-18,Bill Payment,Completed,60.0
4696,4,9,1246,5,2026-06-09,Bill Payment,Refunded,-60.0
4697,14,35,917,3,2026-06-12,Bill Payment,Completed,45.0
4698,13,34,1751,2,2025-07-14,Bill Payment,Completed,40.0
4699,2,3,1813,5,2025-10-28,Bill Payment,Voided,0.0
4700,6,13,1064,4,2026-03-10,Upgrade,Completed,127.09
4701,2,5,1202,,2026-04-09,Accessory Sale,Completed,76.77
4702,16,44,1810,4,2026-01-30,Bill Payment,Refunded,-55.0
4703,8,17,33,2,2026-06-07,Bill Payment,Voided,0.0
4704,6,13,1503,,2026-04-04,Accessory Sale,Completed,138.1
4705,7,16,332,3,2026-05-12,New Activation,Completed,55.51
4706,3,7,453,1,2025-09-15,New Activation,Completed,42.97
4707,15,41,1164,3,2025-06-08,Bill Payment,Completed,45.0
4708,15,41,602,2,2025-05-07,Bill Payment,Voided,0.0
4709,6,13,132,5,2026-04-21,Bill Payment,Completed,60.0
4710,11,30,1404,4,2025-10-02,Bill Payment,Completed,55.0
4711,4,10,59,5,2025-12-28,Bill Payment,Completed,60.0
4712,2,5,1492,,2025-08-23,Accessory Sale,Completed,23.31
4713,1,1,1702,5,2025-03-05,Bill Payment,Completed,60.0
4714,6,14,482,2,2025-07-04,Upgrade,Completed,111.09
4715,12,32,86,5,2026-03-22,Bill Payment,Refunded,-60.0
4716,7,16,729,5,2025-10-11,Plan Change,Completed,6.03
4717,11,30,589,5,2026-02-20,New Activation,Refunded,-66.92
4718,4,10,2267,3,2025-06-21,New Activation,Completed,54.36
4719,8,,211,5,2025-06-08,Bill Payment,Voided,0.0
4720,18,50,562,,2026-03-27,Accessory Sale,Completed,57.04
4721,12,31,1104,5,2025-05-06,Bill Payment,Completed,60.0
4722,8,17,2281,4,2026-04-01,Bill Payment,Completed,55.0
4723,1,2,1470,6,2025-05-13,New Activation,Refunded,-76.1
4724,15,40,638,1,2025-09-10,Bill Payment,Completed,30.0
4725,2,5,2194,5,2025-02-20,Upgrade,Completed,103.73
4726,10,25,1160,3,2025-03-14,Bill Payment,Refunded,-45.0
4727,5,11,264,3,2025-10-04,Plan Change,Completed,7.07
4728,12,31,2302,3,2025-01-25,Bill Payment,Completed,45.0
4729,14,38,1860,5,2025-06-13,New Activation,Completed,71.05
4730,14,36,2181,4,2025-09-27,Bill Payment,Completed,55.0
4731,8,18,2253,1,2026-06-13,Upgrade,Completed,100.4
4732,13,33,118,6,2026-01-28,Bill Payment,Completed,65.0
4733,7,16,1706,6,2026-04-17,Bill Payment,Completed,65.0
4734,13,34,280,2,2025-02-06,New Activation,Completed,45.64
4735,13,34,1754,3,2025-05-09,New Activation,Completed,50.04
4736,6,14,1269,5,2025-10-29,New Activation,Voided,0.0
4737,18,49,1084,,2026-03-08,Accessory Sale,Completed,122.42
4738,14,36,1392,6,2026-05-01,Bill Payment,Completed,65.0
4739,11,30,2482,6,2025-11-21,Bill Payment,Refunded,-65.0
4740,5,12,2079,3,2025-09-29,Plan Change,Refunded,-6.04
4741,14,36,1482,3,2026-03-22,Bill Payment,Completed,45.0
4742,6,13,1155,1,2025-04-06,Bill Payment,Completed,30.0
4743,18,50,1283,6,2026-03-06,Upgrade,Completed,88.71
4744,6,14,453,6,2026-03-06,Upgrade,Completed,110.97
4745,17,47,1752,5,2025-08-05,Upgrade,Completed,86.76
4746,6,14,1846,2,2025-05-05,Upgrade,Refunded,-80.28
4747,15,40,1365,5,2025-11-17,Bill Payment,Voided,0.0
4748,15,40,225,3,2025-07-25,Upgrade,Completed,103.04
4749,1,2,369,6,2025-06-21,Bill Payment,Completed,65.0
4750,7,15,1126,1,2026-04-28,Bill Payment,Refunded,-30.0
4751,11,28,2385,,2025-04-30,Accessory Sale,Completed,73.49
4752,1,2,1926,6,2026-03-03,Bill Payment,Completed,65.0
4753,11,29,1302,2,2026-06-18,Bill Payment,Refunded,-40.0
4754,1,1,2388,6,2025-07-27,Plan Change,Completed,0.61
4755,1,2,2371,4,2025-01-14,Bill Payment,Completed,55.0
4756,7,16,2352,6,2025-05-02,Bill Payment,Refunded,-65.0
4757,16,45,1337,5,2025-12-09,Upgrade,Voided,0.0
4758,12,31,1141,6,2025-05-07,Bill Payment,Completed,65.0
4759,8,19,1866,2,2025-03-14,Bill Payment,Completed,40.0
4760,14,38,2516,,2025-07-22,Accessory Sale,Voided,0.0
4761,18,50,2182,1,2025-08-16,Bill Payment,Completed,30.0
4762,18,49,807,3,2025-03-20,Bill Payment,Completed,45.0
4763,8,17,2189,3,2025-08-03,Bill Payment,Completed,45.0
4764,16,44,759,,2025-01-01,Accessory Sale,Refunded,-63.35
4765,12,32,2363,2,2025-07-25,Upgrade,Completed,78.51
4766,2,3,532,3,2025-07-19,New Activation,Completed,56.62
4767,5,12,2511,5,2025-07-08,Bill Payment,Completed,60.0
4768,15,39,2538,4,2026-06-21,New Activation,Completed,60.13
4769,4,9,515,1,2025-08-25,Bill Payment,Completed,30.0
4770,1,1,453,,2025-04-19,Accessory Sale,Voided,0.0
4771,16,43,1519,5,2025-08-07,Bill Payment,Refunded,-60.0
4772,12,32,82,,2025-12-08,Accessory Sale,Voided,0.0
4773,16,44,1642,2,2025-10-18,Bill Payment,Completed,40.0
4774,14,38,1973,6,2025-08-18,Bill Payment,Completed,65.0
4775,14,35,2495,1,2025-02-09,Upgrade,Completed,105.48
4776,18,50,430,6,2026-06-04,Bill Payment,Completed,65.0
4777,3,6,161,,2025-09-08,Accessory Sale,Completed,88.54
4778,7,16,1955,,2025-11-03,Accessory Sale,Completed,130.44
4779,6,14,1811,5,2026-06-11,Bill Payment,Completed,60.0
4780,14,,2194,2,2025-05-31,Bill Payment,Completed,40.0
4781,5,12,1305,1,2025-08-25,Plan Change,Completed,5.5
4782,18,49,2274,6,2025-09-08,Bill Payment,Completed,65.0
4783,15,40,542,5,2026-03-01,Bill Payment,Completed,60.0
4784,9,21,1488,5,2026-04-23,Bill Payment,Completed,60.0
4785,3,7,1054,4,2025-05-26,New Activation,Completed,69.67
4786,18,49,416,4,2025-06-23,Bill Payment,Completed,55.0
4787,2,3,366,1,2025-02-08,New Activation,Completed,40.67
4788,16,43,18,6,2025-07-29,New Activation,Refunded,-70.25
4789,14,35,2432,5,2025-12-24,Bill Payment,Completed,60.0
4790,8,19,690,5,2025-10-13,New Activation,Completed,73.16
4791,9,21,1029,,2025-08-11,Accessory Sale,Completed,19.46
4792,5,11,2219,5,2026-02-01,Plan Change,Completed,8.58
4793,5,12,644,2,2026-02-04,Bill Payment,Voided,0.0
4794,1,1,1120,1,2025-12-02,Bill Payment,Completed,30.0
4795,15,,2553,3,2025-08-30,Bill Payment,Voided,0.0
4796,5,12,1893,5,2025-11-05,Bill Payment,Completed,60.0
4797,16,44,707,1,2025-02-10,Plan Change,Refunded,-1.4
4798,2,5,1157,,2026-06-01,Accessory Sale,Completed,24.73
4799,8,18,147,6,2025-12-19,Bill Payment,Completed,65.0
4800,18,49,323,2,2025-06-18,Bill Payment,Refunded,-40.0
4801,15,42,1914,4,2025-03-15,New Activation,Completed,62.52
4802,1,2,1423,5,2025-06-13,Bill Payment,Completed,60.0
4803,18,49,378,4,2025-08-15,Bill Payment,Completed,55.0
4804,13,34,795,2,2025-01-31,Bill Payment,Completed,40.0
4805,3,8,2115,1,2026-06-04,Bill Payment,Completed,30.0
4806,4,10,886,,2025-07-26,Accessory Sale,Completed,136.66
4807,10,26,1500,1,2026-03-30,Bill Payment,Completed,30.0
4808,14,,406,,2025-06-18,Accessory Sale,Voided,0.0
4809,8,17,798,4,2026-02-02,Bill Payment,Completed,55.0
4810,9,22,23,2,2025-05-05,Bill Payment,Completed,40.0
4811,14,36,2312,1,2025-12-05,Bill Payment,Refunded,-30.0
4812,15,41,1128,6,2026-03-30,Bill Payment,Completed,65.0
4813,3,7,1257,2,2025-10-11,Bill Payment,Completed,40.0
4814,17,48,731,1,2025-09-01,Bill Payment,Completed,30.0
4815,17,47,2535,3,2026-05-16,Bill Payment,Completed,45.0
4816,6,14,2415,5,2026-04-27,Bill Payment,Voided,0.0
4817,16,46,1463,6,2025-02-04,Bill Payment,Completed,65.0
4818,15,42,599,4,2026-06-18,Bill Payment,Completed,55.0
4819,2,3,187,3,2025-03-28,Bill Payment,Completed,45.0
4820,3,7,1671,3,2026-01-27,Bill Payment,Voided,0.0
4821,14,36,2426,6,2025-02-08,Bill Payment,Completed,65.0
4822,9,20,2398,,2025-06-24,Accessory Sale,Completed,39.48
4823,8,19,278,2,2026-06-19,Bill Payment,Completed,40.0
4824,1,1,1850,6,2025-05-13,Bill Payment,Completed,65.0
4825,11,29,615,1,2026-02-19,Bill Payment,Completed,30.0
4826,12,,413,3,2025-10-25,Upgrade,Completed,66.46
4827,3,7,27,2,2025-06-08,Bill Payment,Completed,40.0
4828,5,12,759,,2025-03-27,Accessory Sale,Completed,58.93
4829,11,29,580,3,2026-01-14,Bill Payment,Voided,0.0
4830,3,6,2338,6,2026-05-05,Bill Payment,Completed,65.0
4831,8,18,1406,4,2025-08-14,Plan Change,Completed,1.27
4832,14,37,2061,1,2026-05-29,Bill Payment,Completed,30.0
4833,8,18,751,6,2025-08-09,Bill Payment,Completed,65.0
4834,14,37,349,5,2025-06-15,Upgrade,Refunded,-86.99
4835,18,49,179,2,2025-01-09,Bill Payment,Voided,0.0
4836,6,13,1548,6,2025-04-02,Bill Payment,Voided,0.0
4837,14,35,1307,4,2026-01-06,Bill Payment,Completed,55.0
4838,16,44,1218,6,2025-12-27,New Activation,Voided,0.0
4839,16,46,2539,1,2026-05-12,Bill Payment,Completed,30.0
4840,11,29,2471,4,2025-07-24,Plan Change,Completed,5.11
4841,18,49,1233,5,2025-10-06,Bill Payment,Completed,60.0
4842,11,27,2332,3,2025-04-19,Bill Payment,Completed,45.0
4843,3,7,225,5,2026-03-17,Bill Payment,Completed,60.0
4844,12,32,855,2,2025-05-02,Bill Payment,Completed,40.0
4845,8,19,2280,4,2025-03-17,Bill Payment,Completed,55.0
4846,14,35,911,4,2026-05-08,New Activation,Completed,65.08
4847,6,,916,1,2026-03-02,Bill Payment,Completed,30.0
4848,12,32,2527,4,2025-08-02,Bill Payment,Completed,55.0
4849,14,36,1948,,2025-02-21,Accessory Sale,Completed,68.21
4850,1,2,355,3,2026-05-11,Bill Payment,Completed,45.0
4851,8,18,2039,5,2026-02-04,Bill Payment,Completed,60.0
4852,15,40,155,4,2025-12-08,New Activation,Completed,63.08
4853,10,25,438,3,2025-12-29,Bill Payment,Completed,45.0
4854,17,48,892,1,2025-03-12,Bill Payment,Voided,0.0
4855,8,17,504,1,2026-02-25,New Activation,Completed,39.45
4856,12,32,280,5,2026-06-03,Bill Payment,Completed,60.0
4857,5,12,221,4,2026-06-13,Upgrade,Completed,124.67
4858,12,,2099,4,2025-01-12,Bill Payment,Completed,55.0
4859,3,8,195,3,2026-05-15,Bill Payment,Completed,45.0
4860,8,17,546,2,2025-10-27,Upgrade,Refunded,-99.04
4861,6,14,655,3,2025-03-28,Bill Payment,Completed,45.0
4862,16,44,2241,2,2026-03-05,Bill Payment,Completed,40.0
4863,16,45,214,5,2025-04-06,Upgrade,Completed,80.24
4864,3,8,1635,1,2025-08-30,Bill Payment,Completed,30.0
4865,5,11,2090,6,2026-02-05,Bill Payment,Completed,65.0
4866,2,5,1077,2,2026-02-01,New Activation,Completed,54.96
4867,7,15,1535,,2025-05-29,Accessory Sale,Completed,19.9
4868,11,27,457,6,2025-11-04,Bill Payment,Completed,65.0
4869,16,43,654,6,2026-06-01,Bill Payment,Completed,65.0
4870,8,19,1010,5,2025-12-26,Bill Payment,Completed,60.0
4871,2,3,1427,3,2025-01-21,New Activation,Completed,50.16
4872,4,9,1465,3,2025-09-16,New Activation,Completed,51.76
4873,17,47,1100,2,2025-06-13,Bill Payment,Voided,0.0
4874,7,,1320,5,2025-01-31,Bill Payment,Completed,60.0
4875,1,2,2556,3,2026-01-30,Bill Payment,Completed,45.0
4876,18,49,985,5,2026-03-01,Bill Payment,Completed,60.0
4877,12,32,2077,4,2025-09-23,Bill Payment,Completed,55.0
4878,2,,1240,,2025-07-07,Accessory Sale,Completed,51.09
4879,14,36,2431,,2025-06-25,Accessory Sale,Completed,94.75
4880,5,11,1992,6,2025-10-31,Bill Payment,Completed,65.0
4881,15,41,1949,2,2025-05-20,Plan Change,Completed,7.06
4882,2,4,2360,4,2025-02-22,Bill Payment,Completed,55.0
4883,8,19,556,6,2026-01-26,New Activation,Completed,74.57
4884,4,9,1573,2,2026-03-31,Bill Payment,Refunded,-40.0
4885,8,18,1918,1,2025-11-28,New Activation,Completed,41.46
4886,4,9,697,6,2026-06-11,Bill Payment,Completed,65.0
4887,2,4,1189,6,2026-03-24,Upgrade,Voided,0.0
4888,15,41,1035,1,2025-11-01,Bill Payment,Completed,30.0
4889,4,9,2373,4,2025-04-11,New Activation,Completed,64.98
4890,1,2,717,3,2025-09-03,Bill Payment,Completed,45.0
4891,12,32,2121,6,2025-05-15,New Activation,Completed,78.82
4892,15,42,1154,3,2025-12-10,Bill Payment,Completed,45.0
4893,11,27,2191,,2025-05-01,Accessory Sale,Completed,66.26
4894,3,7,637,5,2026-02-04,Upgrade,Completed,90.38
4895,2,5,520,6,2025-10-05,Bill Payment,Refunded,-65.0
4896,12,31,637,4,2025-01-10,Bill Payment,Completed,55.0
4897,16,46,955,3,2026-04-10,Bill Payment,Completed,45.0
4898,14,38,341,5,2025-10-14,Bill Payment,Completed,60.0
4899,6,13,940,6,2026-04-06,Bill Payment,Completed,65.0
4900,14,37,1664,4,2025-03-31,Upgrade,Completed,86.99
4901,6,14,1937,4,2025-07-16,Plan Change,Completed,5.3
4902,17,48,1839,3,2025-05-13,Bill Payment,Voided,0.0
4903,3,7,1296,2,2025-10-16,Bill Payment,Completed,40.0
4904,17,47,1150,2,2026-02-04,Bill Payment,Completed,40.0
4905,10,24,1716,,2025-02-22,Accessory Sale,Completed,37.94
4906,3,7,1091,2,2026-06-18,Bill Payment,Completed,40.0
4907,1,2,426,6,2026-01-29,Bill Payment,Completed,65.0
4908,2,4,477,5,2026-03-26,Bill Payment,Completed,60.0
4909,18,50,769,4,2025-01-06,Bill Payment,Completed,55.0
4910,6,14,1738,1,2025-07-10,Bill Payment,Completed,30.0
4911,13,34,1454,6,2025-03-08,Bill Payment,Refunded,-65.0
4912,11,29,443,,2025-11-13,Accessory Sale,Refunded,-29.38
4913,2,5,1462,5,2025-09-06,Bill Payment,Completed,60.0
4914,16,43,2282,,2026-05-29,Accessory Sale,Completed,139.23
4915,14,37,27,4,2025-08-08,Bill Payment,Refunded,-55.0
4916,18,50,1222,6,2025-08-15,New Activation,Completed,77.37
4917,6,13,132,4,2026-03-08,Bill Payment,Completed,55.0
4918,11,27,932,,2025-09-27,Accessory Sale,Completed,72.35
4919,3,8,1369,6,2025-10-03,New Activation,Completed,70.66
4920,16,46,2242,3,2025-09-13,Bill Payment,Completed,45.0
4921,10,25,1240,4,2025-01-19,Bill Payment,Completed,55.0
4922,5,12,88,3,2026-03-27,Bill Payment,Completed,45.0
4923,15,40,2198,2,2025-06-19,Bill Payment,Refunded,-40.0
4924,9,23,1766,6,2026-06-13,Bill Payment,Completed,65.0
4925,8,18,50,1,2026-01-28,Bill Payment,Completed,30.0
4926,3,6,2399,2,2025-09-18,New Activation,Refunded,-52.99
4927,5,12,2274,1,2025-05-10,Bill Payment,Completed,30.0
4928,3,6,2545,4,2025-09-11,New Activation,Completed,65.25
4929,12,32,457,4,2026-05-31,Bill Payment,Voided,0.0
4930,6,14,8,6,2025-06-10,Bill Payment,Completed,65.0
4931,7,16,1651,2,2025-11-13,Bill Payment,Completed,40.0
4932,3,8,93,3,2025-03-24,Bill Payment,Completed,45.0
4933,8,18,2513,2,2026-01-26,Bill Payment,Completed,40.0
4934,9,20,1575,3,2026-02-08,Bill Payment,Voided,0.0
4935,4,10,1458,,2025-03-12,Accessory Sale,Completed,110.49
4936,10,26,293,1,2025-09-12,Upgrade,Voided,0.0
4937,2,4,21,1,2025-12-27,Upgrade,Completed,88.97
4938,12,32,1579,6,2025-10-24,New Activation,Completed,79.35
4939,9,20,1450,6,2026-03-10,Bill Payment,Completed,65.0
4940,8,18,2340,1,2025-10-08,Bill Payment,Completed,30.0
4941,8,19,944,2,2025-02-06,Plan Change,Completed,9.25
4942,3,8,2600,6,2025-03-09,Plan Change,Completed,9.92
4943,6,13,1443,6,2025-02-03,Bill Payment,Completed,65.0
4944,13,33,2040,,2025-04-12,Accessory Sale,Completed,42.24
4945,8,18,1443,4,2025-04-27,Bill Payment,Completed,55.0
4946,6,13,1869,2,2026-04-09,Bill Payment,Completed,40.0
4947,8,18,2162,,2025-09-21,Accessory Sale,Completed,132.62
4948,7,16,2480,2,2026-06-03,Bill Payment,Refunded,-40.0
4949,2,5,2167,4,2026-03-04,Bill Payment,Completed,55.0
4950,14,36,879,3,2025-12-10,Bill Payment,Completed,45.0
4951,14,36,540,3,2025-06-06,Bill Payment,Completed,45.0
4952,3,8,1139,3,2026-03-31,Bill Payment,Completed,45.0
4953,2,4,727,2,2025-03-25,New Activation,Completed,52.27
4954,10,25,1653,,2026-02-12,Accessory Sale,Completed,17.34
4955,9,20,2522,,2025-11-26,Accessory Sale,Completed,38.76
4956,11,28,1772,,2025-04-18,Accessory Sale,Completed,93.8
4957,6,13,47,,2026-05-12,Accessory Sale,Completed,37.02
4958,8,19,2585,2,2025-02-16,Bill Payment,Completed,40.0
4959,11,29,930,5,2025-03-27,Plan Change,Refunded,-2.24
4960,12,32,2015,3,2025-04-09,Bill Payment,Completed,45.0
4961,7,,2411,2,2025-08-13,New Activation,Refunded,-45.27
4962,5,12,97,3,2025-12-12,Bill Payment,Completed,45.0
4963,13,33,2467,5,2025-01-22,Bill Payment,Completed,60.0
4964,11,28,1052,4,2025-08-25,Bill Payment,Refunded,-55.0
4965,12,31,2165,3,2026-06-27,New Activation,Voided,0.0
4966,13,34,2444,4,2025-06-02,Bill Payment,Completed,55.0
4967,12,31,641,3,2025-06-21,Bill Payment,Refunded,-45.0
4968,4,10,1212,2,2025-02-10,Upgrade,Voided,0.0
4969,11,29,2050,,2025-04-03,Accessory Sale,Completed,51.88
4970,14,38,317,3,2025-02-02,Bill Payment,Completed,45.0
4971,3,6,1541,5,2025-06-18,Bill Payment,Completed,60.0
4972,7,15,1933,1,2025-01-25,Bill Payment,Completed,30.0
4973,7,16,1068,2,2026-01-21,Bill Payment,Completed,40.0
4974,16,43,2089,2,2025-05-12,Bill Payment,Voided,0.0
4975,14,36,2050,,2026-01-21,Accessory Sale,Completed,30.63
4976,12,,2564,6,2025-02-24,Bill Payment,Completed,65.0
4977,12,31,309,4,2025-09-09,Bill Payment,Completed,55.0
4978,2,4,1146,,2026-04-30,Accessory Sale,Completed,127.06
4979,11,28,1530,6,2026-05-12,Bill Payment,Completed,65.0
4980,3,8,67,1,2025-09-17,Plan Change,Completed,1.22
4981,7,15,1630,5,2026-05-14,Bill Payment,Voided,0.0
4982,3,6,1604,3,2025-07-01,Bill Payment,Completed,45.0
4983,5,12,1074,3,2025-02-06,Bill Payment,Completed,45.0
4984,16,46,19,4,2026-06-26,Bill Payment,Refunded,-55.0
4985,8,19,1022,2,2025-10-15,Bill Payment,Completed,40.0
4986,14,,2088,2,2025-06-16,Upgrade,Completed,60.44
4987,14,36,1009,5,2026-02-04,Bill Payment,Completed,60.0
4988,6,13,307,,2025-03-03,Accessory Sale,Completed,149.96
4989,18,50,2202,4,2025-08-21,Bill Payment,Completed,55.0
4990,2,4,90,4,2025-05-11,Upgrade,Completed,121.03
4991,6,13,361,5,2025-06-09,Upgrade,Completed,98.98
4992,1,1,1904,,2025-02-25,Accessory Sale,Completed,138.0
4993,5,12,2490,1,2025-12-24,Bill Payment,Refunded,-30.0
4994,18,50,1089,4,2026-05-26,Bill Payment,Completed,55.0
4995,1,1,350,1,2025-01-23,Bill Payment,Completed,30.0
4996,17,47,1771,5,2026-05-01,Bill Payment,Voided,0.0
4997,7,15,778,6,2025-02-19,Bill Payment,Completed,65.0
4998,7,15,2026,5,2025-06-05,Plan Change,Completed,6.73
4999,6,13,1532,4,2026-03-24,Bill Payment,Completed,55.0
5000,18,50,1470,3,2025-01-20,Bill Payment,Completed,45.0
5001,6,13,391,2,2026-06-10,Bill Payment,Completed,40.0
5002,17,48,2086,,2025-05-31,Accessory Sale,Completed,114.02
5003,8,18,914,5,2026-02-21,Plan Change,Completed,2.82
5004,8,19,2026,4,2025-07-15,Bill Payment,Completed,55.0
5005,18,49,1051,2,2025-06-28,Upgrade,Completed,69.95
5006,8,18,2280,1,2026-01-03,Plan Change,Completed,2.76
5007,2,5,1695,5,2025-05-18,Bill Payment,Refunded,-60.0
5008,12,31,506,5,2025-11-25,Upgrade,Completed,110.75
5009,9,23,822,,2025-05-16,Accessory Sale,Completed,15.99
5010,5,11,2349,1,2025-10-08,Upgrade,Completed,86.33
5011,16,46,1313,3,2025-03-22,Bill Payment,Completed,45.0
5012,5,12,80,4,2026-06-01,Bill Payment,Completed,55.0
5013,7,15,2020,4,2025-05-29,Bill Payment,Completed,55.0
5014,10,25,523,4,2025-10-18,Bill Payment,Completed,55.0
5015,3,6,1802,,2025-12-26,Accessory Sale,Completed,56.97
5016,10,25,1066,5,2025-04-07,Bill Payment,Refunded,-60.0
5017,17,47,2339,6,2026-06-27,Upgrade,Voided,0.0
5018,1,1,2212,5,2026-06-12,Bill Payment,Completed,60.0
5019,17,47,2143,4,2025-05-27,Bill Payment,Completed,55.0
5020,18,50,1853,,2025-03-27,Accessory Sale,Completed,19.75
5021,1,,800,4,2025-09-11,Bill Payment,Completed,55.0
5022,10,25,535,2,2025-03-21,Bill Payment,Completed,40.0
5023,16,45,284,2,2026-04-15,Bill Payment,Completed,40.0
5024,17,47,2096,2,2025-02-10,Bill Payment,Voided,0.0
5025,3,7,935,6,2025-08-10,Bill Payment,Completed,65.0
5026,3,7,1384,1,2025-09-03,Bill Payment,Completed,30.0
5027,6,13,2489,2,2026-05-09,Bill Payment,Completed,40.0
5028,1,2,2448,6,2026-03-21,Upgrade,Refunded,-128.07
5029,9,23,2033,3,2026-04-10,Plan Change,Voided,0.0
5030,16,,1721,5,2026-05-01,Upgrade,Completed,99.84
5031,11,30,1681,4,2025-02-24,Bill Payment,Completed,55.0
5032,8,18,2213,6,2026-01-07,Bill Payment,Completed,65.0
5033,2,5,2320,3,2025-10-17,Bill Payment,Completed,45.0
5034,12,32,2527,3,2026-04-23,Bill Payment,Voided,0.0
5035,16,44,272,1,2026-01-07,Upgrade,Voided,0.0
5036,12,31,2395,5,2026-05-19,Bill Payment,Completed,60.0
5037,7,15,966,4,2025-09-02,Bill Payment,Refunded,-55.0
5038,2,5,872,4,2026-03-15,Plan Change,Completed,4.07
5039,17,48,471,5,2026-06-13,Bill Payment,Completed,60.0
5040,8,19,2184,5,2025-08-12,Bill Payment,Refunded,-60.0
5041,16,45,1938,3,2026-04-03,Bill Payment,Completed,45.0
5042,12,32,1452,,2026-02-24,Accessory Sale,Completed,68.46
5043,12,31,1571,3,2026-04-18,New Activation,Completed,54.35
5044,5,12,524,5,2025-05-02,Plan Change,Voided,0.0
5045,13,33,819,,2025-09-03,Accessory Sale,Completed,135.21
5046,18,49,687,5,2025-11-07,Bill Payment,Completed,60.0
5047,4,10,731,2,2025-04-10,New Activation,Completed,52.91
5048,6,13,1906,6,2025-09-25,Bill Payment,Completed,65.0
5049,11,27,1578,,2026-04-12,Accessory Sale,Completed,43.04
5050,6,13,899,4,2025-02-12,Bill Payment,Completed,55.0
5051,11,29,1557,5,2025-02-05,New Activation,Completed,73.57
5052,6,14,2498,3,2026-01-23,New Activation,Completed,55.9
5053,5,12,2035,,2025-06-05,Accessory Sale,Completed,132.61
5054,14,38,1096,3,2025-02-22,Bill Payment,Refunded,-45.0
5055,14,38,381,6,2025-08-26,New Activation,Completed,73.88
5056,1,1,615,3,2026-06-02,Upgrade,Voided,0.0
5057,16,43,1136,1,2025-08-20,Bill Payment,Completed,30.0
5058,5,11,918,3,2026-05-02,Bill Payment,Completed,45.0
5059,14,35,2541,1,2025-09-14,Bill Payment,Completed,30.0
5060,5,11,2181,1,2026-01-25,New Activation,Completed,35.68
5061,5,12,1980,4,2025-06-01,Bill Payment,Refunded,-55.0
5062,10,26,376,,2026-04-23,Accessory Sale,Completed,68.69
5063,12,31,2527,3,2026-06-10,Bill Payment,Voided,0.0
5064,12,31,1525,5,2025-08-11,New Activation,Completed,70.1
5065,2,5,378,4,2025-07-31,Bill Payment,Completed,55.0
5066,16,,139,4,2025-05-26,Bill Payment,Completed,55.0
5067,2,5,1879,,2026-03-24,Accessory Sale,Completed,95.66
5068,18,50,791,3,2025-01-24,Bill Payment,Completed,45.0
5069,9,21,301,1,2026-05-23,Bill Payment,Voided,0.0
5070,8,19,246,5,2026-06-28,Bill Payment,Completed,60.0
5071,8,19,1757,4,2025-01-13,Bill Payment,Completed,55.0
5072,8,17,2429,3,2026-06-02,New Activation,Completed,57.65
5073,16,45,2132,5,2025-02-20,Bill Payment,Completed,60.0
5074,5,11,1849,5,2025-05-22,Bill Payment,Refunded,-60.0
5075,8,19,1943,1,2026-05-31,Upgrade,Completed,55.77
5076,5,12,1423,2,2025-04-07,Bill Payment,Completed,40.0
5077,3,6,1856,3,2025-09-23,Bill Payment,Completed,45.0
5078,16,46,1483,3,2025-05-16,Plan Change,Completed,1.16
5079,2,5,348,,2026-01-06,Accessory Sale,Completed,76.76
5080,13,34,841,5,2025-01-13,Bill Payment,Refunded,-60.0
5081,6,13,1982,5,2026-02-12,Bill Payment,Refunded,-60.0
5082,2,3,1453,4,2025-07-26,Bill Payment,Completed,55.0
5083,1,1,981,4,2025-05-27,Plan Change,Completed,0.1
5084,3,8,1246,6,2025-07-17,Bill Payment,Completed,65.0
5085,5,12,295,6,2025-08-24,Bill Payment,Voided,0.0
5086,16,45,1461,,2026-01-31,Accessory Sale,Completed,106.75
5087,16,46,2052,2,2025-08-29,Bill Payment,Completed,40.0
5088,7,16,579,4,2025-03-18,Upgrade,Completed,116.39
5089,5,11,2483,,2026-03-29,Accessory Sale,Completed,75.52
5090,12,31,1967,6,2026-05-25,Bill Payment,Refunded,-65.0
5091,3,7,479,2,2026-02-05,Bill Payment,Refunded,-40.0
5092,13,34,26,3,2025-03-04,New Activation,Voided,0.0
5093,16,45,1332,2,2026-04-29,Bill Payment,Refunded,-40.0
5094,5,11,1361,1,2025-11-19,Bill Payment,Completed,30.0
5095,14,37,1677,3,2025-03-05,Bill Payment,Completed,45.0
5096,3,7,171,3,2025-01-04,Bill Payment,Completed,45.0
5097,18,49,1266,2,2025-01-17,Bill Payment,Completed,40.0
5098,5,12,2309,4,2026-04-24,Bill Payment,Completed,55.0
5099,5,11,996,3,2026-02-04,Bill Payment,Completed,45.0
5100,1,2,77,4,2025-08-20,Bill Payment,Completed,55.0
5101,4,10,1835,6,2025-09-08,Bill Payment,Completed,65.0
5102,18,49,1579,1,2026-01-31,Plan Change,Completed,2.64
5103,6,14,1363,5,2026-05-20,Bill Payment,Completed,60.0
5104,11,28,1932,1,2025-02-11,Bill Payment,Completed,30.0
5105,9,20,250,6,2025-05-06,Bill Payment,Completed,65.0
5106,9,21,1725,2,2025-12-07,Bill Payment,Refunded,-40.0
5107,11,27,2118,4,2026-02-21,Bill Payment,Completed,55.0
5108,6,14,2441,2,2025-10-07,Bill Payment,Completed,40.0
5109,1,2,1226,1,2025-01-06,Bill Payment,Completed,30.0
5110,8,18,986,3,2025-06-20,Upgrade,Completed,96.88
5111,7,15,981,3,2025-08-10,Bill Payment,Completed,45.0
5112,2,4,969,6,2025-09-06,New Activation,Voided,0.0
5113,11,28,676,3,2025-07-29,Bill Payment,Completed,45.0
5114,8,18,2045,2,2025-03-08,Bill Payment,Completed,40.0
5115,2,4,1097,1,2026-06-23,Plan Change,Completed,7.93
5116,7,16,38,6,2025-05-05,Plan Change,Completed,6.8
5117,6,13,2433,4,2025-08-13,Upgrade,Completed,92.25
5118,6,14,893,2,2025-10-16,Bill Payment,Refunded,-40.0
5119,14,36,2281,5,2026-04-11,Bill Payment,Completed,60.0
5120,18,49,1224,6,2026-02-15,Bill Payment,Completed,65.0
5121,15,42,2275,6,2026-01-12,Bill Payment,Completed,65.0
5122,2,4,970,2,2026-06-06,Plan Change,Completed,1.11
5123,3,6,119,6,2025-07-14,Bill Payment,Completed,65.0
5124,12,31,23,5,2025-09-24,New Activation,Voided,0.0
5125,11,,2085,2,2026-05-21,Bill Payment,Completed,40.0
5126,7,16,491,1,2025-03-01,Bill Payment,Completed,30.0
5127,6,14,1807,6,2025-04-03,Bill Payment,Completed,65.0
5128,9,23,2073,3,2025-08-21,New Activation,Completed,59.79
5129,9,23,2094,3,2026-06-28,Bill Payment,Completed,45.0
5130,14,37,171,3,2025-08-12,Bill Payment,Completed,45.0
5131,3,8,2030,4,2026-04-06,Bill Payment,Completed,55.0
5132,6,,466,2,2025-06-08,Bill Payment,Completed,40.0
5133,3,,691,6,2026-06-17,Bill Payment,Completed,65.0
5134,12,31,67,5,2025-05-31,New Activation,Completed,69.73
5135,18,49,49,2,2025-05-09,Bill Payment,Completed,40.0
5136,6,14,404,2,2025-11-24,Plan Change,Completed,7.14
5137,12,31,78,1,2026-03-12,Bill Payment,Voided,0.0
5138,13,33,1399,4,2025-08-12,New Activation,Voided,0.0
5139,6,14,1907,5,2026-03-22,Upgrade,Completed,86.74
5140,7,16,98,5,2025-05-18,Bill Payment,Completed,60.0
5141,4,9,1121,2,2026-02-21,Bill Payment,Voided,0.0
5142,13,34,538,1,2025-07-05,Bill Payment,Completed,30.0
5143,1,2,2377,4,2026-05-30,Bill Payment,Completed,55.0
5144,3,6,682,4,2025-05-03,Bill Payment,Completed,55.0
5145,16,44,2352,2,2025-09-10,Bill Payment,Completed,40.0
5146,5,11,2170,4,2025-01-16,Bill Payment,Completed,55.0
5147,15,41,414,5,2026-01-27,Bill Payment,Completed,60.0
5148,7,15,62,,2026-06-22,Accessory Sale,Completed,68.77
5149,18,50,2212,4,2026-04-25,Bill Payment,Completed,55.0
5150,9,,224,1,2026-03-07,Bill Payment,Voided,0.0
5151,1,1,1400,5,2025-07-02,Bill Payment,Completed,60.0
5152,4,10,2421,4,2025-02-10,Bill Payment,Completed,55.0
5153,17,48,902,6,2025-01-30,Bill Payment,Completed,65.0
5154,3,8,656,4,2025-04-25,Bill Payment,Completed,55.0
5155,18,50,1368,5,2025-12-01,Bill Payment,Completed,60.0
5156,1,2,245,,2025-01-25,Accessory Sale,Completed,93.41
5157,2,3,1399,3,2025-09-25,New Activation,Completed,55.3
5158,10,26,152,,2025-10-30,Accessory Sale,Completed,86.55
5159,6,13,1824,2,2025-09-23,Bill Payment,Completed,40.0
5160,14,37,688,2,2025-04-22,Upgrade,Completed,82.73
5161,2,5,1220,3,2025-08-14,Bill Payment,Completed,45.0
5162,8,19,2118,1,2025-03-26,Bill Payment,Refunded,-30.0
5163,4,10,792,1,2025-02-19,Plan Change,Completed,0.79
5164,17,48,1297,1,2025-03-10,Bill Payment,Completed,30.0
5165,11,30,379,,2025-06-16,Accessory Sale,Completed,35.27
5166,4,9,435,,2025-10-01,Accessory Sale,Completed,115.03
5167,8,,42,4,2025-05-16,New Activation,Completed,68.48
5168,8,19,516,6,2026-04-12,Bill Payment,Completed,65.0
5169,16,43,581,2,2025-01-15,Bill Payment,Completed,40.0
5170,4,10,1537,4,2026-05-25,New Activation,Refunded,-69.06
5171,12,32,352,,2025-03-01,Accessory Sale,Completed,57.62
5172,1,1,231,4,2025-04-21,Bill Payment,Completed,55.0
5173,15,42,552,4,2025-03-09,Bill Payment,Completed,55.0
5174,10,24,1446,2,2025-02-03,Bill Payment,Completed,40.0
5175,13,,2416,4,2026-03-01,New Activation,Completed,60.07
5176,5,,2249,1,2025-03-21,Bill Payment,Completed,30.0
5177,15,41,1698,5,2025-02-01,Bill Payment,Completed,60.0
5178,3,7,309,2,2025-06-21,Bill Payment,Completed,40.0
5179,16,43,1376,3,2026-02-02,Bill Payment,Completed,45.0
5180,13,33,1044,4,2026-02-16,New Activation,Completed,63.03
5181,4,9,1312,2,2025-02-28,Bill Payment,Refunded,-40.0
5182,14,38,252,6,2025-02-24,Bill Payment,Completed,65.0
5183,18,49,1450,6,2026-04-21,New Activation,Completed,72.04
5184,18,50,988,3,2026-06-30,Bill Payment,Completed,45.0
5185,6,13,1567,1,2025-09-04,Bill Payment,Completed,30.0
5186,12,32,1006,2,2025-01-15,Bill Payment,Completed,40.0
5187,14,37,209,3,2025-05-11,Bill Payment,Voided,0.0
5188,3,6,905,3,2026-06-20,Upgrade,Completed,97.17
5189,14,38,2527,3,2026-01-25,New Activation,Completed,57.82
5190,11,27,322,5,2025-06-12,Bill Payment,Refunded,-60.0
5191,12,31,2370,,2025-06-23,Accessory Sale,Completed,45.98
5192,18,50,2555,4,2025-10-29,New Activation,Voided,0.0
5193,5,11,1192,2,2025-10-12,Bill Payment,Completed,40.0
5194,12,32,43,3,2025-08-10,Bill Payment,Completed,45.0
5195,6,13,1311,4,2025-04-19,Upgrade,Completed,114.37
5196,11,27,2276,2,2025-05-18,Bill Payment,Voided,0.0
5197,18,49,2172,2,2026-02-05,Upgrade,Completed,67.3
5198,6,14,1294,,2026-06-09,Accessory Sale,Completed,61.06
5199,5,11,1563,3,2025-04-12,Bill Payment,Completed,45.0
5200,2,5,2502,,2025-05-03,Accessory Sale,Completed,22.65
5201,6,13,1862,6,2026-02-20,Bill Payment,Completed,65.0
5202,5,12,1687,1,2025-01-07,Plan Change,Refunded,-6.5
5203,14,35,1700,2,2025-03-12,Bill Payment,Completed,40.0
5204,7,16,1407,4,2025-01-11,Bill Payment,Completed,55.0
5205,12,32,727,4,2025-02-18,Bill Payment,Completed,55.0
5206,8,19,2019,5,2025-02-08,Bill Payment,Refunded,-60.0
5207,17,48,2105,3,2025-12-30,Bill Payment,Completed,45.0
5208,11,30,1203,5,2025-02-04,Bill Payment,Completed,60.0
5209,11,28,852,,2025-05-18,Accessory Sale,Completed,66.19
5210,16,46,2377,5,2025-01-16,Bill Payment,Completed,60.0
5211,3,6,704,2,2025-06-10,Bill Payment,Completed,40.0
5212,1,2,2482,5,2025-11-20,Bill Payment,Completed,60.0
5213,11,,834,5,2026-06-20,Bill Payment,Refunded,-60.0
5214,9,23,1940,3,2025-10-21,Bill Payment,Completed,45.0
5215,14,36,1874,,2025-02-04,Accessory Sale,Completed,39.1
5216,1,1,621,3,2025-07-19,Bill Payment,Completed,45.0
5217,2,5,940,3,2025-03-20,Upgrade,Completed,82.84
5218,1,1,547,1,2025-04-28,Bill Payment,Completed,30.0
5219,6,14,1357,5,2025-06-29,Bill Payment,Voided,0.0
5220,18,50,1435,5,2026-04-29,New Activation,Completed,66.11
5221,6,14,1108,3,2026-06-04,New Activation,Completed,57.41
5222,14,35,903,6,2025-01-17,Bill Payment,Completed,65.0
5223,8,19,2408,,2025-10-26,Accessory Sale,Completed,140.48
5224,16,43,2005,,2025-02-26,Accessory Sale,Completed,141.12
5225,5,12,248,3,2025-10-07,Bill Payment,Completed,45.0
5226,6,14,1120,5,2026-06-27,New Activation,Completed,66.86
5227,6,14,2298,5,2025-05-30,Bill Payment,Completed,60.0
5228,8,17,1936,,2026-01-06,Accessory Sale,Completed,55.08
5229,4,10,969,5,2025-08-13,Bill Payment,Completed,60.0
5230,12,31,116,1,2025-01-06,Bill Payment,Refunded,-30.0
5231,13,33,1447,4,2025-07-21,Bill Payment,Completed,55.0
5232,18,50,2542,1,2026-03-07,New Activation,Completed,44.45
5233,14,38,1195,1,2025-03-12,Bill Payment,Completed,30.0
5234,5,11,1221,6,2026-01-12,Upgrade,Refunded,-89.96
5235,11,30,1703,,2026-06-29,Accessory Sale,Completed,45.03
5236,8,17,951,6,2025-12-19,Upgrade,Completed,101.04
5237,9,20,1882,2,2025-05-03,Bill Payment,Completed,40.0
5238,15,39,400,2,2025-09-22,New Activation,Completed,46.28
5239,16,46,2099,4,2025-05-11,Bill Payment,Completed,55.0
5240,14,37,1174,3,2025-11-14,Bill Payment,Completed,45.0
5241,5,11,2114,1,2025-07-01,Bill Payment,Completed,30.0
5242,5,11,964,3,2026-05-20,New Activation,Completed,55.58
5243,14,35,1570,,2025-04-27,Accessory Sale,Refunded,-134.55
5244,5,12,1402,6,2025-12-22,Bill Payment,Completed,65.0
5245,4,9,868,2,2025-10-17,Bill Payment,Voided,0.0
5246,11,29,362,4,2025-11-07,Bill Payment,Completed,55.0
5247,12,31,2463,2,2026-03-26,Bill Payment,Completed,40.0
5248,17,48,1149,1,2025-07-13,New Activation,Completed,41.1
5249,8,18,1288,2,2025-04-13,Bill Payment,Refunded,-40.0
5250,14,38,2563,,2025-11-24,Accessory Sale,Completed,58.16
5251,6,13,331,3,2025-01-20,New Activation,Completed,56.89
5252,1,1,909,4,2025-02-28,Bill Payment,Completed,55.0
5253,1,2,1190,1,2025-05-20,New Activation,Voided,0.0
5254,13,33,620,5,2025-01-12,New Activation,Completed,73.7
5255,14,35,2363,6,2026-04-25,Bill Payment,Completed,65.0
5256,12,32,2340,3,2025-06-04,Bill Payment,Completed,45.0
5257,18,49,1480,,2025-12-04,Accessory Sale,Completed,130.53
5258,12,31,530,3,2025-10-24,Bill Payment,Completed,45.0
5259,12,31,1429,4,2026-04-06,Bill Payment,Completed,55.0
5260,8,17,167,,2026-01-16,Accessory Sale,Refunded,-57.45
5261,14,37,1784,,2026-03-01,Accessory Sale,Completed,149.84
5262,8,18,1608,5,2025-09-04,Bill Payment,Refunded,-60.0
5263,4,10,58,2,2025-03-29,Bill Payment,Refunded,-40.0
5264,2,4,1414,6,2026-06-20,Bill Payment,Voided,0.0
5265,14,36,1287,5,2025-08-23,Upgrade,Completed,114.98
5266,14,36,428,6,2025-06-27,Bill Payment,Completed,65.0
5267,8,19,2099,,2025-02-19,Accessory Sale,Completed,149.38
5268,16,45,137,5,2025-08-20,Plan Change,Completed,8.13
5269,18,50,1613,1,2026-04-09,Bill Payment,Refunded,-30.0
5270,16,44,534,1,2025-11-27,Bill Payment,Refunded,-30.0
5271,9,23,1686,6,2025-02-10,Bill Payment,Completed,65.0
5272,14,36,2493,2,2025-04-09,Bill Payment,Completed,40.0
5273,9,,861,3,2026-05-07,Bill Payment,Completed,45.0
5274,11,30,2596,4,2026-02-19,Bill Payment,Refunded,-55.0
5275,13,33,2035,2,2025-09-15,Bill Payment,Voided,0.0
5276,6,14,206,4,2025-06-19,New Activation,Completed,66.95
5277,6,14,2434,6,2025-07-13,New Activation,Completed,71.67
5278,9,23,1475,4,2025-11-28,New Activation,Voided,0.0
5279,12,31,579,2,2025-12-25,New Activation,Completed,45.52
5280,2,4,1482,5,2025-09-09,Bill Payment,Completed,60.0
5281,13,33,2189,5,2025-06-26,Bill Payment,Completed,60.0
5282,18,49,660,6,2025-08-06,Bill Payment,Completed,65.0
5283,6,14,2480,,2025-03-12,Accessory Sale,Completed,129.33
5284,11,27,116,1,2026-04-18,Bill Payment,Completed,30.0
5285,8,19,1167,6,2025-08-06,Bill Payment,Completed,65.0
5286,11,30,2066,2,2025-10-11,Upgrade,Completed,84.19
5287,14,35,1491,2,2025-10-30,Bill Payment,Completed,40.0
5288,2,3,2524,,2026-03-21,Accessory Sale,Completed,48.58
5289,17,48,327,2,2025-12-15,Bill Payment,Voided,0.0
5290,14,37,586,4,2025-07-02,Bill Payment,Completed,55.0
5291,4,,2582,1,2026-05-03,New Activation,Completed,42.87
5292,8,19,1962,1,2026-05-05,Bill Payment,Completed,30.0
5293,13,34,731,3,2025-01-18,Upgrade,Completed,115.82
5294,18,49,1319,,2026-04-13,Accessory Sale,Completed,115.37
5295,10,26,2026,4,2025-12-20,Upgrade,Completed,108.01
5296,3,7,1552,3,2026-03-16,Bill Payment,Completed,45.0
5297,6,13,1905,,2025-04-16,Accessory Sale,Completed,85.71
5298,6,13,1735,5,2025-11-04,Bill Payment,Voided,0.0
5299,7,16,1530,4,2025-12-03,Upgrade,Voided,0.0
5300,10,26,1611,1,2025-02-07,New Activation,Completed,38.44
5301,14,37,2457,2,2025-09-12,Bill Payment,Completed,40.0
5302,6,13,480,3,2025-02-27,Bill Payment,Refunded,-45.0
5303,16,45,133,,2026-04-28,Accessory Sale,Completed,56.83
5304,4,9,1009,3,2026-06-08,New Activation,Completed,53.4
5305,12,31,1028,6,2025-04-21,Bill Payment,Completed,65.0
5306,3,8,1042,6,2025-04-06,Bill Payment,Completed,65.0
5307,11,28,228,5,2025-09-20,Bill Payment,Completed,60.0
5308,10,26,1454,5,2026-01-02,Bill Payment,Completed,60.0
5309,15,41,1278,4,2025-08-30,Bill Payment,Completed,55.0
5310,2,5,823,3,2025-05-25,Bill Payment,Completed,45.0
5311,3,7,1850,1,2026-03-05,New Activation,Completed,44.36
5312,13,33,1030,6,2026-05-03,Bill Payment,Completed,65.0
5313,6,13,151,2,2025-04-03,Bill Payment,Completed,40.0
5314,5,12,738,1,2026-05-06,Bill Payment,Completed,30.0
5315,2,4,2459,2,2026-01-27,Plan Change,Completed,3.43
5316,16,44,2332,5,2026-06-18,New Activation,Completed,68.45
5317,16,44,2124,2,2025-02-21,Bill Payment,Voided,0.0
5318,9,21,586,1,2025-09-20,Bill Payment,Completed,30.0
5319,5,,827,,2025-08-28,Accessory Sale,Completed,76.26
5320,12,31,223,4,2025-05-13,Bill Payment,Completed,55.0
5321,4,9,1818,1,2026-06-29,Bill Payment,Completed,30.0
5322,5,12,338,3,2026-03-13,Bill Payment,Completed,45.0
5323,17,47,1709,3,2026-03-25,Upgrade,Refunded,-75.21
5324,10,26,2091,1,2025-04-27,Plan Change,Completed,0.98
5325,9,22,419,,2025-08-02,Accessory Sale,Completed,99.38
5326,8,18,675,4,2025-01-25,Bill Payment,Completed,55.0
5327,8,19,1491,5,2025-08-18,Bill Payment,Completed,60.0
5328,15,42,1151,,2025-07-03,Accessory Sale,Completed,34.7
5329,4,,1799,2,2026-04-05,Bill Payment,Completed,40.0
5330,1,2,252,2,2026-02-07,Bill Payment,Completed,40.0
5331,18,50,1099,5,2026-06-27,Bill Payment,Completed,60.0
5332,1,1,1790,2,2025-03-16,Bill Payment,Voided,0.0
5333,14,38,474,5,2025-01-20,Bill Payment,Completed,60.0
5334,13,33,107,5,2026-03-04,New Activation,Completed,71.51
5335,12,31,193,1,2025-09-12,Bill Payment,Refunded,-30.0
5336,5,11,818,,2025-08-13,Accessory Sale,Completed,45.29
5337,1,1,2519,,2026-03-10,Accessory Sale,Completed,127.63
5338,18,49,2289,2,2025-05-30,Upgrade,Completed,107.96
5339,2,4,1842,6,2025-10-03,Bill Payment,Completed,65.0
5340,16,46,510,2,2025-04-17,Bill Payment,Completed,40.0
5341,2,4,138,5,2026-01-22,Bill Payment,Refunded,-60.0
5342,9,20,2159,6,2026-05-17,Bill Payment,Voided,0.0
5343,12,31,430,5,2025-09-11,Plan Change,Completed,5.72
5344,12,32,1065,4,2025-04-12,New Activation,Completed,67.17
5345,18,49,1003,1,2025-02-01,Bill Payment,Completed,30.0
5346,8,19,1129,1,2025-08-25,Bill Payment,Completed,30.0
5347,1,2,470,6,2025-05-02,New Activation,Completed,73.82
5348,11,29,1023,2,2026-04-24,Bill Payment,Completed,40.0
5349,8,18,1608,1,2026-02-24,Bill Payment,Completed,30.0
5350,9,20,1468,1,2026-01-01,Bill Payment,Completed,30.0
5351,6,14,1970,4,2026-06-04,Bill Payment,Completed,55.0
5352,8,19,930,4,2025-04-10,Bill Payment,Completed,55.0
5353,12,31,1869,3,2025-09-08,Upgrade,Voided,0.0
5354,6,13,677,,2025-07-26,Accessory Sale,Completed,73.64
5355,9,23,1415,,2026-03-12,Accessory Sale,Completed,95.43
5356,15,40,1501,1,2026-02-28,Bill Payment,Completed,30.0
5357,11,28,1098,2,2026-05-27,Bill Payment,Completed,40.0
5358,16,46,2516,2,2025-02-24,Bill Payment,Completed,40.0
5359,8,17,1217,1,2026-02-09,Plan Change,Refunded,-4.39
5360,4,10,245,4,2026-06-26,New Activation,Completed,69.65
5361,8,17,378,1,2025-01-04,Bill Payment,Completed,30.0
5362,6,14,270,1,2026-05-10,Bill Payment,Completed,30.0
5363,3,7,130,3,2025-04-10,Bill Payment,Completed,45.0
5364,5,12,1605,6,2025-03-18,Bill Payment,Completed,65.0
5365,2,3,2491,4,2026-04-08,Upgrade,Refunded,-129.64
5366,16,44,687,2,2025-12-24,Bill Payment,Refunded,-40.0
5367,14,35,2368,4,2025-09-13,Bill Payment,Completed,55.0
5368,11,27,196,6,2026-04-23,New Activation,Voided,0.0
5369,7,16,1824,3,2025-10-11,Bill Payment,Completed,45.0
5370,4,9,2072,2,2025-01-23,New Activation,Completed,52.21
5371,10,26,1602,4,2025-05-22,Bill Payment,Voided,0.0
5372,3,7,10,,2025-04-29,Accessory Sale,Completed,80.32
5373,12,,1112,4,2025-02-10,Bill Payment,Completed,55.0
5374,5,11,280,3,2026-05-10,Bill Payment,Refunded,-45.0
5375,14,35,1000,6,2025-07-16,Bill Payment,Completed,65.0
5376,14,35,2294,,2026-06-23,Accessory Sale,Completed,94.12
5377,2,4,526,5,2026-05-29,Bill Payment,Completed,60.0
5378,3,8,901,,2026-01-13,Accessory Sale,Completed,41.98
5379,17,48,1837,3,2025-09-30,Bill Payment,Voided,0.0
5380,5,11,968,,2026-01-21,Accessory Sale,Refunded,-35.58
5381,18,49,2398,3,2025-07-11,Upgrade,Refunded,-112.49
5382,17,48,585,3,2025-12-19,Bill Payment,Completed,45.0
5383,2,,19,1,2025-05-10,Bill Payment,Completed,30.0
5384,11,30,1215,,2025-06-18,Accessory Sale,Completed,138.39
5385,17,47,1172,3,2026-02-27,Bill Payment,Completed,45.0
5386,8,17,1929,2,2025-12-08,Bill Payment,Completed,40.0
5387,6,13,1562,5,2025-03-31,Bill Payment,Completed,60.0
5388,12,32,2444,,2025-10-13,Accessory Sale,Completed,59.74
5389,1,1,344,5,2026-02-21,Bill Payment,Completed,60.0
5390,16,43,331,1,2025-05-08,Bill Payment,Completed,30.0
5391,15,,289,1,2026-04-24,Bill Payment,Completed,30.0
5392,11,27,383,1,2026-01-11,Bill Payment,Refunded,-30.0
5393,2,4,1660,2,2026-01-24,Upgrade,Completed,115.81
5394,10,25,123,6,2026-01-16,New Activation,Completed,79.76
5395,4,9,55,,2025-12-23,Accessory Sale,Refunded,-38.67
5396,14,38,2133,,2025-03-04,Accessory Sale,Completed,48.73
5397,15,40,1485,,2026-05-03,Accessory Sale,Completed,35.9
5398,5,12,9,1,2026-02-03,Bill Payment,Completed,30.0
5399,5,12,1799,2,2025-08-17,Bill Payment,Completed,40.0
5400,10,25,2243,6,2025-07-07,Bill Payment,Completed,65.0
5401,14,35,493,3,2025-06-01,Bill Payment,Completed,45.0
5402,8,19,669,1,2025-07-21,Bill Payment,Completed,30.0
5403,11,27,961,3,2025-12-22,Bill Payment,Completed,45.0
5404,11,28,2005,,2026-05-31,Accessory Sale,Completed,57.59
5405,2,3,977,5,2025-03-29,Bill Payment,Completed,60.0
5406,9,20,613,,2025-06-08,Accessory Sale,Completed,98.79
5407,18,50,1814,4,2025-06-06,Bill Payment,Completed,55.0
5408,13,34,1354,4,2026-06-03,Bill Payment,Voided,0.0
5409,7,16,1151,6,2025-07-08,Bill Payment,Completed,65.0
5410,6,14,293,2,2025-08-05,Bill Payment,Voided,0.0
5411,3,7,2391,5,2025-01-01,Plan Change,Completed,1.06
5412,10,26,1194,6,2025-06-11,Plan Change,Completed,6.19
5413,12,31,1683,5,2025-04-14,New Activation,Completed,66.54
5414,4,9,1785,2,2025-09-13,New Activation,Completed,46.97
5415,11,,1336,,2025-02-07,Accessory Sale,Completed,100.8
5416,11,29,618,3,2025-08-22,Bill Payment,Completed,45.0
5417,2,4,175,6,2026-03-15,Bill Payment,Refunded,-65.0
5418,11,30,1501,,2026-01-23,Accessory Sale,Completed,146.89
5419,14,35,170,3,2026-03-30,Bill Payment,Completed,45.0
5420,2,4,1603,2,2025-08-08,Bill Payment,Refunded,-40.0
5421,1,2,1636,5,2025-06-04,Bill Payment,Completed,60.0
5422,18,49,1480,,2025-12-04,Accessory Sale,Completed,130.53
5423,8,17,2212,6,2025-10-10,New Activation,Voided,0.0
5424,6,13,2297,3,2026-05-30,Upgrade,Completed,89.02
5425,18,49,1820,,2025-07-08,Accessory Sale,Completed,13.26
5426,7,16,2070,4,2025-04-04,Bill Payment,Voided,0.0
5427,7,15,541,5,2025-02-25,Bill Payment,Completed,60.0
5428,2,4,2064,3,2025-04-28,Bill Payment,Completed,45.0
5429,11,29,1329,6,2026-04-28,Bill Payment,Completed,65.0
5430,1,1,1111,2,2026-02-01,Bill Payment,Refunded,-40.0
5431,5,11,2555,2,2026-02-28,Plan Change,Completed,1.49
5432,2,3,2570,1,2026-01-29,Bill Payment,Completed,30.0
5433,6,13,329,1,2026-01-02,New Activation,Voided,0.0
5434,17,47,338,1,2026-04-23,Bill Payment,Completed,30.0
5435,12,32,2151,,2025-06-15,Accessory Sale,Completed,31.62
5436,12,32,892,,2025-04-11,Accessory Sale,Refunded,-145.69
5437,14,35,2279,4,2025-02-17,Bill Payment,Completed,55.0
5438,13,34,2354,5,2026-03-15,Plan Change,Refunded,-7.0
5439,8,18,194,4,2025-06-23,New Activation,Completed,66.37
5440,16,46,2084,4,2025-10-08,Bill Payment,Completed,55.0
5441,6,14,1699,6,2025-01-18,Plan Change,Completed,2.48
5442,12,32,580,2,2025-03-09,Plan Change,Refunded,-7.94
5443,6,13,1358,2,2026-04-30,Bill Payment,Completed,40.0
5444,5,11,1062,1,2026-05-07,Upgrade,Completed,78.57
5445,3,8,2434,3,2025-07-07,New Activation,Voided,0.0
5446,5,11,1064,5,2025-06-09,Bill Payment,Completed,60.0
5447,10,26,888,2,2025-09-06,Bill Payment,Completed,40.0
5448,14,37,1611,,2025-07-12,Accessory Sale,Completed,92.94
5449,7,16,717,5,2025-03-04,New Activation,Completed,69.14
5450,1,2,2100,4,2025-10-04,Bill Payment,Completed,55.0
5451,16,46,1045,2,2025-02-17,Bill Payment,Completed,40.0
5452,14,35,1110,1,2025-05-03,Bill Payment,Completed,30.0
5453,8,17,452,4,2025-01-09,Upgrade,Completed,115.47
5454,18,49,1132,5,2026-06-07,Bill Payment,Completed,60.0
5455,16,44,1857,4,2026-01-14,Bill Payment,Completed,55.0
5456,6,13,1291,3,2025-07-19,Bill Payment,Completed,45.0
5457,8,17,1604,,2025-02-23,Accessory Sale,Completed,122.65
5458,4,9,1199,,2026-02-02,Accessory Sale,Completed,92.7
5459,18,,2300,1,2026-03-30,Bill Payment,Completed,30.0
5460,9,21,1511,3,2025-07-05,Bill Payment,Completed,45.0
5461,6,14,1757,3,2025-06-26,Bill Payment,Completed,45.0
5462,8,19,1709,1,2026-03-12,New Activation,Voided,0.0
5463,7,16,1477,5,2025-10-02,Bill Payment,Completed,60.0
5464,7,16,1700,3,2026-04-03,Bill Payment,Refunded,-45.0
5465,3,8,811,2,2025-06-09,Upgrade,Completed,112.08
5466,8,18,1994,,2025-04-01,Accessory Sale,Completed,119.79
5467,18,49,525,5,2025-11-01,Bill Payment,Voided,0.0
5468,6,13,4,6,2025-02-25,Bill Payment,Completed,65.0
5469,1,,2104,2,2025-03-10,Bill Payment,Completed,40.0
5470,4,10,2184,2,2025-01-22,Plan Change,Voided,0.0
5471,10,24,388,,2025-04-01,Accessory Sale,Refunded,-42.33
5472,6,13,1018,6,2025-05-12,Bill Payment,Refunded,-65.0
5473,15,42,1065,5,2026-05-14,Plan Change,Completed,2.12
5474,8,,1252,,2025-02-03,Accessory Sale,Completed,116.38
5475,4,9,1722,2,2025-04-18,Bill Payment,Completed,40.0
5476,18,49,1757,2,2026-04-04,Bill Payment,Completed,40.0
5477,9,23,224,2,2025-11-12,Bill Payment,Completed,40.0
5478,3,8,2355,4,2026-06-27,Bill Payment,Completed,55.0
5479,11,28,18,6,2025-03-14,Upgrade,Completed,98.27
5480,11,28,298,3,2025-06-01,New Activation,Completed,53.52
5481,6,13,2081,2,2026-05-09,Bill Payment,Completed,40.0
5482,8,17,1824,,2025-12-30,Accessory Sale,Completed,20.63
5483,6,,1606,3,2025-07-29,Upgrade,Completed,73.35
5484,13,33,955,4,2025-04-04,Plan Change,Completed,3.2
5485,3,7,1665,5,2026-04-10,Bill Payment,Refunded,-60.0
5486,8,17,504,,2025-11-17,Accessory Sale,Refunded,-17.62
5487,6,14,1721,5,2026-01-21,Bill Payment,Completed,60.0
5488,16,45,2306,4,2026-05-28,Bill Payment,Completed,55.0
5489,14,35,1339,5,2026-05-25,Upgrade,Voided,0.0
5490,2,3,1062,5,2026-02-05,Plan Change,Completed,2.09
5491,5,12,29,,2026-04-17,Accessory Sale,Completed,118.07
5492,6,13,1012,5,2025-01-29,Bill Payment,Completed,60.0
5493,11,27,541,5,2025-06-24,Bill Payment,Completed,60.0
5494,16,44,2478,3,2025-09-25,Bill Payment,Refunded,-45.0
5495,1,1,1023,1,2025-06-18,Bill Payment,Completed,30.0
5496,16,,1355,1,2026-04-26,Plan Change,Completed,8.75
5497,7,15,24,5,2025-11-06,Bill Payment,Voided,0.0
5498,3,6,1642,,2026-03-11,Accessory Sale,Voided,0.0
5499,12,32,467,,2026-06-01,Accessory Sale,Completed,87.84
5500,16,43,1515,1,2026-04-28,Bill Payment,Completed,30.0
5501,16,45,905,5,2026-04-07,Upgrade,Completed,81.73
5502,5,12,2576,4,2026-03-18,Bill Payment,Completed,55.0
5503,11,,1450,4,2025-06-11,Bill Payment,Refunded,-55.0
5504,18,49,1691,1,2025-11-12,Bill Payment,Completed,30.0
5505,1,2,674,3,2025-04-16,Bill Payment,Completed,45.0
5506,7,15,2469,1,2025-10-31,New Activation,Completed,40.08
5507,15,39,492,3,2025-10-30,Bill Payment,Completed,45.0
5508,3,8,183,5,2026-03-11,New Activation,Completed,71.65
5509,4,10,612,6,2025-02-21,Plan Change,Completed,4.39
5510,6,13,1047,3,2026-03-02,Bill Payment,Completed,45.0
5511,3,6,9,3,2025-12-04,Bill Payment,Completed,45.0
5512,13,33,1048,2,2026-05-02,Bill Payment,Completed,40.0
5513,8,18,1377,1,2025-07-21,Bill Payment,Completed,30.0
5514,16,,1654,2,2026-06-04,Bill Payment,Completed,40.0
5515,4,10,2033,2,2026-02-25,New Activation,Completed,49.9
5516,15,42,792,,2026-04-22,Accessory Sale,Completed,97.69
5517,7,16,1647,,2026-02-07,Accessory Sale,Completed,44.1
5518,2,3,2513,5,2025-10-25,New Activation,Completed,74.11
5519,2,5,2049,,2025-09-05,Accessory Sale,Completed,86.42
5520,14,35,455,6,2025-11-15,Bill Payment,Completed,65.0
5521,4,9,982,1,2025-10-10,Bill Payment,Voided,0.0
5522,9,22,2305,6,2026-01-24,Bill Payment,Refunded,-65.0
5523,3,6,729,3,2025-03-02,Bill Payment,Completed,45.0
5524,8,18,2368,5,2025-02-02,Bill Payment,Refunded,-60.0
5525,17,48,2463,3,2026-02-02,Bill Payment,Refunded,-45.0
5526,11,29,559,,2025-04-16,Accessory Sale,Completed,101.67
5527,3,7,2031,,2025-06-22,Accessory Sale,Completed,138.23
5528,10,26,745,,2025-05-20,Accessory Sale,Completed,66.9
5529,18,49,2491,2,2025-08-15,Bill Payment,Completed,40.0
5530,12,31,363,5,2025-11-02,Bill Payment,Completed,60.0
5531,1,2,2429,4,2026-06-22,Bill Payment,Completed,55.0
5532,8,17,1625,3,2026-04-11,Bill Payment,Completed,45.0
5533,14,36,1628,,2026-05-18,Accessory Sale,Voided,0.0
5534,2,5,938,6,2025-03-28,Bill Payment,Completed,65.0
5535,4,9,831,4,2025-01-08,Plan Change,Completed,6.29
5536,2,3,1798,5,2025-01-07,Bill Payment,Voided,0.0
5537,8,19,1432,,2026-04-29,Accessory Sale,Completed,139.6
5538,3,7,1359,5,2026-03-12,Bill Payment,Completed,60.0
5539,17,47,1876,4,2025-06-08,Bill Payment,Completed,55.0
5540,10,25,76,4,2025-01-21,Bill Payment,Completed,55.0
5541,9,23,1574,3,2026-03-14,Bill Payment,Completed,45.0
5542,11,27,868,3,2026-04-21,Bill Payment,Completed,45.0
5543,3,,2242,3,2025-07-11,Bill Payment,Completed,45.0
5544,11,28,1479,,2026-03-15,Accessory Sale,Completed,37.89
5545,11,28,184,1,2025-06-13,Bill Payment,Completed,30.0
5546,5,11,1932,4,2025-06-04,New Activation,Completed,65.25
5547,12,32,2025,2,2026-03-23,Bill Payment,Completed,40.0
5548,6,14,2215,5,2026-05-29,Bill Payment,Completed,60.0
5549,5,11,722,6,2025-02-24,Bill Payment,Voided,0.0
5550,18,50,562,2,2026-04-11,Bill Payment,Refunded,-40.0
5551,11,29,2497,,2025-09-28,Accessory Sale,Completed,14.84
5552,16,43,2402,1,2025-12-20,Bill Payment,Completed,30.0
5553,7,,159,3,2025-07-30,Bill Payment,Voided,0.0
5554,9,23,427,3,2025-11-03,Upgrade,Completed,93.63
5555,9,21,723,5,2025-07-21,Bill Payment,Voided,0.0
5556,2,5,1259,5,2026-04-17,Bill Payment,Completed,60.0
5557,18,50,501,3,2026-02-08,Bill Payment,Completed,45.0
5558,16,45,749,1,2026-03-31,Bill Payment,Completed,30.0
5559,3,7,1543,1,2025-03-15,Bill Payment,Voided,0.0
5560,14,37,1668,,2025-09-26,Accessory Sale,Completed,98.64
5561,16,,851,4,2025-09-03,New Activation,Voided,0.0
5562,13,33,2010,3,2025-05-18,Bill Payment,Completed,45.0
5563,14,37,700,4,2025-01-26,Bill Payment,Completed,55.0
5564,16,43,1808,3,2025-12-26,New Activation,Completed,55.26
5565,2,3,1036,,2026-05-16,Accessory Sale,Completed,58.22
5566,8,17,2296,3,2025-01-05,Bill Payment,Completed,45.0
5567,12,32,364,3,2025-10-07,Bill Payment,Completed,45.0
5568,3,7,508,4,2025-05-12,New Activation,Completed,63.69
5569,12,32,232,4,2025-07-07,Bill Payment,Completed,55.0
5570,3,6,1118,1,2025-01-02,Bill Payment,Completed,30.0
5571,8,18,1374,3,2025-08-21,Bill Payment,Refunded,-45.0
5572,3,6,723,5,2025-02-27,Bill Payment,Completed,60.0
5573,6,13,2209,1,2025-10-04,Bill Payment,Voided,0.0
5574,18,50,1024,,2025-12-27,Accessory Sale,Completed,56.67
5575,9,23,2124,4,2025-09-18,Plan Change,Completed,0.8
5576,18,50,1459,,2025-01-16,Accessory Sale,Voided,0.0
5577,16,,2437,4,2026-03-10,Upgrade,Completed,111.96
5578,3,7,897,,2025-05-24,Accessory Sale,Completed,46.83
5579,15,41,1437,6,2025-01-04,New Activation,Completed,70.86
5580,7,16,2519,3,2026-06-04,New Activation,Completed,59.74
5581,6,13,2149,2,2025-10-14,Bill Payment,Completed,40.0
5582,8,19,1457,5,2025-08-04,Bill Payment,Completed,60.0
5583,2,3,1239,3,2025-08-04,Bill Payment,Completed,45.0
5584,9,20,1561,,2026-04-17,Accessory Sale,Completed,96.93
5585,15,41,1187,,2026-05-02,Accessory Sale,Refunded,-32.36
5586,8,17,874,6,2025-09-12,Bill Payment,Completed,65.0
5587,14,35,2175,4,2026-04-30,Plan Change,Completed,8.53
5588,8,17,1341,5,2026-05-26,Plan Change,Completed,6.06
5589,5,11,1973,1,2025-07-25,Bill Payment,Completed,30.0
5590,16,45,2561,2,2026-06-05,Bill Payment,Completed,40.0
5591,16,46,863,3,2026-06-16,Bill Payment,Completed,45.0
5592,18,50,2374,5,2025-10-10,Bill Payment,Completed,60.0
5593,15,39,2313,2,2026-03-20,Bill Payment,Completed,40.0
5594,3,6,1596,,2025-11-17,Accessory Sale,Completed,88.46
5595,4,9,1216,6,2025-07-07,Plan Change,Refunded,-3.6
5596,15,41,1500,2,2026-03-23,Bill Payment,Completed,40.0
5597,17,48,2564,4,2025-04-18,Bill Payment,Completed,55.0
5598,12,32,2437,3,2025-03-03,Bill Payment,Completed,45.0
5599,13,33,2101,1,2026-01-26,Bill Payment,Refunded,-30.0
5600,2,4,2033,1,2025-02-13,Bill Payment,Voided,0.0
5601,15,39,1921,1,2025-06-30,Bill Payment,Completed,30.0
5602,8,18,1875,4,2026-04-03,Bill Payment,Completed,55.0
5603,14,36,729,,2026-06-01,Accessory Sale,Completed,78.89
5604,1,2,435,4,2025-01-18,Bill Payment,Completed,55.0
5605,1,1,2348,4,2025-06-05,New Activation,Completed,63.16
5606,10,,1788,1,2026-03-05,Bill Payment,Completed,30.0
5607,14,38,337,2,2025-12-07,Bill Payment,Refunded,-40.0
5608,14,37,312,5,2025-03-01,Bill Payment,Voided,0.0
5609,16,46,1460,2,2025-04-23,Bill Payment,Completed,40.0
5610,12,31,204,4,2025-05-25,New Activation,Completed,67.9
5611,8,19,1391,3,2025-02-24,Bill Payment,Completed,45.0
5612,8,17,2573,6,2025-06-19,Bill Payment,Voided,0.0
5613,14,38,104,,2026-01-26,Accessory Sale,Completed,74.22
5614,11,27,1970,5,2025-04-02,Plan Change,Completed,1.84
5615,15,39,772,1,2025-07-20,New Activation,Completed,38.86
5616,5,12,720,5,2026-06-15,New Activation,Completed,68.8
5617,1,2,2261,6,2026-03-11,Bill Payment,Refunded,-65.0
5618,6,14,1816,1,2025-10-30,Bill Payment,Completed,30.0
5619,14,35,1463,,2025-12-04,Accessory Sale,Completed,73.2
5620,8,18,1545,5,2025-06-27,Bill Payment,Completed,60.0
5621,2,5,573,2,2026-06-27,Bill Payment,Completed,40.0
5622,8,18,2133,6,2025-12-23,Bill Payment,Completed,65.0
5623,5,12,1833,6,2026-03-16,New Activation,Completed,70.0
5624,4,9,1446,,2025-09-17,Accessory Sale,Completed,99.3
5625,1,2,2563,6,2026-03-09,Upgrade,Completed,141.52
5626,2,3,1173,1,2026-01-24,Upgrade,Completed,70.9
5627,1,,1359,3,2025-09-26,Upgrade,Voided,0.0
5628,18,49,1966,2,2026-03-26,Bill Payment,Completed,40.0
5629,16,44,2198,5,2025-01-04,Bill Payment,Completed,60.0
5630,16,44,1831,1,2025-09-26,New Activation,Completed,43.9
5631,18,49,1192,1,2025-04-24,Bill Payment,Completed,30.0
5632,13,34,2106,,2025-03-26,Accessory Sale,Refunded,-127.57
5633,15,42,1993,2,2026-01-18,Plan Change,Completed,2.98
5634,1,2,420,5,2026-05-12,Bill Payment,Completed,60.0
5635,11,27,2598,1,2026-04-18,Bill Payment,Completed,30.0
5636,15,40,1421,3,2025-04-09,Bill Payment,Completed,45.0
5637,3,8,114,6,2025-11-20,New Activation,Completed,79.83
5638,14,35,553,1,2025-02-20,Bill Payment,Completed,30.0
5639,6,14,369,5,2025-07-15,Bill Payment,Voided,0.0
5640,18,50,1997,5,2026-01-20,Bill Payment,Completed,60.0
5641,12,31,2236,6,2025-12-03,Bill Payment,Voided,0.0
5642,13,33,2158,4,2025-08-17,Bill Payment,Completed,55.0
5643,12,32,2363,,2026-01-10,Accessory Sale,Completed,109.99
5644,13,34,2005,4,2026-04-12,Plan Change,Refunded,-8.56
5645,13,33,688,1,2025-04-27,New Activation,Completed,35.25
5646,2,4,572,6,2026-04-17,New Activation,Completed,76.73
5647,8,17,2148,2,2025-12-10,Bill Payment,Completed,40.0
5648,10,,473,1,2026-03-17,New Activation,Completed,40.75
5649,11,30,1760,3,2025-10-19,Plan Change,Refunded,-2.09
5650,1,2,563,,2025-06-12,Accessory Sale,Completed,108.71
5651,8,18,307,5,2025-09-29,Plan Change,Completed,8.39
5652,7,15,1796,,2025-02-07,Accessory Sale,Completed,75.49
5653,2,5,776,,2025-03-13,Accessory Sale,Voided,0.0
5654,15,41,1274,1,2025-11-27,Bill Payment,Completed,30.0
5655,6,13,1586,2,2025-02-06,Bill Payment,Completed,40.0
5656,8,17,567,1,2025-01-05,Bill Payment,Refunded,-30.0
5657,2,5,793,1,2026-02-27,Bill Payment,Completed,30.0
5658,16,46,2533,6,2025-06-17,Bill Payment,Completed,65.0
5659,2,3,2050,2,2026-03-11,Bill Payment,Completed,40.0
5660,1,2,1951,2,2025-12-21,Upgrade,Completed,101.7
5661,14,36,1367,6,2025-10-22,Plan Change,Voided,0.0
5662,6,14,870,,2026-04-21,Accessory Sale,Completed,129.17
5663,11,28,1924,1,2026-04-22,New Activation,Completed,37.1
5664,14,35,991,6,2025-01-08,Bill Payment,Completed,65.0
5665,8,17,1406,,2025-10-15,Accessory Sale,Completed,107.67
5666,6,13,140,2,2025-05-19,New Activation,Completed,53.33
5667,18,49,24,,2025-09-04,Accessory Sale,Completed,108.21
5668,16,44,1706,3,2025-10-08,New Activation,Completed,51.96
5669,9,20,2547,5,2026-02-07,Bill Payment,Completed,60.0
5670,16,45,2100,4,2025-03-21,Bill Payment,Completed,55.0
5671,16,44,72,3,2026-03-15,Upgrade,Completed,111.46
5672,12,32,132,4,2025-07-19,Bill Payment,Completed,55.0
5673,1,1,1935,3,2025-08-03,Bill Payment,Completed,45.0
5674,2,3,2166,2,2026-06-26,Upgrade,Refunded,-99.43
5675,5,12,1087,2,2025-02-01,Bill Payment,Refunded,-40.0
5676,8,18,175,1,2025-06-09,Bill Payment,Completed,30.0
5677,18,,115,3,2026-02-16,Bill Payment,Completed,45.0
5678,3,6,708,2,2026-01-10,Upgrade,Voided,0.0
5679,1,2,2012,3,2025-07-31,Bill Payment,Completed,45.0
5680,14,37,2493,4,2025-08-21,Upgrade,Completed,98.06
5681,5,12,1658,1,2026-04-13,Bill Payment,Voided,0.0
5682,2,4,1304,3,2025-12-04,Bill Payment,Voided,0.0
5683,10,26,311,2,2025-07-13,Upgrade,Refunded,-69.75
5684,13,34,27,6,2025-10-27,Upgrade,Refunded,-127.22
5685,2,3,2544,2,2026-02-21,Bill Payment,Completed,40.0
5686,1,1,380,2,2025-07-08,Bill Payment,Completed,40.0
5687,15,39,588,,2026-04-05,Accessory Sale,Voided,0.0
5688,10,26,2547,3,2025-07-04,Bill Payment,Completed,45.0
5689,3,8,1476,3,2026-05-22,Bill Payment,Completed,45.0
5690,7,15,498,5,2026-01-25,Bill Payment,Completed,60.0
5691,8,17,39,6,2025-12-23,Bill Payment,Refunded,-65.0
5692,12,31,137,5,2025-07-26,Bill Payment,Completed,60.0
5693,1,2,328,6,2026-02-09,Bill Payment,Completed,65.0
5694,18,50,2242,4,2026-06-04,New Activation,Completed,60.33
5695,3,7,2488,3,2025-05-21,Bill Payment,Completed,45.0
5696,12,32,283,6,2026-01-19,Bill Payment,Voided,0.0
5697,5,11,1725,1,2026-05-30,Upgrade,Completed,51.25
5698,3,6,986,4,2025-02-04,Bill Payment,Refunded,-55.0
5699,15,41,591,3,2026-04-27,Bill Payment,Completed,45.0
5700,2,4,889,5,2025-12-23,New Activation,Completed,69.56
5701,5,11,1290,1,2026-04-24,Bill Payment,Refunded,-30.0
5702,11,30,187,5,2025-01-13,Bill Payment,Completed,60.0
5703,8,17,1411,3,2025-09-13,New Activation,Completed,57.36
5704,1,,1363,2,2025-03-17,Bill Payment,Completed,40.0
5705,8,19,1201,6,2026-01-26,Upgrade,Completed,113.83
5706,6,13,1706,1,2025-05-23,Bill Payment,Completed,30.0
5707,3,6,2032,2,2026-06-13,Bill Payment,Completed,40.0
5708,12,31,1446,2,2026-01-01,Plan Change,Completed,8.92
5709,11,28,1362,5,2026-03-26,Upgrade,Completed,111.72
5710,15,40,966,,2025-03-01,Accessory Sale,Voided,0.0
5711,11,30,2243,4,2025-07-19,Bill Payment,Completed,55.0
5712,8,18,2058,1,2026-06-04,Bill Payment,Completed,30.0
5713,5,11,1301,4,2025-06-14,New Activation,Completed,65.18
5714,4,10,2262,6,2025-07-12,Bill Payment,Completed,65.0
5715,6,14,266,5,2025-07-07,Bill Payment,Refunded,-60.0
5716,1,1,1005,1,2025-04-22,Bill Payment,Completed,30.0
5717,4,10,2191,4,2025-08-07,Bill Payment,Completed,55.0
5718,11,28,299,2,2026-03-18,Bill Payment,Refunded,-40.0
5719,9,22,325,5,2026-06-14,Bill Payment,Completed,60.0
5720,2,4,299,1,2026-01-16,Bill Payment,Completed,30.0
5721,2,3,904,5,2026-04-29,Bill Payment,Completed,60.0
5722,9,,697,2,2025-06-29,Bill Payment,Completed,40.0
5723,4,9,2567,6,2025-02-08,New Activation,Completed,79.57
5724,13,33,357,4,2026-05-21,Upgrade,Completed,88.33
5725,3,6,48,3,2025-03-14,Bill Payment,Voided,0.0
5726,14,36,1091,3,2026-01-04,Upgrade,Refunded,-106.69
5727,14,,1744,6,2026-02-19,Bill Payment,Completed,65.0
5728,15,41,1726,6,2025-06-02,Bill Payment,Completed,65.0
5729,17,48,1217,2,2025-02-14,Bill Payment,Completed,40.0
5730,14,36,1768,4,2025-01-15,Bill Payment,Refunded,-55.0
5731,14,35,1713,6,2025-06-26,Bill Payment,Completed,65.0
5732,11,30,300,,2025-08-26,Accessory Sale,Refunded,-121.24
5733,2,4,240,2,2025-05-15,Bill Payment,Completed,40.0
5734,8,17,1555,4,2025-08-06,Bill Payment,Completed,55.0
5735,8,17,33,,2025-04-13,Accessory Sale,Completed,83.17
5736,7,15,2446,1,2026-02-20,Bill Payment,Completed,30.0
5737,13,33,579,4,2025-01-08,Upgrade,Completed,105.07
5738,2,4,74,3,2026-01-15,Bill Payment,Completed,45.0
5739,11,28,2487,5,2025-07-30,Bill Payment,Voided,0.0
5740,10,,1120,,2025-01-10,Accessory Sale,Completed,48.4
5741,15,40,1189,1,2025-10-13,Bill Payment,Refunded,-30.0
5742,16,45,2299,2,2025-08-23,Bill Payment,Completed,40.0
5743,6,14,346,6,2025-03-31,Bill Payment,Completed,65.0
5744,6,13,1678,6,2025-05-02,Bill Payment,Completed,65.0
5745,12,31,1420,3,2025-04-23,Bill Payment,Completed,45.0
5746,18,49,1117,6,2025-01-06,New Activation,Completed,77.29
5747,8,19,1456,5,2025-12-24,Bill Payment,Completed,60.0
5748,2,5,1765,2,2025-07-27,Bill Payment,Voided,0.0
5749,14,37,761,4,2026-02-14,Bill Payment,Refunded,-55.0
5750,11,28,372,2,2025-09-15,Bill Payment,Completed,40.0
5751,4,9,1444,,2025-02-22,Accessory Sale,Completed,57.67
5752,11,28,912,2,2026-05-27,Bill Payment,Completed,40.0
5753,18,49,2031,6,2025-03-01,New Activation,Completed,76.57
5754,15,42,1658,6,2025-06-24,Bill Payment,Completed,65.0
5755,3,8,1212,5,2025-04-23,Bill Payment,Completed,60.0
5756,12,32,2547,1,2025-11-04,Plan Change,Completed,3.5
5757,10,25,1634,,2025-12-01,Accessory Sale,Completed,103.71
5758,1,1,811,6,2025-09-26,Bill Payment,Completed,65.0
5759,1,1,1240,2,2025-03-31,Bill Payment,Completed,40.0
5760,11,29,2188,5,2025-08-26,Bill Payment,Completed,60.0
5761,13,34,2585,2,2026-01-03,Bill Payment,Completed,40.0
5762,9,21,997,1,2026-06-08,Bill Payment,Refunded,-30.0
5763,11,28,1301,2,2026-04-09,New Activation,Completed,50.19
5764,3,8,1678,5,2026-01-13,Bill Payment,Completed,60.0
5765,6,14,112,1,2025-12-20,New Activation,Completed,44.82
5766,2,4,1037,,2025-07-17,Accessory Sale,Completed,83.25
5767,14,38,968,4,2026-03-08,Bill Payment,Completed,55.0
5768,6,13,1851,,2025-03-22,Accessory Sale,Completed,96.67
5769,2,4,1961,3,2025-04-26,Bill Payment,Refunded,-45.0
5770,8,18,208,2,2025-07-26,Bill Payment,Completed,40.0
5771,10,24,1506,4,2025-01-24,Upgrade,Completed,111.72
5772,6,14,2081,5,2025-11-08,Bill Payment,Completed,60.0
5773,13,33,1493,4,2025-07-20,Bill Payment,Completed,55.0
5774,8,17,2209,3,2026-06-21,Bill Payment,Completed,45.0
5775,16,43,2402,,2025-02-06,Accessory Sale,Voided,0.0
5776,14,35,661,5,2025-03-14,Bill Payment,Completed,60.0
5777,18,50,307,,2026-03-26,Accessory Sale,Completed,10.76
5778,13,34,1955,5,2025-12-31,New Activation,Completed,65.87
5779,16,43,139,5,2026-01-16,Bill Payment,Refunded,-60.0
5780,3,6,1292,3,2025-09-24,Bill Payment,Completed,45.0
5781,17,47,2065,5,2025-07-02,Bill Payment,Refunded,-60.0
5782,8,18,2282,6,2025-12-18,Bill Payment,Refunded,-65.0
5783,18,50,1630,6,2025-11-17,Bill Payment,Completed,65.0
5784,2,,520,6,2025-03-02,Bill Payment,Completed,65.0
5785,11,28,2339,2,2026-04-17,Bill Payment,Completed,40.0
5786,9,20,825,6,2026-06-30,New Activation,Completed,78.22
5787,14,38,450,3,2025-04-23,Bill Payment,Completed,45.0
5788,15,40,1556,4,2025-10-16,Bill Payment,Completed,55.0
5789,17,47,545,5,2025-03-17,Bill Payment,Completed,60.0
5790,14,38,1864,5,2026-06-22,Bill Payment,Completed,60.0
5791,7,16,547,2,2025-02-18,New Activation,Voided,0.0
5792,2,5,1958,,2026-04-27,Accessory Sale,Completed,61.47
5793,17,,1453,4,2025-10-25,Plan Change,Completed,4.23
5794,8,17,1982,2,2025-03-17,Plan Change,Completed,1.32
5795,3,,1058,4,2025-09-04,Bill Payment,Completed,55.0
5796,4,,2311,6,2026-04-01,Upgrade,Completed,109.64
5797,12,32,618,4,2025-01-28,Bill Payment,Completed,55.0
5798,2,5,705,1,2025-01-22,Bill Payment,Completed,30.0
5799,14,37,1955,4,2026-06-18,Bill Payment,Completed,55.0
5800,13,34,197,,2025-12-29,Accessory Sale,Completed,48.85
5801,10,25,195,2,2025-06-12,Bill Payment,Completed,40.0
5802,18,50,979,,2025-09-03,Accessory Sale,Completed,11.97
5803,12,31,2469,6,2025-07-04,New Activation,Refunded,-70.88
5804,11,28,897,1,2025-02-01,Bill Payment,Completed,30.0
5805,11,28,1928,1,2025-05-26,Upgrade,Completed,103.49
5806,2,5,1630,3,2025-04-29,Bill Payment,Completed,45.0
5807,8,17,1996,4,2026-04-05,Bill Payment,Completed,55.0
5808,16,43,1791,,2025-02-27,Accessory Sale,Completed,82.13
5809,2,4,781,6,2025-07-29,Bill Payment,Completed,65.0
5810,3,7,686,6,2025-05-07,Bill Payment,Completed,65.0
5811,6,13,1422,5,2025-11-18,Bill Payment,Completed,60.0
5812,2,4,2546,4,2025-10-05,Bill Payment,Completed,55.0
5813,6,13,1569,1,2025-02-20,New Activation,Completed,43.64
5814,9,22,1630,,2026-02-10,Accessory Sale,Completed,63.98
5815,12,31,251,4,2025-11-24,Bill Payment,Completed,55.0
5816,16,43,2200,,2026-04-17,Accessory Sale,Completed,90.16
5817,18,49,1675,,2025-12-22,Accessory Sale,Completed,41.32
5818,18,49,1386,1,2025-09-02,Plan Change,Completed,8.01
5819,5,11,2011,4,2026-06-05,Bill Payment,Completed,55.0
5820,8,17,2493,6,2025-03-12,Plan Change,Refunded,-5.13
5821,12,32,2256,,2026-03-21,Accessory Sale,Completed,66.96
5822,18,49,455,6,2025-10-19,Bill Payment,Voided,0.0
5823,9,21,1995,3,2025-01-19,Bill Payment,Completed,45.0
5824,10,26,1668,5,2026-04-19,Bill Payment,Completed,60.0
5825,7,15,586,,2025-10-13,Accessory Sale,Completed,112.59
5826,4,9,2481,2,2026-03-17,Upgrade,Completed,76.27
5827,17,47,2012,2,2026-06-02,New Activation,Completed,51.03
5828,8,17,312,4,2026-02-07,Bill Payment,Completed,55.0
5829,13,34,377,4,2025-11-08,Bill Payment,Completed,55.0
5830,8,19,1529,5,2025-11-21,Bill Payment,Refunded,-60.0
5831,11,29,568,2,2025-08-07,Bill Payment,Completed,40.0
5832,16,44,875,6,2025-08-29,New Activation,Completed,79.01
5833,6,13,864,6,2026-03-12,Bill Payment,Voided,0.0
5834,13,33,156,6,2025-12-28,Bill Payment,Completed,65.0
5835,16,45,627,3,2025-05-19,Bill Payment,Completed,45.0
5836,3,6,729,5,2025-11-05,Bill Payment,Completed,60.0
5837,8,17,628,1,2025-11-11,Bill Payment,Completed,30.0
5838,13,34,583,,2025-05-27,Accessory Sale,Refunded,-33.87
5839,9,23,1687,2,2026-05-31,Bill Payment,Voided,0.0
5840,8,17,1054,4,2026-05-11,Bill Payment,Completed,55.0
5841,9,,2507,6,2025-01-07,Bill Payment,Voided,0.0
5842,10,24,670,4,2025-08-04,Bill Payment,Completed,55.0
5843,6,13,2432,4,2025-07-10,Bill Payment,Completed,55.0
5844,3,6,2450,2,2025-02-08,Bill Payment,Completed,40.0
5845,3,7,57,4,2025-01-03,Bill Payment,Completed,55.0
5846,5,11,2241,6,2025-07-19,Bill Payment,Completed,65.0
5847,7,16,916,5,2026-01-07,Bill Payment,Refunded,-60.0
5848,8,17,2029,6,2025-03-29,Upgrade,Completed,123.39
5849,13,34,2058,4,2026-04-14,Bill Payment,Completed,55.0
5850,9,21,1491,6,2026-04-13,New Activation,Completed,72.01
5851,17,48,2049,5,2025-10-21,Bill Payment,Completed,60.0
5852,15,42,313,6,2025-12-01,Bill Payment,Completed,65.0
5853,18,49,1728,,2025-05-24,Accessory Sale,Completed,21.94
5854,6,13,470,6,2026-02-15,Bill Payment,Completed,65.0
5855,14,37,2529,2,2026-05-18,Bill Payment,Completed,40.0
5856,1,1,1696,1,2025-08-15,Bill Payment,Completed,30.0
5857,13,,2305,4,2025-07-05,Upgrade,Completed,116.12
5858,2,4,1515,6,2025-10-03,Bill Payment,Completed,65.0
5859,1,2,1878,4,2025-03-09,Plan Change,Voided,0.0
5860,14,37,2170,,2025-10-19,Accessory Sale,Refunded,-74.89
5861,13,33,581,6,2025-11-23,Plan Change,Completed,6.25
5862,5,11,1171,4,2025-07-04,Bill Payment,Completed,55.0
5863,4,9,1808,,2026-01-04,Accessory Sale,Completed,130.13
5864,5,12,2098,6,2025-03-28,Bill Payment,Completed,65.0
5865,6,13,2124,1,2025-07-04,Upgrade,Completed,83.65
5866,14,36,1520,5,2025-03-11,Bill Payment,Completed,60.0
5867,16,43,1267,3,2025-04-04,Bill Payment,Completed,45.0
5868,18,50,385,2,2026-01-29,Plan Change,Completed,1.65
5869,5,12,1024,1,2025-03-26,Bill Payment,Completed,30.0
5870,3,6,1756,,2025-10-16,Accessory Sale,Completed,18.89
5871,9,22,1873,1,2026-06-20,New Activation,Completed,40.42
5872,9,21,1464,,2025-06-18,Accessory Sale,Completed,24.24
5873,8,19,60,5,2025-01-23,Bill Payment,Completed,60.0
5874,17,,2169,,2026-01-02,Accessory Sale,Completed,44.25
5875,14,35,2147,2,2025-09-27,Bill Payment,Completed,40.0
5876,6,14,2219,2,2025-03-07,Bill Payment,Completed,40.0
5877,8,17,923,,2025-01-20,Accessory Sale,Completed,29.24
5878,14,35,517,2,2025-06-05,Bill Payment,Completed,40.0
5879,12,31,879,3,2026-03-20,Bill Payment,Completed,45.0
5880,5,11,137,4,2025-11-25,Bill Payment,Completed,55.0
5881,11,29,945,3,2025-08-20,New Activation,Completed,55.17
5882,6,13,420,2,2025-08-29,Bill Payment,Completed,40.0
5883,8,18,415,3,2026-01-10,Bill Payment,Completed,45.0
5884,18,49,973,6,2025-08-29,Bill Payment,Completed,65.0
5885,14,36,1231,2,2025-12-22,Bill Payment,Voided,0.0
5886,17,47,1454,1,2025-11-03,Bill Payment,Refunded,-30.0
5887,6,13,1210,4,2026-06-16,Bill Payment,Refunded,-55.0
5888,3,6,1020,2,2025-12-07,Bill Payment,Completed,40.0
5889,3,8,2554,6,2026-05-29,New Activation,Completed,74.3
5890,14,36,1757,6,2025-05-22,Upgrade,Completed,105.71
5891,9,20,1039,1,2025-11-19,Bill Payment,Completed,30.0
5892,9,23,2381,2,2026-01-06,Upgrade,Completed,84.73
5893,3,7,430,5,2026-04-03,Bill Payment,Refunded,-60.0
5894,3,8,2579,1,2025-01-19,Bill Payment,Completed,30.0
5895,12,32,372,6,2026-04-14,New Activation,Completed,74.21
5896,6,14,155,3,2025-09-09,Upgrade,Completed,113.64
5897,18,50,1944,1,2026-02-01,Upgrade,Completed,68.67
5898,18,,1635,5,2025-03-12,Upgrade,Voided,0.0
5899,14,37,2083,,2025-05-29,Accessory Sale,Completed,97.79
5900,5,11,1632,3,2025-02-22,New Activation,Completed,52.92
5901,2,3,368,2,2025-05-02,Bill Payment,Completed,40.0
5902,5,11,2578,6,2025-01-16,Bill Payment,Completed,65.0
5903,2,5,2404,1,2026-05-06,Bill Payment,Completed,30.0
5904,12,31,2274,1,2025-09-06,Bill Payment,Completed,30.0
5905,2,3,1948,,2025-08-01,Accessory Sale,Completed,117.08
5906,9,23,2078,5,2025-10-17,Bill Payment,Completed,60.0
5907,18,49,1191,4,2025-03-18,Bill Payment,Voided,0.0
5908,4,10,2425,5,2025-05-13,Bill Payment,Completed,60.0
5909,1,1,2267,1,2025-03-11,Bill Payment,Completed,30.0
5910,2,5,1628,4,2025-08-18,Bill Payment,Completed,55.0
5911,16,46,1618,3,2025-12-13,New Activation,Voided,0.0
5912,2,4,1663,,2025-07-06,Accessory Sale,Completed,85.88
5913,11,30,2492,2,2025-02-11,Bill Payment,Completed,40.0
5914,9,,1690,4,2025-02-09,Bill Payment,Completed,55.0
5915,11,30,2291,3,2025-10-22,Bill Payment,Completed,45.0
5916,14,38,538,2,2025-12-04,New Activation,Refunded,-46.21
5917,9,20,1217,3,2025-08-26,Upgrade,Completed,100.05
5918,1,2,139,2,2025-11-16,Bill Payment,Completed,40.0
5919,2,5,1219,4,2025-02-08,Bill Payment,Completed,55.0
5920,9,20,2245,2,2025-07-01,Bill Payment,Completed,40.0
5921,3,6,1394,,2025-09-11,Accessory Sale,Completed,121.12
5922,3,8,2395,,2025-03-02,Accessory Sale,Completed,93.64
5923,5,12,900,3,2026-04-13,Bill Payment,Completed,45.0
5924,18,49,1877,1,2025-12-12,Bill Payment,Completed,30.0
5925,15,41,1201,6,2026-06-22,Bill Payment,Completed,65.0
5926,17,,2033,4,2026-01-31,Bill Payment,Completed,55.0
5927,3,8,560,5,2025-12-13,Plan Change,Completed,0.94
5928,15,41,1493,4,2025-11-17,Bill Payment,Completed,55.0
5929,11,,1277,1,2025-03-27,Bill Payment,Voided,0.0
5930,8,19,2123,3,2026-04-30,Bill Payment,Completed,45.0
5931,6,14,1272,4,2026-01-08,Bill Payment,Completed,55.0
5932,7,16,60,6,2025-05-05,Bill Payment,Completed,65.0
5933,11,28,418,6,2025-06-13,Bill Payment,Completed,65.0
5934,18,49,1224,6,2026-02-15,Bill Payment,Completed,65.0
5935,3,6,720,2,2026-03-27,New Activation,Completed,49.43
5936,13,33,381,1,2025-09-07,Bill Payment,Refunded,-30.0
5937,12,31,1773,4,2025-09-08,Bill Payment,Completed,55.0
5938,1,2,560,,2026-02-09,Accessory Sale,Completed,118.58
5939,13,34,1822,,2025-09-08,Accessory Sale,Completed,46.1
5940,9,,2299,4,2025-10-23,Bill Payment,Refunded,-55.0
5941,16,45,2573,2,2026-06-04,Bill Payment,Completed,40.0
5942,15,42,480,3,2026-06-23,Bill Payment,Voided,0.0
5943,3,7,2584,6,2025-07-07,Bill Payment,Completed,65.0
5944,18,49,2477,6,2025-10-31,Bill Payment,Refunded,-65.0
5945,6,13,2172,,2026-01-27,Accessory Sale,Completed,124.2
5946,8,19,2211,3,2025-04-03,Bill Payment,Voided,0.0
5947,6,14,1726,3,2026-03-02,Bill Payment,Voided,0.0
5948,12,31,2162,1,2025-04-20,New Activation,Completed,38.08
5949,1,2,1185,5,2025-12-07,New Activation,Voided,0.0
5950,7,15,836,1,2025-12-10,Upgrade,Voided,0.0
5951,5,,1506,1,2025-10-14,Bill Payment,Completed,30.0
5952,14,37,1245,,2025-03-24,Accessory Sale,Voided,0.0
5953,14,36,1580,2,2026-04-04,Bill Payment,Completed,40.0
5954,3,8,581,4,2025-04-11,New Activation,Completed,67.48
5955,4,9,877,1,2025-02-14,Upgrade,Refunded,-65.82
5956,12,32,2548,2,2025-05-17,Bill Payment,Voided,0.0
5957,5,11,442,1,2025-08-08,Bill Payment,Completed,30.0
5958,14,36,1704,3,2026-02-24,Bill Payment,Completed,45.0
5959,1,1,2542,5,2026-03-14,Bill Payment,Completed,60.0
5960,2,4,2535,1,2026-04-01,Bill Payment,Completed,30.0
5961,3,6,2567,,2025-10-13,Accessory Sale,Completed,116.25
5962,18,50,451,1,2025-01-26,Upgrade,Completed,50.54
5963,8,19,2261,5,2025-11-17,Bill Payment,Completed,60.0
5964,2,5,1531,1,2026-02-15,New Activation,Completed,40.76
5965,4,10,1418,5,2026-04-06,Bill Payment,Completed,60.0
5966,5,12,970,4,2026-05-05,Bill Payment,Completed,55.0
5967,12,31,806,4,2025-09-08,Plan Change,Completed,2.04
5968,5,11,1270,2,2025-07-09,Bill Payment,Completed,40.0
5969,3,8,2537,2,2025-01-11,New Activation,Completed,49.97
5970,3,7,552,3,2026-03-06,Bill Payment,Completed,45.0
5971,1,1,447,,2025-09-30,Accessory Sale,Completed,22.19
5972,10,25,1364,3,2026-06-03,Bill Payment,Completed,45.0
5973,2,5,53,5,2026-06-12,Bill Payment,Refunded,-60.0
5974,8,17,642,6,2025-07-10,Bill Payment,Voided,0.0
5975,17,47,440,1,2025-08-18,Upgrade,Completed,108.22
5976,4,10,2210,4,2025-01-31,Bill Payment,Completed,55.0
5977,7,15,1337,3,2026-04-05,Bill Payment,Completed,45.0
5978,3,6,89,4,2026-04-23,Bill Payment,Voided,0.0
5979,7,16,741,3,2025-10-27,Plan Change,Completed,6.11
5980,6,14,878,5,2026-02-16,New Activation,Completed,74.17
5981,5,11,1775,3,2025-07-12,Bill Payment,Completed,45.0
5982,5,11,1296,4,2026-04-11,New Activation,Completed,65.11
5983,11,28,929,2,2026-01-22,Upgrade,Completed,117.8
5984,18,50,1900,3,2026-02-28,Bill Payment,Refunded,-45.0
5985,11,28,1461,2,2026-02-11,New Activation,Completed,48.99
5986,2,5,1665,4,2025-10-29,New Activation,Completed,69.89
5987,13,33,2018,3,2026-02-22,Bill Payment,Completed,45.0
5988,15,42,2008,1,2025-05-27,Bill Payment,Completed,30.0
5989,18,50,2385,3,2025-07-20,Bill Payment,Refunded,-45.0
5990,18,49,1288,1,2025-04-12,Upgrade,Completed,64.27
5991,3,8,2501,1,2026-03-04,Bill Payment,Completed,30.0
5992,18,50,2579,2,2026-05-03,Bill Payment,Completed,40.0
5993,18,50,2025,,2025-10-15,Accessory Sale,Completed,57.88
5994,17,47,2462,4,2025-06-27,Plan Change,Completed,2.89
5995,13,33,2148,,2026-04-20,Accessory Sale,Refunded,-116.26
5996,16,45,753,,2025-01-22,Accessory Sale,Completed,135.67
5997,3,8,2004,4,2026-03-18,New Activation,Voided,0.0
5998,14,38,1239,4,2025-08-19,Bill Payment,Completed,55.0
5999,15,42,1263,4,2025-08-15,Bill Payment,Completed,55.0
6000,3,8,953,5,2026-04-21,Bill Payment,Completed,60.0
6001,8,18,2264,1,2025-06-01,Bill Payment,Completed,30.0
6002,6,14,1142,1,2026-02-07,Bill Payment,Completed,30.0
6003,14,37,314,,2026-04-04,Accessory Sale,Completed,72.8
6004,11,27,1854,4,2025-03-28,New Activation,Completed,63.78
6005,14,36,410,6,2026-04-12,Bill Payment,Completed,65.0
6006,7,15,835,4,2025-02-24,Bill Payment,Voided,0.0
6007,14,37,390,6,2026-03-02,New Activation,Completed,72.73
6008,4,10,1698,4,2025-06-24,Bill Payment,Completed,55.0
6009,5,11,1405,6,2025-09-14,Bill Payment,Completed,65.0
6010,2,3,2078,,2025-10-19,Accessory Sale,Completed,61.53
6011,7,15,1219,2,2026-01-01,Upgrade,Voided,0.0
6012,18,50,866,6,2025-01-10,Bill Payment,Completed,65.0
6013,6,13,1989,5,2025-06-07,New Activation,Completed,68.42
6014,11,30,114,4,2026-03-31,Bill Payment,Refunded,-55.0
6015,1,1,2375,1,2025-03-30,Bill Payment,Completed,30.0
6016,8,,1771,6,2025-08-21,New Activation,Completed,76.18
6017,12,32,2576,1,2025-09-21,Bill Payment,Completed,30.0
6018,7,15,1724,1,2025-01-24,Bill Payment,Completed,30.0
6019,14,35,372,1,2025-01-07,Upgrade,Completed,51.31
6020,4,9,1720,4,2026-05-04,New Activation,Completed,63.42
6021,6,,2063,2,2026-03-25,Bill Payment,Voided,0.0
6022,10,26,1113,2,2025-06-01,New Activation,Completed,53.43
6023,6,13,1887,5,2025-11-12,Bill Payment,Completed,60.0
6024,15,40,2161,5,2026-02-28,Bill Payment,Completed,60.0
6025,5,12,122,5,2025-11-19,Upgrade,Completed,101.1
6026,4,,1700,5,2025-08-21,Bill Payment,Completed,60.0
6027,5,12,2099,,2025-11-06,Accessory Sale,Completed,76.21
6028,5,11,1074,5,2025-06-02,New Activation,Completed,68.11
6029,1,1,857,5,2026-02-21,Bill Payment,Completed,60.0
6030,13,33,2082,2,2025-06-06,Bill Payment,Completed,40.0
6031,2,5,257,2,2025-04-08,Bill Payment,Completed,40.0
6032,17,48,615,,2026-02-22,Accessory Sale,Completed,19.82
6033,15,42,2407,4,2025-07-05,Bill Payment,Completed,55.0
6034,5,11,1223,1,2026-05-13,Bill Payment,Refunded,-30.0
6035,10,,2132,4,2025-06-20,Upgrade,Completed,118.91
6036,2,5,585,,2025-01-12,Accessory Sale,Completed,62.34
6037,9,20,363,6,2025-01-03,Bill Payment,Completed,65.0
6038,14,35,1371,5,2025-07-19,Plan Change,Refunded,-6.2
6039,1,2,1619,3,2025-08-07,Upgrade,Completed,123.11
6040,1,2,1752,1,2025-10-18,Bill Payment,Completed,30.0
6041,5,12,1715,3,2025-09-11,Bill Payment,Completed,45.0
6042,1,2,1245,3,2025-04-08,Upgrade,Completed,69.5
6043,16,,784,2,2026-04-26,Bill Payment,Completed,40.0
6044,12,32,2364,5,2026-03-22,Bill Payment,Completed,60.0
6045,6,13,557,,2026-06-01,Accessory Sale,Completed,30.82
6046,5,12,2120,3,2025-08-01,Bill Payment,Completed,45.0
6047,6,14,80,6,2025-05-24,Bill Payment,Completed,65.0
6048,18,49,1771,2,2025-11-05,Upgrade,Completed,61.06
6049,7,15,498,3,2025-04-18,Bill Payment,Completed,45.0
6050,14,35,238,2,2025-06-27,Bill Payment,Refunded,-40.0
6051,2,5,89,2,2025-06-05,New Activation,Voided,0.0
6052,2,5,1183,5,2026-02-17,Bill Payment,Completed,60.0
6053,14,38,1646,,2025-12-22,Accessory Sale,Voided,0.0
6054,13,33,1772,1,2025-06-25,Bill Payment,Completed,30.0
6055,17,47,1735,5,2025-09-25,Upgrade,Completed,107.07
6056,5,12,2206,5,2026-02-11,Bill Payment,Completed,60.0
6057,5,11,2166,2,2026-04-03,Bill Payment,Completed,40.0
6058,6,,1664,3,2026-05-28,Upgrade,Completed,101.21
6059,14,37,775,4,2025-05-03,Bill Payment,Completed,55.0
6060,14,35,353,5,2025-06-24,Bill Payment,Completed,60.0
6061,10,25,1046,4,2026-06-19,Bill Payment,Completed,55.0
6062,14,38,2071,4,2025-11-17,Bill Payment,Completed,55.0
6063,4,10,963,,2026-04-12,Accessory Sale,Completed,18.01
6064,3,8,276,6,2025-06-10,Bill Payment,Completed,65.0
6065,14,36,1274,1,2025-09-20,Bill Payment,Completed,30.0
6066,7,16,492,,2025-01-23,Accessory Sale,Completed,140.21
6067,3,,1335,3,2025-04-24,Bill Payment,Completed,45.0
6068,5,11,804,3,2026-05-23,Bill Payment,Refunded,-45.0
6069,13,34,1666,4,2025-10-12,Bill Payment,Voided,0.0
6070,4,9,1925,4,2025-01-27,Bill Payment,Completed,55.0
6071,3,6,1374,2,2025-10-10,New Activation,Voided,0.0
6072,6,,1711,5,2026-01-26,Bill Payment,Completed,60.0
6073,9,23,821,2,2025-08-25,Bill Payment,Completed,40.0
6074,6,13,177,3,2025-12-26,Bill Payment,Completed,45.0
6075,11,30,2271,2,2025-07-22,Plan Change,Completed,8.93
6076,4,9,1243,,2025-11-02,Accessory Sale,Completed,97.65
6077,16,43,2229,6,2025-01-10,Bill Payment,Completed,65.0
6078,6,14,2496,5,2025-08-24,Bill Payment,Completed,60.0
6079,16,43,74,6,2026-05-24,Bill Payment,Completed,65.0
6080,16,46,1483,3,2025-05-16,Plan Change,Completed,1.16
6081,3,7,1719,,2025-03-24,Accessory Sale,Voided,0.0
6082,8,19,1830,2,2026-03-11,Bill Payment,Completed,40.0
6083,17,,1269,,2026-01-01,Accessory Sale,Completed,91.59
6084,8,17,2127,1,2026-05-20,Bill Payment,Completed,30.0
6085,1,1,699,2,2026-05-08,Bill Payment,Completed,40.0
6086,2,5,2506,1,2025-12-08,Bill Payment,Completed,30.0
6087,7,16,2425,2,2025-01-23,Bill Payment,Completed,40.0
6088,14,35,492,3,2025-07-07,Bill Payment,Completed,45.0
6089,2,3,640,4,2025-03-09,Bill Payment,Completed,55.0
6090,18,49,1704,3,2025-04-12,Upgrade,Completed,66.99
6091,7,16,1506,,2025-04-21,Accessory Sale,Completed,73.58
6092,6,14,2477,5,2025-06-25,Upgrade,Completed,81.11
6093,5,11,35,5,2026-05-20,Bill Payment,Completed,60.0
6094,8,17,635,6,2025-07-20,Bill Payment,Refunded,-65.0
6095,8,17,1070,6,2025-01-14,Bill Payment,Refunded,-65.0
6096,3,6,509,5,2026-06-10,Bill Payment,Completed,60.0
6097,5,12,2040,,2026-06-18,Accessory Sale,Completed,44.01
6098,16,46,2164,2,2025-08-05,Bill Payment,Completed,40.0
6099,12,31,234,,2025-09-20,Accessory Sale,Voided,0.0
6100,2,,1241,1,2025-02-10,New Activation,Completed,41.74
6101,12,31,1931,5,2025-02-11,Upgrade,Completed,81.57
6102,6,13,2496,4,2026-03-01,Bill Payment,Voided,0.0
6103,5,11,2298,,2025-04-06,Accessory Sale,Completed,108.39
6104,17,47,684,3,2025-06-04,Bill Payment,Completed,45.0
6105,14,37,2041,1,2025-03-23,Bill Payment,Completed,30.0
6106,12,32,721,3,2025-06-21,Bill Payment,Completed,45.0
6107,13,33,2022,2,2026-02-08,Upgrade,Completed,98.09
6108,13,33,594,1,2026-04-05,New Activation,Completed,40.33
6109,12,31,2560,5,2026-05-21,Bill Payment,Completed,60.0
6110,7,16,1501,5,2025-11-26,Bill Payment,Refunded,-60.0
6111,2,4,1582,6,2025-04-26,Bill Payment,Refunded,-65.0
6112,10,25,1922,1,2025-06-20,Bill Payment,Completed,30.0
6113,5,12,1550,6,2025-11-25,New Activation,Refunded,-76.68
6114,1,1,2198,1,2025-03-05,New Activation,Completed,38.62
6115,8,18,1336,5,2026-02-02,Bill Payment,Completed,60.0
6116,3,7,2109,5,2026-03-12,Bill Payment,Completed,60.0
6117,3,8,2009,6,2025-05-22,Bill Payment,Completed,65.0
6118,2,3,1152,5,2025-06-05,Bill Payment,Completed,60.0
6119,1,1,764,1,2026-05-10,Bill Payment,Refunded,-30.0
6120,4,10,758,4,2026-01-02,Plan Change,Completed,9.16
6121,7,16,2202,5,2026-05-15,Bill Payment,Refunded,-60.0
6122,5,11,1132,3,2025-03-02,Bill Payment,Completed,45.0
6123,13,34,801,2,2025-05-20,Bill Payment,Completed,40.0
6124,16,45,1221,,2026-03-23,Accessory Sale,Completed,75.28
6125,18,49,1113,6,2026-06-28,Plan Change,Voided,0.0
6126,18,49,551,4,2025-05-19,Bill Payment,Completed,55.0
6127,14,37,2559,4,2025-05-22,Bill Payment,Completed,55.0
6128,3,7,2407,4,2025-03-19,Bill Payment,Completed,55.0
6129,1,1,2485,1,2025-12-24,Bill Payment,Voided,0.0
6130,18,49,1835,6,2026-03-22,Upgrade,Completed,144.79
6131,6,13,356,1,2026-05-13,Bill Payment,Completed,30.0
6132,12,32,2168,6,2025-05-28,Plan Change,Refunded,-2.8
6133,6,14,346,2,2025-01-03,Bill Payment,Completed,40.0
6134,3,6,266,,2026-01-24,Accessory Sale,Completed,41.39
6135,8,19,1646,4,2026-05-13,Bill Payment,Completed,55.0
6136,11,27,1045,1,2026-04-04,Bill Payment,Completed,30.0
6137,6,14,1287,5,2026-01-19,Upgrade,Refunded,-102.0
6138,18,50,411,5,2026-01-29,New Activation,Completed,66.87
6139,16,44,2437,6,2026-03-29,Bill Payment,Completed,65.0
6140,14,38,256,,2025-07-23,Accessory Sale,Completed,20.71
6141,5,11,562,,2026-06-28,Accessory Sale,Completed,77.24
6142,1,1,2560,3,2025-12-17,Bill Payment,Completed,45.0
6143,18,49,662,,2025-10-28,Accessory Sale,Completed,138.26
6144,11,29,1259,,2025-03-26,Accessory Sale,Completed,103.24
6145,1,2,576,5,2025-07-21,Bill Payment,Completed,60.0
6146,16,43,1196,1,2025-01-24,Plan Change,Voided,0.0
6147,8,18,1521,4,2025-08-28,Bill Payment,Completed,55.0
6148,12,31,187,2,2025-02-07,Bill Payment,Refunded,-40.0
6149,7,15,1984,1,2025-08-27,Upgrade,Refunded,-98.03
6150,3,,117,1,2025-07-11,Bill Payment,Completed,30.0
6151,17,48,1593,4,2025-02-25,Plan Change,Completed,8.7
6152,15,39,1337,2,2026-05-25,Bill Payment,Completed,40.0
6153,11,,824,1,2025-10-14,Bill Payment,Completed,30.0
6154,15,40,484,6,2025-11-06,Bill Payment,Completed,65.0
6155,9,20,342,3,2026-03-19,New Activation,Completed,59.08
6156,2,,2489,6,2026-03-17,Bill Payment,Completed,65.0
6157,14,35,837,6,2026-03-10,Upgrade,Completed,123.64
6158,13,,1950,4,2025-10-29,Bill Payment,Completed,55.0
6159,12,32,1781,4,2025-08-02,Upgrade,Completed,78.27
6160,10,25,2353,6,2025-01-16,New Activation,Completed,78.64
6161,14,35,430,2,2026-03-01,Bill Payment,Completed,40.0
6162,18,50,765,3,2025-10-16,Bill Payment,Completed,45.0
6163,16,44,1268,2,2026-02-28,Bill Payment,Refunded,-40.0
6164,2,3,1159,2,2025-10-22,Bill Payment,Completed,40.0
6165,13,33,817,3,2025-07-12,Bill Payment,Completed,45.0
6166,9,20,195,,2026-05-18,Accessory Sale,Completed,12.42
6167,8,19,570,3,2025-07-12,Bill Payment,Voided,0.0
6168,3,6,1681,6,2025-11-06,Bill Payment,Voided,0.0
6169,3,7,876,5,2025-01-15,Bill Payment,Completed,60.0
6170,6,14,780,6,2025-11-04,Plan Change,Completed,3.53
6171,11,28,465,5,2025-04-18,Bill Payment,Refunded,-60.0
6172,5,11,2235,5,2026-03-25,Bill Payment,Completed,60.0
6173,2,3,1827,2,2026-04-21,New Activation,Completed,54.1
6174,6,14,110,4,2025-02-10,New Activation,Completed,67.24
6175,16,43,2454,2,2025-03-29,Bill Payment,Completed,40.0
6176,13,33,1342,1,2025-12-25,Bill Payment,Completed,30.0
6177,6,13,376,3,2025-09-05,Bill Payment,Completed,45.0
6178,8,18,499,,2026-06-02,Accessory Sale,Completed,35.76
6179,18,49,265,,2025-01-15,Accessory Sale,Completed,117.98
6180,14,37,1309,5,2025-03-10,Bill Payment,Completed,60.0
6181,5,,2239,,2026-04-21,Accessory Sale,Completed,56.37
6182,4,10,1740,6,2025-10-06,Plan Change,Completed,0.44
6183,4,,649,4,2025-07-09,Bill Payment,Completed,55.0
6184,8,19,2369,6,2025-11-08,Bill Payment,Completed,65.0
6185,13,34,904,2,2026-06-13,Plan Change,Completed,1.11
6186,11,29,151,6,2026-06-24,Bill Payment,Completed,65.0
6187,3,8,1577,5,2025-12-12,Upgrade,Completed,131.71
6188,14,36,715,1,2025-11-14,Bill Payment,Completed,30.0
6189,11,27,114,,2025-08-31,Accessory Sale,Completed,79.65
6190,12,32,902,,2025-06-05,Accessory Sale,Voided,0.0
6191,11,28,946,6,2025-09-12,Bill Payment,Completed,65.0
6192,8,17,1856,,2025-07-07,Accessory Sale,Completed,127.37
6193,5,12,381,2,2025-07-18,Bill Payment,Voided,0.0
6194,16,43,1050,,2025-01-11,Accessory Sale,Completed,134.54
6195,2,,1022,3,2025-10-04,Bill Payment,Completed,45.0
6196,3,6,2400,4,2026-02-16,Bill Payment,Completed,55.0
6197,11,30,1577,2,2025-04-21,Bill Payment,Completed,40.0
6198,2,5,668,4,2026-06-24,Upgrade,Completed,78.36
6199,14,37,1631,3,2025-05-28,Bill Payment,Completed,45.0
6200,9,20,982,2,2025-03-24,Plan Change,Completed,8.58
6201,17,47,2361,5,2025-12-25,Bill Payment,Refunded,-60.0
6202,5,,1077,1,2025-02-04,Plan Change,Completed,4.87
6203,9,21,388,1,2025-03-12,New Activation,Voided,0.0
6204,10,26,740,1,2026-01-24,Bill Payment,Completed,30.0
6205,8,18,2002,5,2026-01-12,Bill Payment,Completed,60.0
6206,5,11,2232,,2025-06-27,Accessory Sale,Completed,27.88
6207,2,3,1146,2,2025-01-17,Bill Payment,Completed,40.0
6208,10,26,1228,,2026-01-04,Accessory Sale,Completed,31.08
6209,8,19,1334,1,2025-02-28,Upgrade,Voided,0.0
6210,14,35,2085,2,2026-06-06,Bill Payment,Completed,40.0
6211,14,36,1988,5,2026-02-20,Bill Payment,Completed,60.0
6212,11,29,1195,1,2026-04-10,Bill Payment,Completed,30.0
6213,7,16,868,,2026-03-23,Accessory Sale,Refunded,-106.73
6214,5,11,1348,5,2025-02-23,Bill Payment,Voided,0.0
6215,10,26,577,4,2025-12-02,Bill Payment,Completed,55.0
6216,1,1,865,,2025-12-14,Accessory Sale,Completed,108.51
6217,17,47,1507,,2026-01-04,Accessory Sale,Refunded,-46.62
6218,9,22,1031,5,2025-03-19,Bill Payment,Voided,0.0
6219,14,37,1602,5,2026-03-28,New Activation,Completed,65.18
6220,7,15,1578,4,2025-05-14,Bill Payment,Completed,55.0
6221,2,5,2309,5,2025-05-14,Plan Change,Completed,9.21
6222,14,35,945,1,2025-11-02,New Activation,Completed,37.24
6223,6,14,1235,,2025-07-20,Accessory Sale,Completed,115.67
6224,11,28,1340,2,2026-01-10,New Activation,Completed,46.68
6225,17,47,22,5,2026-02-11,New Activation,Completed,67.02
6226,6,14,1254,3,2026-05-20,Bill Payment,Completed,45.0
6227,2,5,720,5,2025-04-02,Plan Change,Voided,0.0
6228,11,28,655,1,2026-06-18,Bill Payment,Completed,30.0
6229,17,47,349,5,2025-12-15,Bill Payment,Completed,60.0
6230,5,,1648,3,2025-07-31,Bill Payment,Completed,45.0
6231,8,19,1673,4,2026-06-04,Bill Payment,Completed,55.0
6232,3,6,2100,,2026-05-06,Accessory Sale,Completed,133.49
6233,3,7,1498,1,2025-05-30,New Activation,Completed,42.3
6234,11,27,1899,4,2025-07-20,Plan Change,Refunded,-2.34
6235,15,39,1480,4,2025-12-17,Bill Payment,Completed,55.0
6236,8,17,18,3,2026-01-13,Bill Payment,Completed,45.0
6237,11,30,831,3,2026-04-26,New Activation,Completed,54.12
6238,9,23,986,6,2025-01-01,Bill Payment,Completed,65.0
6239,9,22,2046,2,2025-12-06,New Activation,Completed,50.07
6240,3,,857,2,2025-03-25,Bill Payment,Completed,40.0
6241,5,12,40,2,2025-03-07,Bill Payment,Completed,40.0
6242,6,14,561,,2025-12-19,Accessory Sale,Completed,34.95
6243,14,36,844,6,2026-03-06,New Activation,Completed,78.79
6244,5,12,2073,3,2025-05-28,Bill Payment,Completed,45.0
6245,7,15,194,5,2025-08-31,Plan Change,Completed,2.21
6246,2,5,52,3,2025-01-12,Bill Payment,Completed,45.0
6247,9,20,1181,3,2025-03-18,Bill Payment,Completed,45.0
6248,12,31,2091,6,2026-04-26,New Activation,Completed,76.87
6249,12,,1453,1,2025-02-21,Plan Change,Completed,7.9
6250,4,9,2158,4,2025-04-18,Bill Payment,Completed,55.0
6251,4,10,1943,6,2025-01-15,Bill Payment,Completed,65.0
6252,2,5,614,6,2026-04-30,Bill Payment,Voided,0.0
6253,14,36,186,6,2026-02-12,Bill Payment,Voided,0.0
6254,12,31,515,1,2025-02-07,Bill Payment,Completed,30.0
6255,5,11,497,,2025-04-14,Accessory Sale,Completed,47.49
6256,13,34,576,2,2026-01-25,Upgrade,Voided,0.0
6257,7,15,79,1,2025-02-19,Upgrade,Completed,64.35
6258,4,10,1984,,2026-05-14,Accessory Sale,Refunded,-126.18
6259,17,47,2206,4,2025-03-24,Upgrade,Refunded,-109.79
6260,3,8,2473,1,2026-03-06,Bill Payment,Completed,30.0
6261,8,18,1160,1,2025-07-27,Bill Payment,Completed,30.0
6262,8,19,508,1,2025-04-03,Bill Payment,Completed,30.0
6263,8,18,619,6,2025-02-11,Bill Payment,Completed,65.0
6264,11,27,1209,2,2025-09-05,Bill Payment,Completed,40.0
6265,12,31,350,3,2026-06-20,Bill Payment,Voided,0.0
6266,2,3,456,3,2026-01-11,Upgrade,Voided,0.0
6267,8,18,305,,2026-04-02,Accessory Sale,Refunded,-65.44
6268,3,6,1658,5,2025-04-13,Bill Payment,Completed,60.0
6269,3,7,2329,2,2025-07-24,Bill Payment,Completed,40.0
6270,3,8,1647,5,2025-12-09,Bill Payment,Completed,60.0
6271,6,14,2171,,2025-04-11,Accessory Sale,Completed,97.41
6272,3,6,1481,3,2026-04-06,Bill Payment,Completed,45.0
6273,8,19,368,,2025-03-02,Accessory Sale,Completed,141.78
6274,11,28,2147,2,2025-12-28,Bill Payment,Completed,40.0
6275,9,23,1407,,2025-12-12,Accessory Sale,Voided,0.0
6276,1,2,1172,6,2025-12-23,Bill Payment,Completed,65.0
6277,1,1,43,6,2025-09-15,Bill Payment,Completed,65.0
6278,15,42,113,4,2026-04-02,Bill Payment,Completed,55.0
6279,18,49,431,6,2025-04-07,Bill Payment,Completed,65.0
6280,5,12,1969,1,2026-01-16,Bill Payment,Completed,30.0
6281,5,11,2251,,2026-04-05,Accessory Sale,Completed,25.9
6282,2,5,374,3,2025-11-21,Bill Payment,Completed,45.0
6283,11,29,496,2,2025-03-22,New Activation,Completed,50.84
6284,14,37,331,2,2026-03-07,Bill Payment,Completed,40.0
6285,2,4,2389,2,2026-02-09,Bill Payment,Completed,40.0
6286,8,19,1225,1,2026-01-04,Bill Payment,Completed,30.0
6287,6,14,1864,3,2025-04-27,New Activation,Completed,59.65
6288,14,36,2350,1,2025-11-14,Bill Payment,Completed,30.0
6289,11,27,1306,6,2025-07-11,Plan Change,Completed,0.57
6290,13,34,489,2,2026-06-09,Bill Payment,Completed,40.0
6291,12,32,2456,3,2025-09-17,Upgrade,Completed,120.03
6292,13,34,1356,2,2025-01-24,Bill Payment,Refunded,-40.0
6293,18,,2486,,2025-07-02,Accessory Sale,Completed,78.94
6294,8,19,1124,3,2025-05-08,Bill Payment,Completed,45.0
6295,5,11,874,,2025-10-24,Accessory Sale,Completed,149.24
6296,11,30,2463,2,2025-06-12,New Activation,Voided,0.0
6297,18,49,789,,2025-11-13,Accessory Sale,Completed,56.88
6298,6,13,1457,1,2026-05-13,Bill Payment,Completed,30.0
6299,13,34,2129,,2025-10-24,Accessory Sale,Completed,119.8
6300,18,50,2079,5,2025-12-20,Bill Payment,Voided,0.0
6301,2,4,455,6,2026-06-06,Plan Change,Completed,3.18
6302,12,31,1094,,2025-12-11,Accessory Sale,Completed,15.03
6303,18,49,2539,4,2025-04-23,Bill Payment,Completed,55.0
6304,6,,1782,3,2026-06-09,Bill Payment,Refunded,-45.0
6305,6,14,218,5,2025-08-18,Bill Payment,Completed,60.0
6306,9,20,1669,,2025-04-13,Accessory Sale,Completed,102.9
6307,11,30,448,2,2026-06-20,New Activation,Completed,45.82
6308,18,50,414,6,2025-09-21,Upgrade,Completed,141.07
6309,16,43,2320,,2025-11-01,Accessory Sale,Completed,101.28
6310,11,28,928,6,2025-03-30,Plan Change,Completed,6.53
6311,1,2,148,1,2026-06-04,Bill Payment,Completed,30.0
6312,14,36,1513,6,2025-03-03,Bill Payment,Refunded,-65.0
6313,13,33,836,1,2025-03-26,Upgrade,Completed,54.32
6314,5,12,1150,,2026-02-23,Accessory Sale,Completed,15.0
6315,3,6,585,5,2025-04-02,Bill Payment,Voided,0.0
6316,16,46,1059,4,2025-05-24,Plan Change,Completed,1.8
6317,5,11,918,6,2025-07-09,Upgrade,Completed,142.53
6318,5,11,9,5,2025-09-16,Bill Payment,Completed,60.0
6319,5,12,1693,,2026-02-02,Accessory Sale,Completed,125.85
6320,15,40,1566,6,2025-10-20,Bill Payment,Completed,65.0
6321,18,50,233,,2025-04-04,Accessory Sale,Completed,15.1
6322,14,36,1600,2,2025-02-07,Bill Payment,Completed,40.0
6323,12,32,2380,2,2025-04-23,New Activation,Completed,54.21
6324,3,7,1709,3,2025-01-13,Bill Payment,Completed,45.0
6325,15,42,523,3,2026-01-08,Bill Payment,Completed,45.0
6326,14,35,439,2,2025-01-21,Plan Change,Completed,7.58
6327,12,32,838,1,2025-02-18,Bill Payment,Completed,30.0
6328,12,32,2328,1,2025-10-27,Bill Payment,Completed,30.0
6329,2,4,1318,3,2026-05-01,Upgrade,Completed,105.94
6330,8,18,2051,5,2026-06-09,Bill Payment,Completed,60.0
6331,10,25,446,5,2025-01-13,New Activation,Voided,0.0
6332,9,20,2273,,2025-05-22,Accessory Sale,Completed,145.58
6333,4,9,264,,2026-04-23,Accessory Sale,Completed,136.21
6334,8,18,1045,,2026-04-02,Accessory Sale,Completed,137.61
6335,17,48,1265,,2025-10-13,Accessory Sale,Completed,97.58
6336,10,25,1016,6,2025-05-09,Bill Payment,Voided,0.0
6337,4,9,2164,4,2025-10-22,Bill Payment,Completed,55.0
6338,14,38,651,3,2026-01-10,Bill Payment,Completed,45.0
6339,11,27,1303,,2025-07-09,Accessory Sale,Completed,10.67
6340,2,3,939,5,2025-08-12,Upgrade,Refunded,-86.59
6341,2,3,89,3,2025-03-05,Upgrade,Completed,90.82
6342,6,,2378,1,2026-02-02,Bill Payment,Completed,30.0
6343,5,,70,3,2025-04-03,Bill Payment,Refunded,-45.0
6344,8,18,265,6,2026-03-07,Bill Payment,Completed,65.0
6345,3,7,248,4,2026-02-27,Plan Change,Completed,2.69
6346,9,21,1354,3,2026-02-07,Bill Payment,Completed,45.0
6347,5,12,2591,1,2025-02-13,Bill Payment,Completed,30.0
6348,14,38,698,2,2025-02-17,Bill Payment,Completed,40.0
6349,8,18,207,5,2026-03-08,New Activation,Refunded,-65.86
6350,6,13,435,2,2025-07-01,Plan Change,Refunded,-0.55
6351,18,50,1640,1,2026-01-02,Bill Payment,Completed,30.0
6352,5,12,294,4,2026-05-16,Bill Payment,Completed,55.0
6353,9,22,1384,4,2026-04-22,Bill Payment,Completed,55.0
6354,10,26,336,2,2025-02-19,Bill Payment,Completed,40.0
6355,5,12,25,1,2025-12-20,Bill Payment,Completed,30.0
6356,13,34,1490,5,2025-03-04,Bill Payment,Completed,60.0
6357,8,18,144,1,2025-08-28,Bill Payment,Completed,30.0
6358,6,13,453,5,2025-10-05,Bill Payment,Completed,60.0
6359,1,,2472,6,2026-01-05,Upgrade,Completed,123.32
6360,12,31,1112,3,2025-10-23,Bill Payment,Refunded,-45.0
6361,5,12,1307,5,2025-10-14,Bill Payment,Voided,0.0
6362,14,37,156,,2025-11-18,Accessory Sale,Completed,80.27
6363,15,40,585,2,2025-03-23,Bill Payment,Completed,40.0
6364,10,25,1866,2,2026-05-17,Bill Payment,Completed,40.0
6365,2,3,1097,1,2026-05-24,Bill Payment,Completed,30.0
6366,11,30,1762,6,2025-01-25,New Activation,Completed,73.68
6367,12,31,788,,2025-09-09,Accessory Sale,Completed,51.07
6368,5,11,2308,1,2025-08-04,Bill Payment,Completed,30.0
6369,9,,2338,2,2026-04-21,New Activation,Completed,47.16
6370,13,33,2351,5,2026-01-20,Bill Payment,Completed,60.0
6371,18,50,1268,1,2026-06-19,Bill Payment,Voided,0.0
6372,13,34,1879,1,2025-02-20,Bill Payment,Completed,30.0
6373,18,50,737,6,2025-09-14,Bill Payment,Voided,0.0
6374,3,6,2095,6,2025-08-25,Bill Payment,Refunded,-65.0
6375,13,34,1082,1,2025-12-08,Bill Payment,Completed,30.0
6376,18,50,321,4,2025-01-07,Bill Payment,Completed,55.0
6377,5,11,2515,3,2025-07-08,Bill Payment,Completed,45.0
6378,12,31,2198,1,2025-08-03,Bill Payment,Voided,0.0
6379,16,43,2217,,2025-03-06,Accessory Sale,Completed,21.79
6380,12,32,1027,2,2026-05-11,Bill Payment,Completed,40.0
6381,2,3,876,,2026-03-02,Accessory Sale,Completed,58.4
6382,5,11,808,5,2025-09-09,Upgrade,Completed,137.58
6383,4,9,2386,5,2026-01-23,Bill Payment,Completed,60.0
6384,12,31,819,1,2026-06-08,Bill Payment,Completed,30.0
6385,5,12,828,4,2025-05-03,Bill Payment,Completed,55.0
6386,14,36,2332,6,2025-01-20,Bill Payment,Completed,65.0
6387,12,31,1103,4,2025-03-11,Bill Payment,Completed,55.0
6388,15,42,2556,3,2025-06-20,Bill Payment,Completed,45.0
6389,10,24,860,3,2026-06-23,Bill Payment,Completed,45.0
6390,11,30,1627,3,2025-02-07,New Activation,Completed,59.89
6391,11,29,1927,1,2025-12-19,Bill Payment,Refunded,-30.0
6392,12,32,707,1,2025-12-23,Bill Payment,Completed,30.0
6393,11,29,20,1,2025-10-04,Plan Change,Voided,0.0
6394,10,24,439,1,2025-04-10,Plan Change,Completed,0.44
6395,18,50,108,5,2025-09-15,Bill Payment,Refunded,-60.0
6396,17,47,2046,4,2026-03-14,Bill Payment,Completed,55.0
6397,5,11,2168,,2026-03-13,Accessory Sale,Completed,67.11
6398,10,25,481,6,2025-08-27,Plan Change,Completed,5.92
6399,9,23,1346,3,2025-01-23,Bill Payment,Completed,45.0
6400,1,2,514,,2025-11-20,Accessory Sale,Refunded,-111.01
6401,3,8,603,1,2026-05-31,New Activation,Completed,37.39
6402,17,47,934,6,2025-11-12,Upgrade,Completed,119.85
6403,14,36,641,,2025-07-03,Accessory Sale,Completed,131.54
6404,3,8,320,4,2025-12-30,Bill Payment,Completed,55.0
6405,2,4,2434,2,2025-06-12,New Activation,Completed,53.42
6406,10,24,1382,4,2025-01-03,New Activation,Completed,66.37
6407,14,36,1161,2,2025-05-21,Upgrade,Completed,86.55
6408,8,17,1364,5,2026-06-22,Plan Change,Completed,5.51
6409,5,11,1126,1,2025-01-18,Bill Payment,Completed,30.0
6410,3,7,148,2,2026-02-21,Bill Payment,Completed,40.0
6411,14,36,2276,2,2026-03-14,Bill Payment,Voided,0.0
6412,2,4,621,5,2025-09-19,Bill Payment,Completed,60.0
6413,12,32,974,3,2026-02-01,Bill Payment,Completed,45.0
6414,7,16,848,6,2025-12-09,Bill Payment,Completed,65.0
6415,15,39,1080,1,2025-10-16,Plan Change,Voided,0.0
6416,11,27,71,2,2025-07-03,Bill Payment,Completed,40.0
6417,8,19,635,,2025-10-04,Accessory Sale,Completed,79.33
6418,6,14,474,5,2026-05-08,Bill Payment,Completed,60.0
6419,1,1,758,1,2025-06-19,Bill Payment,Completed,30.0
6420,17,48,921,4,2025-05-08,Bill Payment,Completed,55.0
6421,13,33,773,1,2025-07-11,Bill Payment,Completed,30.0
6422,6,13,656,6,2025-02-11,Bill Payment,Voided,0.0
6423,14,38,2047,1,2025-09-15,Upgrade,Completed,85.99
6424,14,36,2472,,2025-04-13,Accessory Sale,Completed,40.37
6425,3,8,2199,4,2025-10-30,Bill Payment,Refunded,-55.0
6426,14,38,2449,3,2026-04-25,New Activation,Completed,51.89
6427,14,36,222,5,2025-07-10,Bill Payment,Completed,60.0
6428,9,23,2219,5,2025-08-11,Bill Payment,Refunded,-60.0
6429,13,,2,6,2025-06-16,Bill Payment,Completed,65.0
6430,7,15,724,,2026-02-19,Accessory Sale,Completed,126.36
6431,8,19,165,2,2025-01-05,Bill Payment,Completed,40.0
6432,10,26,1286,5,2025-10-05,Bill Payment,Completed,60.0
6433,12,32,1271,4,2026-01-10,Plan Change,Completed,6.98
6434,11,29,1465,6,2025-08-26,New Activation,Completed,70.26
6435,8,17,1477,6,2025-06-26,Bill Payment,Completed,65.0
6436,7,15,1409,5,2025-11-15,Bill Payment,Completed,60.0
6437,10,24,425,6,2026-04-29,Bill Payment,Completed,65.0
6438,6,13,2538,1,2025-07-06,Upgrade,Completed,100.1
6439,6,14,1777,,2026-05-04,Accessory Sale,Completed,79.43
6440,3,6,190,4,2025-10-20,New Activation,Completed,68.02
6441,14,36,360,6,2025-11-26,Bill Payment,Completed,65.0
6442,1,1,761,4,2025-12-19,Bill Payment,Completed,55.0
6443,5,11,2058,3,2025-10-21,Bill Payment,Completed,45.0
6444,11,29,1794,1,2026-03-10,Bill Payment,Completed,30.0
6445,16,43,793,4,2025-03-20,Upgrade,Completed,92.13
6446,1,2,2006,4,2025-07-05,Bill Payment,Completed,55.0
6447,14,,1012,,2026-01-09,Accessory Sale,Completed,97.15
6448,9,22,1492,,2025-08-21,Accessory Sale,Completed,76.0
6449,11,27,305,1,2025-08-05,Bill Payment,Completed,30.0
6450,6,14,2265,2,2025-06-25,Bill Payment,Completed,40.0
6451,14,38,946,5,2025-09-09,Bill Payment,Completed,60.0
6452,6,14,2545,6,2026-02-02,Bill Payment,Refunded,-65.0
6453,13,34,2064,3,2025-12-22,Bill Payment,Completed,45.0
6454,8,18,1959,5,2025-02-09,Bill Payment,Voided,0.0
6455,13,33,734,4,2026-03-28,Plan Change,Completed,3.9
6456,11,27,2068,6,2026-06-19,Upgrade,Completed,130.04
6457,12,31,1685,6,2025-09-27,New Activation,Completed,75.73
6458,3,6,1105,2,2026-04-19,Bill Payment,Completed,40.0
6459,14,38,1360,1,2026-02-04,Bill Payment,Completed,30.0
6460,6,14,543,2,2025-01-10,Bill Payment,Completed,40.0
6461,5,12,873,3,2026-01-13,Plan Change,Completed,6.76
6462,11,30,2482,1,2025-05-06,Bill Payment,Refunded,-30.0
6463,5,11,1973,6,2025-10-22,Bill Payment,Refunded,-65.0
6464,13,34,1400,6,2025-08-14,Bill Payment,Completed,65.0
6465,5,12,1269,4,2025-06-10,Bill Payment,Completed,55.0
6466,2,,2087,4,2026-01-25,Bill Payment,Completed,55.0
6467,5,11,1604,,2025-08-25,Accessory Sale,Refunded,-62.67
6468,5,11,219,6,2025-01-21,Bill Payment,Completed,65.0
6469,8,17,1817,6,2025-07-11,Bill Payment,Completed,65.0
6470,11,29,2522,5,2026-04-10,Bill Payment,Completed,60.0
6471,8,18,1579,5,2026-06-22,Bill Payment,Completed,60.0
6472,15,42,1687,6,2026-01-05,New Activation,Completed,79.22
6473,5,,417,4,2025-01-02,Plan Change,Refunded,-6.34
6474,5,12,1007,5,2025-08-03,Bill Payment,Voided,0.0
6475,2,3,740,6,2025-06-24,Bill Payment,Completed,65.0
6476,18,49,383,1,2025-03-23,Bill Payment,Voided,0.0
6477,6,13,276,6,2025-05-23,Upgrade,Completed,88.0
6478,13,33,2076,4,2026-04-30,Bill Payment,Completed,55.0
6479,16,,2376,1,2025-09-05,Bill Payment,Completed,30.0
6480,10,24,154,5,2025-07-13,Plan Change,Completed,4.78
6481,3,7,179,5,2025-08-24,Bill Payment,Voided,0.0
6482,5,11,1008,2,2026-05-31,Bill Payment,Completed,40.0
6483,5,,1542,3,2025-09-14,Bill Payment,Completed,45.0
6484,3,8,2129,6,2026-01-10,Upgrade,Completed,97.36
6485,12,,568,3,2025-05-08,Bill Payment,Completed,45.0
6486,14,35,1220,5,2026-02-05,Bill Payment,Completed,60.0
6487,7,15,2175,1,2026-02-08,Upgrade,Completed,59.45
6488,15,40,1735,,2025-09-03,Accessory Sale,Voided,0.0
6489,3,6,938,3,2026-05-24,Bill Payment,Completed,45.0
6490,11,28,858,6,2025-06-03,Bill Payment,Voided,0.0
6491,9,21,636,4,2026-01-22,Bill Payment,Completed,55.0
6492,11,,1548,6,2025-07-08,Upgrade,Completed,129.35
6493,4,10,1743,5,2026-01-31,Bill Payment,Completed,60.0
6494,4,9,1962,,2025-01-24,Accessory Sale,Completed,93.1
6495,5,11,2582,4,2026-06-16,Bill Payment,Voided,0.0
6496,8,18,1908,,2025-10-19,Accessory Sale,Completed,103.28
6497,11,28,85,,2025-01-12,Accessory Sale,Completed,102.99
6498,11,27,1103,1,2025-03-20,Bill Payment,Completed,30.0
6499,6,,469,6,2026-02-28,New Activation,Voided,0.0
6500,5,11,561,,2025-03-23,Accessory Sale,Completed,24.18
6501,1,1,2308,1,2025-10-02,Bill Payment,Completed,30.0
6502,8,17,1806,,2026-06-26,Accessory Sale,Voided,0.0
6503,3,8,2506,3,2025-11-15,Upgrade,Completed,85.47
6504,16,43,502,3,2025-09-26,Bill Payment,Refunded,-45.0
6505,12,31,843,6,2025-09-14,Bill Payment,Completed,65.0
6506,15,40,1140,2,2025-03-30,Bill Payment,Refunded,-40.0
6507,2,3,1183,3,2025-03-20,Upgrade,Completed,109.01
6508,8,17,2517,5,2025-04-25,Bill Payment,Voided,0.0
6509,11,27,691,1,2025-01-26,Plan Change,Completed,8.04
6510,12,31,592,2,2026-01-07,Upgrade,Completed,79.57
6511,6,13,639,3,2025-12-30,Bill Payment,Completed,45.0
6512,2,5,2,3,2025-02-14,Bill Payment,Completed,45.0
6513,5,11,1507,6,2026-01-26,Upgrade,Completed,131.02
6514,2,4,1130,3,2025-04-18,Bill Payment,Completed,45.0
6515,13,34,551,3,2025-09-29,Bill Payment,Completed,45.0
6516,5,11,2100,4,2025-10-14,Bill Payment,Completed,55.0
6517,13,34,369,3,2025-08-02,Plan Change,Refunded,-6.8
6518,11,27,1533,3,2025-07-09,Bill Payment,Completed,45.0
6519,9,20,1938,3,2025-09-07,Plan Change,Voided,0.0
6520,13,33,2372,5,2025-09-19,Bill Payment,Completed,60.0
6521,13,33,1901,,2025-09-19,Accessory Sale,Refunded,-104.42
6522,5,11,1020,6,2025-10-23,Bill Payment,Completed,65.0
6523,5,12,1417,2,2026-05-22,Upgrade,Completed,102.98
6524,14,38,533,,2025-12-26,Accessory Sale,Completed,139.71
6525,1,1,1964,5,2025-07-15,Bill Payment,Completed,60.0
6526,18,50,378,4,2025-04-26,Bill Payment,Voided,0.0
6527,8,18,641,6,2025-05-02,Upgrade,Completed,124.55
6528,3,6,897,6,2025-10-08,Plan Change,Completed,8.12
6529,6,13,2069,2,2025-08-24,Bill Payment,Completed,40.0
6530,5,11,1760,6,2025-07-20,Bill Payment,Completed,65.0
6531,17,47,31,,2025-04-23,Accessory Sale,Completed,78.96
6532,14,38,454,6,2026-01-16,Bill Payment,Refunded,-65.0
6533,7,16,514,2,2026-06-15,Bill Payment,Completed,40.0
6534,4,9,1754,6,2026-06-14,Bill Payment,Completed,65.0
6535,11,28,1658,4,2026-04-24,Upgrade,Completed,110.3
6536,13,,500,4,2026-03-17,New Activation,Completed,62.35
6537,6,14,1094,,2026-02-13,Accessory Sale,Completed,36.72
6538,16,43,471,3,2025-12-31,Plan Change,Refunded,-8.58
6539,16,46,511,2,2025-03-17,Bill Payment,Completed,40.0
6540,7,16,892,6,2025-01-05,Upgrade,Completed,116.36
6541,4,10,459,6,2025-10-30,New Activation,Completed,78.38
6542,8,18,1195,5,2025-01-10,New Activation,Completed,73.79
6543,16,43,271,5,2025-02-18,Bill Payment,Completed,60.0
6544,3,8,1061,2,2026-01-10,New Activation,Completed,52.68
6545,3,6,933,2,2025-01-16,Bill Payment,Refunded,-40.0
6546,3,7,2216,3,2025-12-09,Bill Payment,Completed,45.0
6547,2,3,678,4,2025-10-29,Bill Payment,Refunded,-55.0
6548,13,33,624,6,2026-01-12,Bill Payment,Voided,0.0
6549,1,1,1977,6,2025-02-26,Bill Payment,Refunded,-65.0
6550,1,1,2458,4,2025-08-18,New Activation,Completed,61.07
6551,11,30,2274,6,2025-03-26,Bill Payment,Completed,65.0
6552,14,,557,2,2025-02-06,Bill Payment,Completed,40.0
6553,2,4,581,6,2026-02-13,Bill Payment,Completed,65.0
6554,2,4,1322,6,2025-11-02,New Activation,Completed,74.26
6555,15,42,2124,3,2026-02-22,Upgrade,Completed,80.83
6556,16,43,2094,2,2025-09-28,New Activation,Completed,50.65
6557,2,3,203,,2025-10-25,Accessory Sale,Completed,112.37
6558,6,13,2058,,2025-11-17,Accessory Sale,Completed,21.75
6559,14,38,2360,5,2025-07-18,Bill Payment,Completed,60.0
6560,15,40,2369,3,2026-03-24,Upgrade,Completed,109.82
6561,11,28,895,6,2026-01-03,New Activation,Completed,79.77
6562,10,25,951,3,2026-06-02,Bill Payment,Completed,45.0
6563,18,50,1706,3,2026-04-25,Bill Payment,Completed,45.0
6564,3,6,339,3,2025-05-28,Bill Payment,Voided,0.0
6565,10,24,849,1,2025-06-23,Bill Payment,Completed,30.0
6566,13,34,2061,,2025-05-06,Accessory Sale,Voided,0.0
6567,7,16,2130,5,2026-05-30,Bill Payment,Voided,0.0
6568,15,42,2216,4,2026-05-20,Bill Payment,Completed,55.0
6569,1,1,2416,3,2025-04-21,Bill Payment,Voided,0.0
6570,11,27,861,5,2025-03-21,Bill Payment,Completed,60.0
6571,11,27,2113,1,2025-01-11,Bill Payment,Completed,30.0
6572,9,21,945,,2025-02-15,Accessory Sale,Voided,0.0
6573,10,25,1177,5,2026-02-03,Bill Payment,Completed,60.0
6574,8,18,2189,3,2026-02-24,Bill Payment,Completed,45.0
6575,2,4,1871,5,2025-02-21,New Activation,Completed,68.65
6576,2,3,2359,1,2025-07-17,Bill Payment,Completed,30.0
6577,2,5,731,3,2025-07-26,New Activation,Completed,59.54
6578,3,8,557,4,2026-01-13,Bill Payment,Voided,0.0
6579,9,22,1246,2,2026-03-06,Bill Payment,Refunded,-40.0
6580,13,33,1598,4,2026-04-27,Bill Payment,Voided,0.0
6581,3,6,1278,5,2025-09-21,Bill Payment,Completed,60.0
6582,2,5,349,1,2025-12-01,Bill Payment,Completed,30.0
6583,1,1,2357,1,2025-07-02,Plan Change,Voided,0.0
6584,8,18,1652,4,2026-04-18,Bill Payment,Refunded,-55.0
6585,7,15,2382,6,2026-03-16,Bill Payment,Voided,0.0
6586,3,8,2240,5,2025-06-07,Bill Payment,Completed,60.0
6587,2,,952,1,2026-06-26,Bill Payment,Completed,30.0
6588,17,47,1899,2,2026-04-13,Upgrade,Completed,61.33
6589,18,50,712,2,2026-02-06,Bill Payment,Completed,40.0
6590,1,1,250,1,2026-01-19,Bill Payment,Completed,30.0
6591,2,4,643,6,2025-06-25,Plan Change,Refunded,-9.29
6592,16,45,504,5,2025-08-12,Bill Payment,Completed,60.0
6593,12,32,384,2,2025-03-14,Bill Payment,Completed,40.0
6594,5,12,1903,3,2026-03-05,New Activation,Refunded,-51.26
6595,5,12,2122,4,2025-10-20,Plan Change,Voided,0.0
6596,16,45,1452,2,2025-04-18,Bill Payment,Completed,40.0
6597,8,18,1522,4,2026-01-13,Bill Payment,Completed,55.0
6598,8,17,2061,5,2026-02-24,Bill Payment,Completed,60.0
6599,7,15,5,4,2025-07-19,Bill Payment,Completed,55.0
6600,13,33,1054,5,2025-12-13,Upgrade,Completed,109.92
6601,6,14,2562,1,2026-06-23,Plan Change,Completed,3.76
6602,17,48,1968,3,2026-05-25,Plan Change,Completed,7.76
6603,14,35,1560,3,2025-07-30,Upgrade,Completed,67.22
6604,3,7,1960,4,2026-04-08,Bill Payment,Completed,55.0
6605,5,11,753,1,2026-05-14,Bill Payment,Completed,30.0
6606,3,8,1363,2,2025-02-14,Bill Payment,Completed,40.0
6607,7,16,1080,4,2025-03-23,Bill Payment,Voided,0.0
6608,8,19,852,2,2026-03-13,Bill Payment,Completed,40.0
6609,15,41,778,1,2025-03-06,New Activation,Completed,39.5
6610,8,19,2174,6,2026-02-28,Bill Payment,Completed,65.0
6611,8,18,433,2,2025-08-28,Bill Payment,Refunded,-40.0
6612,1,2,1991,5,2026-05-12,Bill Payment,Refunded,-60.0
6613,8,17,621,3,2025-06-23,Bill Payment,Completed,45.0
6614,4,9,1089,2,2026-06-14,Bill Payment,Completed,40.0
6615,18,,302,,2025-08-08,Accessory Sale,Completed,81.73
6616,16,46,435,2,2025-10-03,New Activation,Completed,46.48
6617,11,28,1612,1,2025-12-02,Bill Payment,Completed,30.0
6618,6,13,726,2,2025-12-03,New Activation,Completed,51.21
6619,5,11,2588,2,2026-02-22,Bill Payment,Completed,40.0
6620,12,32,1436,4,2025-05-05,Plan Change,Completed,0.81
6621,2,5,112,1,2025-03-28,Bill Payment,Voided,0.0
6622,10,24,454,5,2025-03-30,Bill Payment,Completed,60.0
6623,12,32,2131,1,2025-01-26,Bill Payment,Completed,30.0
6624,15,39,2557,4,2026-04-14,Bill Payment,Voided,0.0
6625,8,18,1852,3,2025-12-04,Bill Payment,Voided,0.0
6626,2,5,374,2,2026-04-07,Bill Payment,Completed,40.0
6627,8,18,515,4,2026-04-08,Upgrade,Voided,0.0
6628,1,2,1204,3,2025-10-20,Bill Payment,Completed,45.0
6629,2,4,665,,2026-04-15,Accessory Sale,Voided,0.0
6630,16,45,2420,2,2025-07-02,Bill Payment,Completed,40.0
6631,17,48,853,2,2026-03-15,New Activation,Refunded,-45.06
6632,7,16,2570,4,2026-05-11,Bill Payment,Completed,55.0
6633,14,36,288,4,2025-01-08,New Activation,Completed,63.44
6634,11,29,1161,3,2025-12-23,Bill Payment,Refunded,-45.0
6635,11,30,393,6,2025-07-10,Bill Payment,Voided,0.0
6636,8,17,2175,4,2026-02-15,Bill Payment,Completed,55.0
6637,8,18,359,5,2025-03-30,Bill Payment,Completed,60.0
6638,18,49,1647,2,2026-02-04,New Activation,Completed,51.22
6639,3,,481,6,2025-10-10,Bill Payment,Completed,65.0
6640,12,31,523,,2025-03-06,Accessory Sale,Completed,69.33
6641,4,9,645,5,2026-04-08,Bill Payment,Completed,60.0
6642,8,18,2017,,2025-08-20,Accessory Sale,Completed,107.43
6643,13,34,178,,2026-04-18,Accessory Sale,Completed,78.59
6644,3,8,973,,2025-01-16,Accessory Sale,Completed,79.96
6645,16,45,1290,2,2026-03-25,Bill Payment,Completed,40.0
6646,4,9,42,4,2026-04-03,Bill Payment,Completed,55.0
6647,8,18,1228,6,2025-06-26,New Activation,Completed,72.52
6648,16,43,101,6,2025-09-14,New Activation,Refunded,-77.94
6649,18,49,2033,3,2026-04-13,Plan Change,Completed,0.59
6650,11,27,604,5,2025-12-16,Bill Payment,Completed,60.0
6651,18,50,2439,1,2026-05-04,Bill Payment,Completed,30.0
6652,5,11,1220,4,2026-04-26,Bill Payment,Completed,55.0
6653,14,35,2290,2,2025-02-07,Bill Payment,Completed,40.0
6654,13,34,2438,1,2025-10-17,Bill Payment,Completed,30.0
6655,6,14,706,3,2025-07-25,Bill Payment,Completed,45.0
6656,5,11,1404,,2026-01-20,Accessory Sale,Completed,139.29
6657,4,9,1101,6,2025-11-27,Bill Payment,Completed,65.0
6658,18,49,1666,,2025-12-31,Accessory Sale,Completed,10.04
6659,1,2,331,2,2026-06-20,Bill Payment,Completed,40.0
6660,3,8,1322,,2025-03-13,Accessory Sale,Refunded,-88.93
6661,8,18,1299,1,2025-03-03,Bill Payment,Completed,30.0
6662,3,8,124,1,2025-09-13,New Activation,Completed,43.82
6663,18,49,2346,5,2025-10-01,Bill Payment,Voided,0.0
6664,11,30,1511,6,2025-12-20,Plan Change,Voided,0.0
6665,1,2,1529,3,2025-07-28,Bill Payment,Completed,45.0
6666,14,37,196,2,2025-04-21,Bill Payment,Completed,40.0
6667,11,28,1982,5,2026-01-30,Bill Payment,Completed,60.0
6668,9,22,537,5,2025-01-10,New Activation,Completed,66.6
6669,8,18,2040,5,2026-05-30,Bill Payment,Voided,0.0
6670,8,18,1689,6,2025-09-28,Bill Payment,Completed,65.0
6671,14,35,1563,1,2025-11-30,Bill Payment,Refunded,-30.0
6672,16,43,49,3,2025-10-17,Upgrade,Completed,72.31
6673,9,21,1182,2,2026-02-22,New Activation,Voided,0.0
6674,11,30,1434,,2025-01-19,Accessory Sale,Completed,54.11
6675,17,47,350,3,2026-03-11,Bill Payment,Completed,45.0
6676,18,50,796,3,2026-05-10,Upgrade,Completed,116.07
6677,1,2,1470,5,2025-10-27,Plan Change,Completed,7.92
6678,15,41,335,,2025-09-06,Accessory Sale,Refunded,-65.32
6679,18,50,1951,5,2025-08-28,Bill Payment,Completed,60.0
6680,14,35,1355,6,2026-05-23,Upgrade,Completed,137.55
6681,12,32,2550,2,2025-06-07,Bill Payment,Completed,40.0
6682,18,49,1430,1,2026-06-12,Bill Payment,Completed,30.0
6683,8,19,1232,6,2026-05-10,Plan Change,Voided,0.0
6684,10,25,430,3,2025-08-05,New Activation,Completed,52.89
6685,2,5,1732,3,2026-05-05,Bill Payment,Completed,45.0
6686,8,17,1733,4,2026-01-28,Bill Payment,Refunded,-55.0
6687,14,36,2592,6,2025-07-19,Bill Payment,Voided,0.0
6688,16,44,1050,,2025-06-10,Accessory Sale,Voided,0.0
6689,11,30,1261,2,2025-09-05,Bill Payment,Completed,40.0
6690,16,43,411,4,2025-01-31,Bill Payment,Completed,55.0
6691,1,1,512,2,2026-03-25,Bill Payment,Completed,40.0
6692,7,,1546,1,2025-09-14,Bill Payment,Completed,30.0
6693,9,20,594,1,2025-08-14,Bill Payment,Completed,30.0
6694,16,43,569,1,2025-04-19,Upgrade,Completed,61.13
6695,4,9,1331,2,2025-11-11,Bill Payment,Completed,40.0
6696,5,12,196,1,2025-12-31,Bill Payment,Voided,0.0
6697,18,50,2048,4,2025-07-05,New Activation,Completed,69.94
6698,14,35,992,3,2025-12-24,Bill Payment,Completed,45.0
6699,1,1,620,2,2025-05-13,Bill Payment,Completed,40.0
6700,5,12,2078,3,2025-03-01,Bill Payment,Completed,45.0
6701,13,,1436,3,2025-09-21,Bill Payment,Refunded,-45.0
6702,15,40,1294,1,2026-01-29,Bill Payment,Completed,30.0
6703,12,31,1593,5,2025-12-29,Bill Payment,Completed,60.0
6704,17,,1662,2,2026-01-04,Bill Payment,Voided,0.0
6705,14,38,1449,2,2025-06-13,New Activation,Refunded,-46.46
6706,14,36,2548,4,2025-08-12,Bill Payment,Voided,0.0
6707,4,10,2262,6,2025-07-12,Bill Payment,Completed,65.0
6708,8,19,1176,4,2025-11-17,Bill Payment,Completed,55.0
6709,15,42,1751,1,2026-03-22,Bill Payment,Completed,30.0
6710,14,37,2226,5,2025-02-06,Bill Payment,Completed,60.0
6711,15,39,1883,6,2025-08-06,New Activation,Completed,74.78
6712,14,35,373,5,2026-02-17,Bill Payment,Completed,60.0
6713,3,7,2572,6,2026-06-03,New Activation,Completed,76.04
6714,3,6,1223,1,2026-01-18,Bill Payment,Completed,30.0
6715,14,38,2289,,2025-06-10,Accessory Sale,Completed,11.54
6716,2,5,1821,5,2025-04-13,Bill Payment,Completed,60.0
6717,5,12,2444,,2025-05-08,Accessory Sale,Completed,44.63
6718,13,33,1509,6,2025-05-20,Bill Payment,Completed,65.0
6719,7,15,1813,6,2025-12-20,Bill Payment,Refunded,-65.0
6720,2,4,168,,2025-12-16,Accessory Sale,Refunded,-25.79
6721,8,19,566,3,2026-05-23,Bill Payment,Completed,45.0
6722,17,48,1231,2,2026-06-29,Bill Payment,Completed,40.0
6723,2,4,754,2,2026-05-26,Bill Payment,Completed,40.0
6724,8,18,633,1,2026-06-18,Bill Payment,Completed,30.0
6725,2,4,2127,2,2026-01-25,Bill Payment,Completed,40.0
6726,4,9,366,5,2025-10-23,Bill Payment,Completed,60.0
6727,1,2,129,1,2025-03-01,Bill Payment,Completed,30.0
6728,12,32,1451,1,2025-10-15,Bill Payment,Completed,30.0
6729,5,12,2276,2,2026-01-14,New Activation,Completed,52.01
6730,14,35,1317,2,2025-04-15,Bill Payment,Completed,40.0
6731,11,30,890,1,2026-06-07,New Activation,Completed,43.72
6732,3,7,2232,4,2026-06-16,Bill Payment,Completed,55.0
6733,3,6,555,2,2026-01-16,Bill Payment,Completed,40.0
6734,8,17,2393,3,2025-11-26,New Activation,Completed,51.7
6735,13,33,1712,5,2026-01-28,Bill Payment,Completed,60.0
6736,1,1,421,,2026-01-13,Accessory Sale,Completed,96.9
6737,8,,1284,1,2025-04-28,New Activation,Completed,44.3
6738,4,10,1908,5,2025-05-14,Bill Payment,Completed,60.0
6739,18,49,581,6,2025-01-13,Upgrade,Completed,100.35
6740,11,29,1328,5,2026-06-04,Bill Payment,Completed,60.0
6741,3,7,1100,2,2025-08-04,Bill Payment,Completed,40.0
6742,6,14,554,5,2025-07-18,Bill Payment,Completed,60.0
6743,14,35,2452,6,2025-02-09,Bill Payment,Completed,65.0
6744,18,49,1570,3,2025-10-30,Bill Payment,Completed,45.0
6745,4,9,2556,6,2025-05-03,Bill Payment,Completed,65.0
6746,8,19,793,5,2025-12-31,Bill Payment,Completed,60.0
6747,6,14,2115,4,2025-01-05,Bill Payment,Completed,55.0
6748,18,50,791,2,2026-06-08,Bill Payment,Refunded,-40.0
6749,16,44,2413,5,2025-04-16,Bill Payment,Refunded,-60.0
6750,1,2,2258,4,2025-01-03,Upgrade,Completed,91.25
6751,8,19,2205,3,2025-09-02,Bill Payment,Completed,45.0
6752,7,16,181,3,2025-03-22,Bill Payment,Completed,45.0
6753,13,,523,5,2026-02-14,Bill Payment,Refunded,-60.0
6754,14,36,315,4,2025-12-07,New Activation,Completed,69.79
6755,5,11,2580,1,2025-08-04,Bill Payment,Completed,30.0
6756,8,18,2320,,2025-10-28,Accessory Sale,Completed,41.83
6757,13,34,1640,2,2025-04-03,Bill Payment,Completed,40.0
6758,16,44,1289,3,2025-04-11,Bill Payment,Completed,45.0
6759,4,10,969,3,2025-01-11,Bill Payment,Completed,45.0
6760,18,49,288,3,2025-06-05,New Activation,Completed,55.26
6761,3,7,223,5,2025-10-21,Bill Payment,Completed,60.0
6762,9,20,952,,2026-05-05,Accessory Sale,Voided,0.0
6763,3,7,346,2,2025-01-17,Bill Payment,Completed,40.0
6764,12,31,1939,2,2025-05-03,Bill Payment,Refunded,-40.0
6765,16,46,1562,3,2025-04-15,Bill Payment,Completed,45.0
6766,8,18,1077,6,2025-08-23,Plan Change,Completed,2.62
6767,4,10,2112,4,2025-11-25,Bill Payment,Completed,55.0
6768,1,2,267,2,2025-09-10,New Activation,Completed,50.05
6769,8,17,158,6,2026-02-04,Bill Payment,Completed,65.0
6770,11,30,917,2,2026-02-03,Bill Payment,Completed,40.0
6771,8,18,1562,2,2026-06-16,Bill Payment,Voided,0.0
6772,14,35,1514,2,2025-07-21,Bill Payment,Completed,40.0
6773,5,12,658,4,2026-04-09,Plan Change,Completed,0.67
6774,2,3,1503,3,2025-05-20,Bill Payment,Completed,45.0
6775,11,29,1770,3,2025-01-16,Plan Change,Completed,6.9
6776,16,45,2188,2,2025-03-30,New Activation,Completed,50.23
6777,8,17,1283,3,2026-02-17,Bill Payment,Voided,0.0
6778,11,27,494,5,2025-10-12,Bill Payment,Completed,60.0
6779,17,48,511,5,2025-10-22,Bill Payment,Completed,60.0
6780,1,2,733,3,2026-06-06,New Activation,Completed,50.95
6781,12,32,2095,3,2026-05-17,Bill Payment,Completed,45.0
6782,14,35,2355,6,2026-05-27,Bill Payment,Completed,65.0
6783,6,13,1383,5,2025-11-30,Bill Payment,Completed,60.0
6784,5,11,615,6,2026-03-19,Bill Payment,Completed,65.0
6785,7,15,274,5,2026-05-04,Bill Payment,Completed,60.0
6786,14,37,2048,4,2025-10-08,Bill Payment,Completed,55.0
6787,11,29,1909,2,2025-10-08,Bill Payment,Completed,40.0
6788,1,2,1018,,2026-02-28,Accessory Sale,Completed,61.13
6789,2,4,1241,4,2025-03-02,Bill Payment,Completed,55.0
6790,8,,1457,2,2026-03-27,Bill Payment,Completed,40.0
6791,1,2,786,1,2025-07-14,Bill Payment,Completed,30.0
6792,2,3,1045,3,2026-02-05,Bill Payment,Completed,45.0
6793,9,23,1917,2,2025-01-04,Bill Payment,Completed,40.0
6794,8,19,884,3,2025-08-18,Bill Payment,Completed,45.0
6795,3,,1640,,2025-05-23,Accessory Sale,Completed,18.56
6796,8,17,2516,,2025-08-29,Accessory Sale,Completed,128.98
6797,8,18,2235,3,2025-04-11,New Activation,Voided,0.0
6798,6,13,244,,2026-03-30,Accessory Sale,Completed,136.16
6799,15,39,133,4,2025-06-28,New Activation,Completed,63.5
6800,16,43,564,4,2025-09-09,Bill Payment,Completed,55.0
6801,17,48,1265,6,2025-11-23,Upgrade,Completed,112.22
6802,12,31,1561,2,2026-01-07,Bill Payment,Completed,40.0
6803,18,49,2009,1,2026-01-15,Bill Payment,Completed,30.0
6804,3,7,1104,3,2025-09-01,Bill Payment,Completed,45.0
6805,6,13,1422,3,2025-04-15,Bill Payment,Refunded,-45.0
6806,2,5,2144,5,2025-09-18,Bill Payment,Refunded,-60.0
6807,6,14,2422,,2026-01-23,Accessory Sale,Completed,107.55
6808,10,25,483,5,2026-02-24,Bill Payment,Voided,0.0
6809,16,,567,6,2025-06-02,Upgrade,Voided,0.0
6810,3,8,94,3,2025-01-12,Bill Payment,Completed,45.0
6811,10,26,2076,5,2025-09-09,Bill Payment,Completed,60.0
6812,11,29,2137,2,2025-03-06,Upgrade,Completed,65.25
6813,4,9,540,3,2026-02-26,Bill Payment,Voided,0.0
6814,11,29,2125,4,2025-05-17,Bill Payment,Refunded,-55.0
6815,17,48,2003,2,2026-04-17,Bill Payment,Completed,40.0
6816,12,,1241,,2025-02-19,Accessory Sale,Completed,85.28
6817,12,31,1074,6,2025-12-08,Bill Payment,Completed,65.0
6818,1,2,2562,5,2026-02-07,Bill Payment,Completed,60.0
6819,18,50,863,6,2026-01-16,Bill Payment,Voided,0.0
6820,5,12,1937,3,2026-04-06,New Activation,Voided,0.0
6821,6,13,2136,1,2026-01-14,Bill Payment,Completed,30.0
6822,8,17,1967,6,2025-02-13,New Activation,Completed,77.26
6823,6,13,551,3,2025-10-06,Bill Payment,Completed,45.0
6824,17,47,1561,1,2025-04-10,Bill Payment,Completed,30.0
6825,17,47,1925,4,2026-06-06,New Activation,Completed,68.41
6826,7,,2176,,2025-01-03,Accessory Sale,Completed,77.55
6827,13,33,897,3,2025-02-18,Bill Payment,Completed,45.0
6828,7,15,2529,4,2025-08-27,Bill Payment,Completed,55.0
6829,9,20,873,5,2026-04-21,Bill Payment,Completed,60.0
6830,4,9,684,2,2026-03-31,Upgrade,Completed,105.13
6831,16,43,1900,,2025-05-17,Accessory Sale,Completed,64.03
6832,4,9,357,2,2026-01-08,New Activation,Completed,53.17
6833,15,40,1798,3,2025-06-30,Bill Payment,Refunded,-45.0
6834,14,37,2418,4,2025-05-27,New Activation,Completed,64.6
6835,14,36,105,5,2025-02-22,Bill Payment,Completed,60.0
6836,8,19,790,5,2025-11-23,Bill Payment,Completed,60.0
6837,18,49,2564,2,2025-09-12,Bill Payment,Completed,40.0
6838,11,29,1864,2,2026-01-12,Upgrade,Completed,69.73
6839,7,16,1209,3,2025-01-05,Upgrade,Completed,80.39
6840,16,46,2443,1,2026-02-17,Upgrade,Completed,94.75
6841,14,37,1220,5,2025-12-18,Bill Payment,Refunded,-60.0
6842,4,9,1399,6,2025-04-24,Plan Change,Completed,6.48
6843,11,28,1148,5,2025-04-17,Bill Payment,Completed,60.0
6844,6,13,405,6,2026-02-22,New Activation,Completed,71.09
6845,7,16,347,2,2025-11-27,New Activation,Completed,49.39
6846,6,13,1515,6,2025-07-30,Bill Payment,Completed,65.0
6847,9,23,55,1,2026-04-22,Bill Payment,Completed,30.0
6848,15,39,1482,1,2025-06-13,New Activation,Completed,43.06
6849,11,27,1014,5,2026-06-22,Bill Payment,Voided,0.0
6850,3,7,534,1,2025-08-04,Bill Payment,Completed,30.0
6851,14,36,251,3,2026-05-08,Plan Change,Completed,9.79
6852,2,3,869,,2025-11-12,Accessory Sale,Completed,97.96
6853,15,42,801,3,2025-09-06,Bill Payment,Completed,45.0
6854,14,35,408,5,2025-04-25,Bill Payment,Completed,60.0
6855,6,14,2394,4,2025-06-04,Bill Payment,Completed,55.0
6856,17,47,741,,2026-04-06,Accessory Sale,Completed,102.98
6857,11,30,1345,4,2025-10-07,Bill Payment,Completed,55.0
6858,15,40,1362,2,2025-07-18,Bill Payment,Refunded,-40.0
6859,5,12,1431,6,2025-10-20,Upgrade,Completed,143.55
6860,2,5,33,1,2026-01-10,New Activation,Completed,36.15
6861,9,21,194,3,2026-01-05,Bill Payment,Completed,45.0
6862,14,35,192,3,2026-05-17,New Activation,Voided,0.0
6863,12,31,593,5,2025-06-08,Upgrade,Completed,127.51
6864,12,32,1087,,2025-11-22,Accessory Sale,Completed,64.8
6865,10,25,1693,2,2026-01-15,New Activation,Voided,0.0
6866,17,48,411,1,2025-02-23,Bill Payment,Completed,30.0
6867,16,,2241,2,2026-04-20,Upgrade,Voided,0.0
6868,15,40,601,,2026-01-15,Accessory Sale,Completed,79.47
6869,18,50,1358,4,2026-01-24,New Activation,Completed,64.33
6870,1,2,1339,1,2025-06-20,Bill Payment,Completed,30.0
6871,14,37,1703,,2026-03-18,Accessory Sale,Completed,98.96
6872,1,1,595,4,2025-09-28,Bill Payment,Completed,55.0
6873,10,25,2438,,2026-06-17,Accessory Sale,Completed,11.33
6874,5,12,28,2,2026-04-27,Bill Payment,Completed,40.0
6875,3,6,1675,2,2025-11-12,Plan Change,Completed,3.06
6876,7,16,721,4,2025-01-31,Bill Payment,Completed,55.0
6877,12,31,1533,1,2025-03-25,Bill Payment,Completed,30.0
6878,11,27,2372,2,2025-11-08,New Activation,Completed,54.38
6879,6,13,783,,2026-03-11,Accessory Sale,Completed,114.66
6880,8,19,2500,1,2025-02-01,Bill Payment,Completed,30.0
6881,18,50,2463,,2026-01-19,Accessory Sale,Completed,73.32
6882,5,12,218,2,2026-01-14,Plan Change,Completed,8.89
6883,14,38,492,2,2025-02-03,Bill Payment,Completed,40.0
6884,2,4,2019,2,2026-06-16,Bill Payment,Completed,40.0
6885,15,40,1623,4,2025-12-25,Bill Payment,Completed,55.0
6886,15,39,40,1,2025-08-13,Bill Payment,Completed,30.0
6887,6,13,2571,1,2025-06-23,Bill Payment,Completed,30.0
6888,2,5,1048,,2025-05-09,Accessory Sale,Voided,0.0
6889,12,31,2578,,2026-05-23,Accessory Sale,Completed,149.52
6890,7,16,2349,6,2026-06-15,Bill Payment,Completed,65.0
6891,8,18,360,5,2025-10-01,Bill Payment,Completed,60.0
6892,14,35,1059,6,2025-12-30,New Activation,Completed,74.67
6893,9,22,1626,5,2025-10-26,Bill Payment,Completed,60.0
6894,16,43,2470,3,2026-05-04,Bill Payment,Completed,45.0
6895,17,47,2528,5,2026-01-12,Bill Payment,Completed,60.0
6896,12,31,2335,,2026-03-10,Accessory Sale,Completed,63.71
6897,8,19,502,6,2025-09-06,Bill Payment,Completed,65.0
6898,4,10,1653,4,2026-06-05,Bill Payment,Completed,55.0
6899,6,13,1478,1,2026-03-17,Bill Payment,Completed,30.0
6900,18,50,1236,6,2026-03-02,Bill Payment,Completed,65.0
6901,6,14,398,,2025-09-06,Accessory Sale,Completed,74.14
6902,15,42,1108,6,2025-06-19,Bill Payment,Completed,65.0
6903,13,34,443,2,2025-11-12,Bill Payment,Completed,40.0
6904,2,3,2030,3,2025-11-20,Bill Payment,Completed,45.0
6905,6,13,1485,5,2025-07-09,Bill Payment,Completed,60.0
6906,6,14,715,6,2025-08-13,Bill Payment,Completed,65.0
6907,17,48,1783,,2025-09-23,Accessory Sale,Voided,0.0
6908,16,44,1878,6,2025-03-29,New Activation,Refunded,-79.68
6909,10,25,2486,5,2025-08-01,Bill Payment,Completed,60.0
6910,11,27,683,2,2025-08-05,Bill Payment,Completed,40.0
6911,17,48,1929,6,2025-11-04,Bill Payment,Completed,65.0
6912,12,32,588,5,2026-02-26,Plan Change,Refunded,-4.07
6913,10,24,416,,2026-03-06,Accessory Sale,Completed,19.52
6914,1,2,418,3,2025-11-30,Bill Payment,Completed,45.0
6915,13,34,303,4,2026-01-12,Bill Payment,Completed,55.0
6916,14,37,688,3,2026-04-29,Upgrade,Completed,103.11
6917,9,20,1260,5,2026-01-21,Bill Payment,Completed,60.0
6918,3,7,1792,6,2026-04-06,Plan Change,Completed,7.14
6919,18,49,566,1,2025-12-10,Upgrade,Completed,67.36
6920,9,20,791,4,2025-01-06,Upgrade,Completed,92.11
6921,3,7,1260,2,2025-01-18,Bill Payment,Completed,40.0
6922,4,9,1890,,2026-04-27,Accessory Sale,Completed,48.18
6923,12,32,1062,6,2025-10-30,Bill Payment,Completed,65.0
6924,2,3,2416,3,2025-09-29,Bill Payment,Voided,0.0
6925,11,29,1738,4,2025-05-24,Bill Payment,Completed,55.0
6926,11,27,1651,3,2025-12-27,Upgrade,Completed,95.88
6927,18,50,1170,3,2025-08-09,Bill Payment,Completed,45.0
6928,2,4,2591,4,2025-11-11,Bill Payment,Refunded,-55.0
6929,11,30,90,2,2025-06-21,Bill Payment,Completed,40.0
6930,17,48,1391,6,2026-04-25,Upgrade,Refunded,-142.72
6931,3,8,369,,2026-04-19,Accessory Sale,Refunded,-16.65
6932,14,36,709,2,2025-05-12,Plan Change,Completed,4.18
6933,3,7,1862,6,2026-01-14,Bill Payment,Completed,65.0
6934,1,2,1617,6,2025-04-18,New Activation,Completed,71.36
6935,14,36,2396,1,2025-11-08,Bill Payment,Completed,30.0
6936,14,36,1809,3,2026-04-30,Bill Payment,Refunded,-45.0
6937,14,36,279,6,2026-03-02,Plan Change,Completed,5.61
6938,14,36,1161,6,2026-02-13,Upgrade,Completed,88.18
6939,8,18,2484,1,2026-04-01,Plan Change,Completed,1.96
6940,18,50,1044,6,2025-10-06,Bill Payment,Completed,65.0
6941,7,16,2138,1,2025-07-08,Bill Payment,Refunded,-30.0
6942,3,7,1144,,2025-05-01,Accessory Sale,Completed,54.31
6943,10,24,1001,1,2026-02-07,Bill Payment,Completed,30.0
6944,8,17,548,6,2026-06-05,Plan Change,Completed,5.56
6945,16,43,1035,6,2026-06-25,Bill Payment,Completed,65.0
6946,12,32,440,5,2025-02-03,Bill Payment,Completed,60.0
6947,8,18,2143,3,2025-08-06,Bill Payment,Completed,45.0
6948,7,15,1354,1,2025-01-12,New Activation,Completed,41.54
6949,6,13,1516,4,2025-09-25,Upgrade,Completed,113.2
6950,18,49,871,5,2025-05-11,Bill Payment,Completed,60.0
6951,1,1,338,6,2026-01-03,Bill Payment,Completed,65.0
6952,17,48,2411,4,2026-05-04,Bill Payment,Completed,55.0
6953,2,4,2450,5,2026-04-18,Bill Payment,Refunded,-60.0
6954,7,16,226,5,2025-09-23,Bill Payment,Completed,60.0
6955,4,9,1652,6,2026-05-17,Bill Payment,Completed,65.0
6956,5,,2493,2,2025-06-26,Upgrade,Completed,98.12
6957,15,41,2241,6,2026-03-06,Bill Payment,Completed,65.0
6958,5,12,1055,1,2026-03-20,New Activation,Completed,43.89
6959,8,19,1514,2,2025-06-13,Bill Payment,Completed,40.0
6960,11,27,592,4,2025-11-13,Upgrade,Completed,76.69
6961,11,29,1531,1,2025-09-03,Bill Payment,Voided,0.0
6962,14,,109,1,2025-12-15,Bill Payment,Completed,30.0
6963,11,30,1306,1,2026-04-15,Bill Payment,Completed,30.0
6964,2,4,1596,5,2026-05-25,Bill Payment,Completed,60.0
6965,12,32,2482,1,2025-08-28,New Activation,Completed,40.11
6966,18,49,2191,1,2026-06-04,Bill Payment,Completed,30.0
6967,1,2,2596,3,2026-05-14,Bill Payment,Completed,45.0
6968,9,23,2172,5,2025-07-20,Bill Payment,Completed,60.0
6969,11,28,2135,1,2025-03-24,Upgrade,Completed,55.99
6970,17,47,1471,4,2025-02-26,Bill Payment,Completed,55.0
6971,17,48,31,,2025-10-14,Accessory Sale,Completed,107.51
6972,16,43,552,4,2026-04-23,Upgrade,Completed,102.38
6973,2,5,2141,5,2026-03-12,Bill Payment,Completed,60.0
6974,2,3,261,3,2025-01-30,Bill Payment,Voided,0.0
6975,11,29,345,2,2025-07-04,Bill Payment,Completed,40.0
6976,10,24,2353,1,2025-01-16,Bill Payment,Completed,30.0
6977,16,45,1800,4,2025-08-04,Bill Payment,Voided,0.0
6978,4,9,1116,5,2026-03-17,Upgrade,Completed,85.44
6979,14,35,467,3,2026-02-22,Bill Payment,Completed,45.0
6980,13,34,2158,,2026-05-08,Accessory Sale,Completed,103.88
6981,17,47,1303,4,2026-03-21,Bill Payment,Completed,55.0
6982,17,48,2434,,2025-12-18,Accessory Sale,Completed,52.82
6983,4,9,1470,5,2025-03-05,Plan Change,Completed,6.04
6984,2,5,2521,5,2025-08-15,Bill Payment,Completed,60.0
6985,4,9,601,6,2025-03-30,Bill Payment,Refunded,-65.0
6986,11,30,1009,4,2025-10-04,Bill Payment,Completed,55.0
6987,14,35,816,4,2026-04-03,New Activation,Completed,61.1
6988,14,38,1079,1,2025-02-06,Bill Payment,Completed,30.0
6989,10,26,1081,3,2025-04-21,Bill Payment,Refunded,-45.0
6990,4,9,2002,5,2026-02-06,New Activation,Voided,0.0
6991,10,24,2220,6,2025-04-06,Bill Payment,Completed,65.0
6992,3,6,1573,5,2026-03-05,Bill Payment,Voided,0.0
6993,13,34,1452,4,2025-12-11,Bill Payment,Completed,55.0
6994,8,19,1686,,2026-01-03,Accessory Sale,Voided,0.0
6995,1,1,1098,1,2025-12-15,Bill Payment,Completed,30.0
6996,18,49,884,6,2025-10-26,New Activation,Completed,77.2
6997,6,13,1760,3,2026-06-21,Bill Payment,Completed,45.0
6998,7,16,566,1,2025-02-23,Bill Payment,Completed,30.0
6999,14,37,2216,5,2026-03-07,Upgrade,Completed,134.56
7000,11,,652,4,2026-02-18,Plan Change,Completed,9.34
7001,11,29,958,6,2026-05-23,Upgrade,Refunded,-143.55
7002,14,,2223,1,2026-06-05,Upgrade,Completed,86.69
7003,2,5,1732,2,2025-02-24,Bill Payment,Completed,40.0
7004,8,17,2047,2,2025-04-21,Bill Payment,Completed,40.0
7005,7,16,620,3,2025-02-22,Bill Payment,Completed,45.0
7006,11,,2333,5,2026-01-06,New Activation,Completed,68.02
7007,14,37,2030,5,2025-01-18,New Activation,Completed,73.83
7008,18,50,877,1,2025-02-22,Bill Payment,Completed,30.0
7009,11,28,189,1,2025-09-02,Bill Payment,Completed,30.0
7010,5,11,1367,6,2026-06-26,Upgrade,Completed,137.14
7011,11,30,1989,5,2025-09-13,Bill Payment,Completed,60.0
7012,15,40,154,2,2026-06-18,Bill Payment,Completed,40.0
7013,12,31,282,2,2025-05-07,Bill Payment,Completed,40.0
7014,17,48,370,,2026-01-26,Accessory Sale,Completed,147.04
7015,7,16,363,6,2026-01-28,Bill Payment,Completed,65.0
7016,2,3,2258,3,2025-12-02,Bill Payment,Completed,45.0
7017,3,7,344,4,2026-01-01,Bill Payment,Completed,55.0
7018,14,37,1182,3,2025-03-09,Bill Payment,Completed,45.0
7019,17,47,953,3,2026-05-08,New Activation,Completed,55.3
7020,7,16,2394,3,2025-04-20,Bill Payment,Completed,45.0
7021,3,6,594,3,2025-10-29,Bill Payment,Completed,45.0
7022,8,19,539,6,2025-06-28,Bill Payment,Completed,65.0
7023,9,23,1906,5,2026-01-29,Bill Payment,Completed,60.0
7024,16,43,2128,4,2026-05-11,Bill Payment,Completed,55.0
7025,9,22,1030,,2025-02-26,Accessory Sale,Completed,19.4
7026,16,45,1203,2,2025-10-08,New Activation,Completed,52.57
7027,14,36,1553,6,2025-08-09,New Activation,Completed,78.9
7028,5,12,187,,2025-08-13,Accessory Sale,Completed,90.14
7029,3,6,239,2,2025-05-24,Bill Payment,Voided,0.0
7030,15,41,1776,2,2026-06-10,Upgrade,Completed,60.41
7031,15,40,290,,2025-07-24,Accessory Sale,Voided,0.0
7032,5,11,2134,3,2026-04-21,Bill Payment,Completed,45.0
7033,2,3,732,4,2026-02-24,Bill Payment,Completed,55.0
7034,3,7,2225,2,2025-10-31,Bill Payment,Completed,40.0
7035,4,10,1989,3,2025-10-29,New Activation,Completed,52.9
7036,1,1,1207,1,2026-02-24,New Activation,Completed,41.08
7037,11,28,1424,6,2026-06-26,New Activation,Completed,70.2
7038,18,50,1353,,2025-06-16,Accessory Sale,Completed,106.52
7039,8,17,19,1,2025-10-15,Bill Payment,Completed,30.0
7040,5,11,1735,4,2025-01-01,Bill Payment,Completed,55.0
7041,18,50,718,2,2025-03-27,Bill Payment,Completed,40.0
7042,12,31,569,,2025-06-28,Accessory Sale,Completed,73.93
7043,8,17,1886,,2025-02-10,Accessory Sale,Refunded,-106.08
7044,9,23,775,3,2025-06-17,Bill Payment,Completed,45.0
7045,18,50,1367,1,2026-05-09,Upgrade,Completed,68.74
7046,10,24,2501,4,2026-02-22,Bill Payment,Completed,55.0
7047,17,47,28,1,2025-04-18,Bill Payment,Refunded,-30.0
7048,14,36,468,1,2025-01-27,Bill Payment,Completed,30.0
7049,5,12,563,6,2025-04-18,Bill Payment,Completed,65.0
7050,6,,133,,2025-09-03,Accessory Sale,Completed,36.24
7051,5,12,461,5,2025-06-10,Bill Payment,Refunded,-60.0
7052,8,,312,6,2026-03-15,Bill Payment,Completed,65.0
7053,3,8,2383,2,2025-06-25,New Activation,Completed,52.63
7054,1,1,1031,2,2025-06-06,Bill Payment,Completed,40.0
7055,4,9,1981,1,2026-05-18,Bill Payment,Voided,0.0
7056,7,,1861,5,2026-01-28,Bill Payment,Completed,60.0
7057,5,11,1030,4,2025-11-29,Bill Payment,Completed,55.0
7058,1,2,1064,3,2025-06-21,Bill Payment,Completed,45.0
7059,12,31,1614,3,2025-12-06,Bill Payment,Refunded,-45.0
7060,3,7,102,,2026-06-27,Accessory Sale,Completed,10.96
7061,12,31,2251,5,2025-12-01,Upgrade,Completed,136.05
7062,8,19,837,4,2026-02-05,Bill Payment,Completed,55.0
7063,18,,1709,5,2025-04-07,Bill Payment,Completed,60.0
7064,5,,312,5,2025-01-03,Bill Payment,Completed,60.0
7065,1,2,393,5,2025-09-12,Bill Payment,Completed,60.0
7066,18,50,1881,1,2025-03-21,Bill Payment,Completed,30.0
7067,13,33,1213,3,2026-04-04,Bill Payment,Completed,45.0
7068,16,46,2352,,2025-05-24,Accessory Sale,Completed,125.15
7069,2,,2018,1,2025-02-15,Bill Payment,Refunded,-30.0
7070,9,22,1149,,2026-01-12,Accessory Sale,Completed,33.54
7071,2,4,908,1,2025-06-25,Bill Payment,Completed,30.0
7072,12,31,1682,1,2025-01-21,Bill Payment,Completed,30.0
7073,12,31,1940,2,2025-12-14,Bill Payment,Completed,40.0
7074,16,46,527,2,2026-02-08,Bill Payment,Refunded,-40.0
7075,4,10,2345,,2025-01-28,Accessory Sale,Completed,64.18
7076,14,35,1658,3,2025-12-05,Bill Payment,Completed,45.0
7077,9,20,738,,2026-04-27,Accessory Sale,Completed,10.24
7078,8,19,1970,6,2025-04-20,Bill Payment,Voided,0.0
7079,14,35,2311,1,2025-08-21,New Activation,Completed,37.04
7080,11,27,2102,4,2025-01-29,Bill Payment,Voided,0.0
7081,4,9,803,1,2025-10-26,Bill Payment,Voided,0.0
7082,8,17,772,3,2026-02-22,Bill Payment,Completed,45.0
7083,10,25,1525,1,2025-10-31,Upgrade,Completed,51.81
7084,18,50,364,1,2026-05-05,Bill Payment,Completed,30.0
7085,4,10,586,,2026-06-30,Accessory Sale,Completed,37.65
7086,6,13,951,5,2025-11-17,Plan Change,Completed,1.41
7087,12,31,155,2,2026-03-29,Plan Change,Refunded,-7.85
7088,18,50,1340,6,2025-11-28,Bill Payment,Completed,65.0
7089,5,12,801,5,2025-09-10,Bill Payment,Completed,60.0
7090,15,41,2528,6,2025-01-20,Bill Payment,Completed,65.0
7091,3,6,2317,1,2026-02-05,Bill Payment,Completed,30.0
7092,12,31,2372,2,2026-04-10,Plan Change,Completed,9.27
7093,8,17,1383,5,2025-11-05,New Activation,Completed,65.21
7094,6,14,1450,4,2026-03-04,Bill Payment,Voided,0.0
7095,14,36,2476,4,2025-07-09,Bill Payment,Completed,55.0
7096,3,7,493,,2025-11-08,Accessory Sale,Completed,32.98
7097,10,25,1357,4,2025-04-07,New Activation,Refunded,-67.58
7098,14,35,2323,6,2026-02-09,Bill Payment,Completed,65.0
7099,5,12,2107,6,2025-06-16,Bill Payment,Completed,65.0
7100,2,3,1048,4,2025-06-11,New Activation,Refunded,-65.34
7101,2,5,2291,6,2026-06-20,Bill Payment,Completed,65.0
7102,7,16,2535,5,2026-03-07,Bill Payment,Completed,60.0
7103,11,29,2271,1,2025-03-11,Bill Payment,Completed,30.0
7104,9,22,233,3,2025-03-08,Bill Payment,Completed,45.0
7105,5,,1968,2,2025-02-26,Bill Payment,Voided,0.0
7106,4,9,544,6,2026-04-10,Bill Payment,Completed,65.0
7107,5,12,152,,2025-06-14,Accessory Sale,Completed,109.09
7108,14,36,1286,1,2026-01-17,Plan Change,Completed,1.39
7109,4,10,1149,5,2026-03-09,Bill Payment,Completed,60.0
7110,15,39,1500,,2025-03-04,Accessory Sale,Completed,103.12
7111,1,2,1535,,2025-06-18,Accessory Sale,Completed,92.57
7112,10,24,1646,6,2025-01-20,Bill Payment,Completed,65.0
7113,3,6,1068,,2026-06-03,Accessory Sale,Completed,135.7
7114,3,7,2509,1,2026-05-14,Bill Payment,Completed,30.0
7115,14,37,1274,5,2025-10-10,Bill Payment,Completed,60.0
7116,18,50,847,,2026-04-12,Accessory Sale,Completed,107.03
7117,5,12,886,1,2026-06-23,Bill Payment,Completed,30.0
7118,10,,674,3,2025-07-13,New Activation,Completed,59.66
7119,7,15,1809,4,2026-01-15,Bill Payment,Voided,0.0
7120,8,,2372,1,2026-01-22,New Activation,Completed,40.78
7121,6,14,959,5,2025-07-10,Bill Payment,Completed,60.0
7122,8,18,415,5,2025-09-15,Bill Payment,Completed,60.0
7123,8,,2175,6,2025-01-09,Bill Payment,Completed,65.0
7124,16,43,1289,2,2025-04-09,Bill Payment,Completed,40.0
7125,10,24,12,,2025-04-09,Accessory Sale,Voided,0.0
7126,12,32,190,4,2025-10-27,Bill Payment,Completed,55.0
7127,5,12,1091,3,2025-02-20,Plan Change,Refunded,-4.37
7128,6,14,2092,5,2025-05-03,New Activation,Voided,0.0
7129,14,38,409,4,2026-02-04,Bill Payment,Completed,55.0
7130,14,36,1901,6,2025-08-15,Bill Payment,Refunded,-65.0
7131,13,34,2070,1,2025-01-01,Bill Payment,Completed,30.0
7132,9,22,148,,2025-06-10,Accessory Sale,Completed,21.08
7133,3,6,1777,4,2026-04-15,Bill Payment,Completed,55.0
7134,14,35,2012,6,2026-06-22,New Activation,Completed,78.48
7135,3,7,448,3,2025-01-29,Bill Payment,Completed,45.0
7136,11,30,152,5,2025-04-20,Plan Change,Completed,1.24
7137,7,,1863,6,2025-01-05,Bill Payment,Voided,0.0
7138,2,3,2374,6,2025-11-05,Bill Payment,Completed,65.0
7139,7,15,363,2,2026-06-12,New Activation,Completed,49.74
7140,11,29,2061,2,2025-08-24,Bill Payment,Completed,40.0
7141,14,36,1578,5,2025-11-25,Bill Payment,Completed,60.0
7142,12,31,2131,1,2026-01-06,Upgrade,Refunded,-100.16
7143,7,15,86,4,2025-09-15,Bill Payment,Completed,55.0
7144,7,,2514,6,2025-02-12,Bill Payment,Completed,65.0
7145,11,29,662,2,2025-07-29,Bill Payment,Completed,40.0
7146,15,40,2335,5,2026-06-07,Bill Payment,Completed,60.0
7147,10,24,861,,2026-05-19,Accessory Sale,Completed,16.53
7148,4,,2076,3,2026-04-13,Bill Payment,Completed,45.0
7149,6,13,1795,1,2025-09-29,Bill Payment,Completed,30.0
7150,18,49,1497,4,2025-08-14,Bill Payment,Completed,55.0
7151,7,16,100,6,2025-04-07,Bill Payment,Completed,65.0
7152,11,27,564,3,2026-04-13,Bill Payment,Completed,45.0
7153,12,32,1658,,2025-11-04,Accessory Sale,Completed,78.16
7154,12,31,131,5,2025-10-13,Bill Payment,Completed,60.0
7155,5,11,833,2,2025-03-24,Bill Payment,Completed,40.0
7156,14,38,1368,,2025-06-26,Accessory Sale,Completed,122.71
7157,6,13,410,1,2025-12-27,Plan Change,Completed,1.66
7158,8,19,782,5,2025-10-31,Bill Payment,Completed,60.0
7159,6,13,2580,3,2025-11-12,Bill Payment,Completed,45.0
7160,16,45,1988,4,2025-11-18,Bill Payment,Refunded,-55.0
7161,14,38,403,,2026-04-23,Accessory Sale,Completed,126.74
7162,8,18,2458,6,2026-02-21,Bill Payment,Completed,65.0
7163,14,38,1128,1,2026-04-01,New Activation,Completed,35.72
7164,16,46,1535,4,2025-08-13,Bill Payment,Completed,55.0
7165,14,35,1608,2,2025-03-31,Bill Payment,Completed,40.0
7166,6,14,1013,5,2026-02-09,Bill Payment,Completed,60.0
7167,5,11,275,,2026-03-20,Accessory Sale,Completed,121.66
7168,9,20,1893,5,2025-06-02,Bill Payment,Refunded,-60.0
7169,5,11,347,2,2026-01-17,Bill Payment,Completed,40.0
7170,14,36,656,2,2025-10-29,Bill Payment,Completed,40.0
7171,8,18,995,3,2025-02-26,Bill Payment,Completed,45.0
7172,13,34,2355,5,2026-02-03,Bill Payment,Completed,60.0
7173,11,28,932,6,2025-08-03,Bill Payment,Completed,65.0
7174,18,50,1612,4,2025-05-13,Bill Payment,Voided,0.0
7175,17,48,279,3,2025-09-15,Bill Payment,Completed,45.0
7176,3,6,1153,5,2026-01-08,New Activation,Completed,68.07
7177,5,12,2135,5,2025-03-04,Bill Payment,Completed,60.0
7178,12,32,2418,,2025-09-24,Accessory Sale,Completed,145.15
7179,1,2,1753,,2026-02-02,Accessory Sale,Completed,72.31
7180,3,7,2218,2,2026-04-16,Bill Payment,Voided,0.0
7181,18,50,547,,2025-07-03,Accessory Sale,Voided,0.0
7182,12,32,315,6,2026-05-03,Bill Payment,Completed,65.0
7183,12,32,367,5,2025-09-17,Bill Payment,Voided,0.0
7184,13,33,262,5,2025-02-25,New Activation,Voided,0.0
7185,12,32,95,5,2026-02-17,Bill Payment,Voided,0.0
7186,7,15,1831,,2025-01-18,Accessory Sale,Completed,124.6
7187,11,27,2135,3,2025-08-29,New Activation,Completed,58.54
7188,16,44,2411,4,2025-10-10,Bill Payment,Completed,55.0
7189,6,14,2135,,2025-10-19,Accessory Sale,Refunded,-108.03
7190,11,29,567,4,2025-04-01,Plan Change,Refunded,-7.52
7191,6,13,1270,1,2025-06-05,Bill Payment,Completed,30.0
7192,16,44,1988,2,2025-04-11,Bill Payment,Completed,40.0
7193,14,38,364,1,2025-02-24,Bill Payment,Completed,30.0
7194,4,10,1172,4,2025-09-16,Plan Change,Completed,8.14
7195,8,17,895,3,2026-03-23,Bill Payment,Completed,45.0
7196,9,20,1192,6,2026-04-02,Bill Payment,Completed,65.0
7197,4,9,2476,4,2025-08-05,Bill Payment,Completed,55.0
7198,17,,1448,3,2025-07-10,Bill Payment,Completed,45.0
7199,6,13,1250,,2026-06-02,Accessory Sale,Completed,131.58
7200,14,37,1665,5,2025-04-27,New Activation,Completed,68.41
7201,5,11,525,2,2025-06-28,Upgrade,Completed,76.12
7202,14,36,1305,2,2025-11-23,Bill Payment,Completed,40.0
7203,5,11,1798,1,2025-10-15,Bill Payment,Completed,30.0
7204,3,7,150,3,2026-04-09,New Activation,Completed,55.31
7205,6,13,1659,,2026-04-22,Accessory Sale,Refunded,-76.72
7206,11,29,1142,2,2025-02-27,Bill Payment,Completed,40.0
7207,9,23,1643,1,2025-01-15,Plan Change,Completed,3.32
7208,9,20,2226,5,2026-06-22,Bill Payment,Completed,60.0
7209,4,10,2090,3,2026-03-27,Bill Payment,Completed,45.0
7210,18,49,2184,5,2025-10-28,Bill Payment,Completed,60.0
7211,17,48,632,,2025-05-11,Accessory Sale,Refunded,-108.98
7212,16,46,1105,4,2026-02-23,Bill Payment,Completed,55.0
7213,16,44,534,2,2025-07-27,Bill Payment,Completed,40.0
7214,12,32,240,6,2026-06-02,Plan Change,Completed,2.02
7215,15,40,1725,4,2025-12-28,Bill Payment,Completed,55.0
7216,16,45,989,1,2026-02-19,Bill Payment,Completed,30.0
7217,12,32,1125,4,2026-02-06,Bill Payment,Voided,0.0
7218,15,39,921,5,2025-10-28,Bill Payment,Completed,60.0
7219,8,18,442,,2025-01-02,Accessory Sale,Completed,107.89
7220,15,42,1501,,2025-06-23,Accessory Sale,Completed,75.38
7221,2,3,581,1,2025-06-24,Bill Payment,Completed,30.0
7222,11,27,682,4,2025-08-28,Bill Payment,Refunded,-55.0
7223,5,11,2060,6,2025-11-23,Bill Payment,Completed,65.0
7224,14,38,2213,4,2025-11-02,New Activation,Completed,68.16
7225,1,2,1697,5,2025-03-20,Bill Payment,Completed,60.0
7226,2,5,1038,,2025-08-27,Accessory Sale,Completed,142.99
7227,18,49,1886,1,2026-04-24,Upgrade,Voided,0.0
7228,3,8,2142,4,2026-02-11,Bill Payment,Completed,55.0
7229,5,11,502,2,2025-08-01,Bill Payment,Completed,40.0
7230,18,50,632,4,2025-01-24,Bill Payment,Completed,55.0
7231,18,49,2333,,2025-10-16,Accessory Sale,Voided,0.0
7232,1,2,1961,5,2025-02-21,Bill Payment,Refunded,-60.0
7233,10,25,1515,3,2025-06-17,Bill Payment,Voided,0.0
7234,1,1,1623,1,2026-01-19,New Activation,Completed,36.15
7235,17,,2186,1,2025-08-20,Bill Payment,Completed,30.0
7236,8,19,930,5,2025-02-23,Bill Payment,Completed,60.0
7237,8,19,1996,1,2025-06-22,Bill Payment,Completed,30.0
7238,4,9,2009,6,2026-06-30,Upgrade,Completed,87.68
7239,9,22,813,5,2026-05-08,Bill Payment,Completed,60.0
7240,11,27,662,,2026-02-07,Accessory Sale,Completed,142.99
7241,8,17,258,4,2025-09-22,New Activation,Completed,62.79
7242,11,27,2593,2,2025-04-29,Bill Payment,Completed,40.0
7243,14,38,2519,2,2025-02-24,Bill Payment,Completed,40.0
7244,16,43,2308,3,2025-12-01,New Activation,Refunded,-55.09
7245,16,43,2365,5,2025-04-06,Upgrade,Voided,0.0
7246,12,32,2229,1,2026-04-22,Upgrade,Refunded,-95.38
7247,4,,1536,3,2025-11-14,Bill Payment,Completed,45.0
7248,14,36,1985,2,2025-01-30,Bill Payment,Completed,40.0
7249,8,17,238,4,2025-01-01,Bill Payment,Completed,55.0
7250,5,11,103,2,2026-05-05,Bill Payment,Completed,40.0
7251,6,13,2273,2,2025-02-01,Bill Payment,Refunded,-40.0
7252,14,38,4,2,2026-04-15,Bill Payment,Completed,40.0
7253,11,29,2547,6,2026-06-18,New Activation,Completed,76.62
7254,18,50,547,4,2025-01-29,Bill Payment,Completed,55.0
7255,11,28,1970,5,2026-06-10,Bill Payment,Voided,0.0
7256,8,19,1389,3,2025-06-06,Bill Payment,Completed,45.0
7257,14,35,609,5,2025-11-17,Bill Payment,Completed,60.0
7258,8,18,1778,1,2025-06-07,Upgrade,Completed,76.97
7259,10,26,1849,5,2025-12-05,Bill Payment,Voided,0.0
7260,7,15,266,,2025-12-31,Accessory Sale,Completed,36.42
7261,3,8,1125,5,2025-10-29,Bill Payment,Completed,60.0
7262,12,31,1192,6,2025-07-24,Bill Payment,Voided,0.0
7263,8,18,65,3,2026-06-02,Bill Payment,Completed,45.0
7264,14,36,1890,2,2025-09-14,Bill Payment,Completed,40.0
7265,13,33,1718,5,2025-04-15,Upgrade,Voided,0.0
7266,12,32,1677,3,2026-02-24,Bill Payment,Voided,0.0
7267,14,35,1026,1,2026-03-07,New Activation,Refunded,-39.42
7268,4,9,88,4,2025-01-06,Bill Payment,Completed,55.0
7269,14,36,622,1,2026-01-15,New Activation,Completed,40.17
7270,7,16,125,4,2026-01-26,Bill Payment,Completed,55.0
7271,2,3,1322,5,2025-06-06,Bill Payment,Completed,60.0
7272,16,44,1755,,2026-03-13,Accessory Sale,Completed,98.32
7273,10,26,104,6,2026-03-22,Bill Payment,Refunded,-65.0
7274,18,50,508,4,2025-07-30,Plan Change,Voided,0.0
7275,3,6,909,6,2026-06-08,Bill Payment,Completed,65.0
7276,2,4,2338,1,2025-08-25,Bill Payment,Completed,30.0
7277,2,4,675,5,2025-02-19,New Activation,Completed,71.27
7278,11,30,1066,6,2025-02-15,Bill Payment,Refunded,-65.0
7279,2,3,1847,6,2025-12-07,Bill Payment,Refunded,-65.0
7280,17,48,2440,5,2025-10-13,Bill Payment,Completed,60.0
7281,3,6,2357,,2025-12-05,Accessory Sale,Completed,106.95
7282,16,44,2277,2,2025-07-30,Bill Payment,Completed,40.0
7283,8,18,835,1,2026-03-07,Bill Payment,Voided,0.0
7284,8,17,1912,3,2026-02-03,Bill Payment,Refunded,-45.0
7285,2,4,2485,,2026-02-24,Accessory Sale,Completed,24.13
7286,14,38,74,4,2025-05-19,Bill Payment,Completed,55.0
7287,14,38,651,1,2026-01-11,Bill Payment,Completed,30.0
7288,12,31,2160,,2025-08-19,Accessory Sale,Completed,70.3
7289,7,16,1278,6,2025-06-10,Bill Payment,Completed,65.0
7290,3,6,373,4,2025-07-31,Bill Payment,Completed,55.0
7291,12,31,1989,,2026-01-27,Accessory Sale,Refunded,-135.4
7292,10,26,2503,4,2026-04-21,Upgrade,Voided,0.0
7293,8,17,1347,2,2025-06-01,New Activation,Completed,45.02
7294,5,12,1421,4,2026-04-01,Bill Payment,Completed,55.0
7295,11,27,205,1,2026-03-05,Bill Payment,Completed,30.0
7296,10,25,1158,4,2026-02-27,Bill Payment,Refunded,-55.0
7297,12,32,911,5,2025-05-17,Bill Payment,Completed,60.0
7298,6,14,2131,,2025-03-13,Accessory Sale,Completed,13.98
7299,10,26,704,1,2025-04-16,Bill Payment,Completed,30.0
7300,2,5,1471,,2025-09-21,Accessory Sale,Completed,136.02
7301,4,10,80,5,2025-04-14,Bill Payment,Completed,60.0
7302,17,48,232,3,2026-05-01,Bill Payment,Completed,45.0
7303,14,,1238,1,2025-02-11,Plan Change,Completed,8.15
7304,11,29,1817,6,2025-06-08,Bill Payment,Completed,65.0
7305,2,5,2467,4,2025-03-29,Bill Payment,Completed,55.0
7306,8,17,1739,5,2026-06-11,Bill Payment,Completed,60.0
7307,14,36,1329,2,2025-12-18,New Activation,Completed,54.81
7308,14,38,2367,5,2026-05-29,Bill Payment,Voided,0.0
7309,5,11,1034,6,2026-04-07,Plan Change,Completed,6.41
7310,2,4,1512,1,2025-07-21,Bill Payment,Completed,30.0
7311,18,50,940,1,2025-07-31,Bill Payment,Refunded,-30.0
7312,6,14,514,1,2025-09-24,Bill Payment,Completed,30.0
7313,5,,2121,,2025-03-31,Accessory Sale,Completed,69.44
7314,8,17,596,3,2025-07-10,Bill Payment,Completed,45.0
7315,4,9,1711,2,2025-08-13,Bill Payment,Completed,40.0
7316,18,50,745,4,2025-03-08,Bill Payment,Completed,55.0
7317,6,,1764,6,2026-02-01,Bill Payment,Refunded,-65.0
7318,18,50,855,5,2025-09-20,Bill Payment,Completed,60.0
7319,7,15,23,2,2025-08-06,New Activation,Completed,51.91
7320,18,49,1765,,2026-04-21,Accessory Sale,Completed,91.25
7321,5,11,713,4,2026-06-21,Bill Payment,Completed,55.0
7322,14,35,960,5,2025-02-05,Bill Payment,Completed,60.0
7323,5,12,826,,2025-01-01,Accessory Sale,Completed,68.74
7324,13,34,1663,4,2026-05-07,Plan Change,Completed,6.55
7325,18,50,1260,3,2025-09-26,Bill Payment,Completed,45.0
7326,18,49,941,1,2026-01-09,Bill Payment,Voided,0.0
7327,6,13,704,3,2025-05-30,Bill Payment,Completed,45.0
7328,6,13,1836,2,2025-11-17,Bill Payment,Completed,40.0
7329,9,22,1835,5,2025-11-17,Bill Payment,Completed,60.0
7330,1,1,2120,1,2026-03-08,Bill Payment,Completed,30.0
7331,18,49,2162,4,2026-04-12,Bill Payment,Voided,0.0
7332,16,,2345,2,2025-03-18,Bill Payment,Completed,40.0
7333,15,42,2458,5,2025-04-10,New Activation,Completed,69.88
7334,5,11,742,1,2026-05-11,Bill Payment,Voided,0.0
7335,17,47,1561,,2025-10-12,Accessory Sale,Voided,0.0
7336,6,,806,1,2025-03-03,New Activation,Completed,38.07
7337,6,14,1066,,2025-04-10,Accessory Sale,Completed,51.78
7338,13,34,1790,5,2025-01-25,Upgrade,Completed,129.99
7339,5,12,2185,1,2026-04-22,Bill Payment,Completed,30.0
7340,9,21,829,6,2025-08-19,Bill Payment,Completed,65.0
7341,11,29,1402,3,2025-08-01,Upgrade,Voided,0.0
7342,13,34,902,1,2025-02-27,Bill Payment,Completed,30.0
7343,3,6,1905,1,2025-01-08,Bill Payment,Completed,30.0
7344,13,33,174,1,2026-04-20,Bill Payment,Completed,30.0
7345,3,7,1132,2,2026-04-28,New Activation,Completed,50.02
7346,16,43,647,5,2025-08-08,New Activation,Voided,0.0
7347,12,32,1181,5,2025-06-27,Upgrade,Completed,139.44
7348,3,8,1735,6,2026-04-28,Upgrade,Completed,137.05
7349,11,29,2515,3,2025-08-25,Bill Payment,Completed,45.0
7350,14,36,567,4,2025-07-11,Bill Payment,Completed,55.0
7351,5,11,549,6,2025-01-10,New Activation,Completed,75.07
7352,18,49,135,1,2025-05-13,Upgrade,Completed,103.5
7353,11,29,2547,6,2026-06-18,New Activation,Completed,76.62
7354,11,28,2559,,2026-03-11,Accessory Sale,Completed,49.83
7355,5,12,1249,4,2025-12-27,Bill Payment,Completed,55.0
7356,1,2,1505,,2026-03-16,Accessory Sale,Completed,113.56
7357,7,16,1518,6,2025-06-17,Bill Payment,Completed,65.0
7358,10,26,455,4,2025-10-26,Bill Payment,Completed,55.0
7359,11,30,1062,6,2026-02-08,Bill Payment,Completed,65.0
7360,14,37,1534,3,2025-09-21,Bill Payment,Completed,45.0
7361,11,29,1242,5,2025-02-02,Upgrade,Completed,110.1
7362,11,30,2245,1,2025-12-11,Bill Payment,Completed,30.0
7363,5,11,1774,6,2026-04-19,Plan Change,Completed,8.97
7364,3,7,68,3,2025-11-06,Bill Payment,Voided,0.0
7365,18,49,726,6,2026-03-13,Bill Payment,Completed,65.0
7366,13,34,7,2,2025-02-25,Bill Payment,Completed,40.0
7367,8,19,1389,6,2026-06-13,Bill Payment,Completed,65.0
7368,1,1,1857,6,2025-02-08,Bill Payment,Refunded,-65.0
7369,2,3,435,2,2026-04-16,Bill Payment,Completed,40.0
7370,11,27,1519,4,2025-08-26,New Activation,Completed,67.24
7371,12,31,2091,5,2025-03-23,Upgrade,Completed,112.35
7372,17,48,2226,4,2026-02-13,Bill Payment,Completed,55.0
7373,3,8,783,5,2025-07-06,New Activation,Completed,69.21
7374,2,4,2553,5,2026-01-03,Bill Payment,Completed,60.0
7375,17,47,265,3,2025-12-18,Bill Payment,Completed,45.0
7376,17,48,777,1,2026-03-07,Bill Payment,Completed,30.0
7377,8,17,1544,,2025-03-08,Accessory Sale,Completed,67.76
7378,14,37,2129,6,2025-04-20,Bill Payment,Completed,65.0
7379,8,,800,1,2025-06-27,Bill Payment,Completed,30.0
7380,8,18,1232,4,2025-01-01,New Activation,Completed,60.11
7381,8,17,1998,1,2025-09-08,Plan Change,Voided,0.0
7382,2,3,413,3,2026-06-20,Bill Payment,Completed,45.0
7383,17,48,786,4,2025-07-15,Bill Payment,Completed,55.0
7384,8,17,575,1,2025-04-25,New Activation,Completed,40.22
7385,1,2,1180,2,2025-02-04,New Activation,Completed,49.76
7386,12,31,1205,1,2026-01-09,Bill Payment,Completed,30.0
7387,11,27,1593,1,2025-11-25,New Activation,Completed,37.45
7388,3,8,114,3,2025-03-20,Plan Change,Completed,1.47
7389,14,38,2367,6,2025-10-18,Bill Payment,Completed,65.0
7390,2,5,1732,1,2026-01-09,Plan Change,Completed,7.51
7391,11,28,2374,5,2025-07-06,New Activation,Completed,72.03
7392,11,28,444,2,2025-07-19,Upgrade,Completed,77.67
7393,11,28,2129,4,2025-09-23,Bill Payment,Completed,55.0
7394,16,46,1498,6,2025-09-22,Bill Payment,Completed,65.0
7395,18,50,631,6,2026-06-18,Bill Payment,Completed,65.0
7396,14,37,1124,5,2025-06-13,Bill Payment,Completed,60.0
7397,16,,2047,2,2025-07-20,Bill Payment,Completed,40.0
7398,12,31,686,1,2025-01-27,Bill Payment,Completed,30.0
7399,11,27,749,3,2025-02-23,Bill Payment,Completed,45.0
7400,17,48,2324,6,2026-01-01,Bill Payment,Completed,65.0
7401,16,44,635,3,2025-01-10,Bill Payment,Completed,45.0
7402,15,40,818,4,2025-10-16,Bill Payment,Voided,0.0
7403,7,15,486,6,2025-09-24,Bill Payment,Completed,65.0
7404,14,38,2478,6,2025-11-24,Bill Payment,Completed,65.0
7405,11,29,1295,5,2025-02-24,Bill Payment,Voided,0.0
7406,17,48,2540,,2025-02-21,Accessory Sale,Completed,144.52
7407,5,12,1331,2,2025-06-23,Bill Payment,Refunded,-40.0
7408,17,47,1449,,2026-01-10,Accessory Sale,Refunded,-135.16
7409,17,,48,4,2025-01-28,Bill Payment,Completed,55.0
7410,13,34,1617,5,2026-01-08,Plan Change,Completed,0.42
7411,1,2,585,6,2025-11-09,Bill Payment,Completed,65.0
7412,4,9,232,2,2025-11-21,Bill Payment,Completed,40.0
7413,11,28,130,6,2025-09-21,Bill Payment,Completed,65.0
7414,10,24,1607,4,2026-06-01,Bill Payment,Voided,0.0
7415,18,49,1149,4,2025-12-29,Bill Payment,Refunded,-55.0
7416,2,3,1878,2,2026-04-19,Bill Payment,Completed,40.0
7417,15,39,2574,3,2025-11-03,Bill Payment,Completed,45.0
7418,5,11,625,4,2025-10-14,New Activation,Completed,68.13
7419,12,31,2088,,2025-12-29,Accessory Sale,Completed,127.62
7420,14,36,1737,,2025-01-31,Accessory Sale,Completed,101.12
7421,3,7,1806,,2026-01-31,Accessory Sale,Completed,18.01
7422,14,37,1374,,2025-03-18,Accessory Sale,Completed,81.79
7423,2,3,912,4,2025-04-11,Bill Payment,Completed,55.0
7424,13,33,1882,5,2025-03-05,Bill Payment,Completed,60.0
7425,5,12,777,2,2026-05-08,Upgrade,Completed,116.54
7426,15,42,2577,5,2026-06-25,Bill Payment,Completed,60.0
7427,8,18,402,6,2025-12-04,Bill Payment,Completed,65.0
7428,8,18,2330,3,2025-04-06,Bill Payment,Voided,0.0
7429,14,38,1775,1,2025-02-15,Bill Payment,Refunded,-30.0
7430,13,33,788,6,2025-12-02,New Activation,Completed,75.11
7431,16,43,35,1,2025-04-14,Upgrade,Completed,106.06
7432,1,2,1581,5,2025-11-24,Plan Change,Completed,1.82
7433,9,23,1833,,2025-12-30,Accessory Sale,Completed,97.96
7434,5,12,379,3,2026-01-14,Bill Payment,Refunded,-45.0
7435,17,48,2047,6,2026-03-16,Bill Payment,Completed,65.0
7436,14,38,1520,6,2025-06-03,New Activation,Completed,74.07
7437,10,24,1881,5,2026-02-19,Bill Payment,Completed,60.0
7438,6,14,172,1,2025-02-21,Bill Payment,Voided,0.0
7439,15,39,1854,2,2026-04-27,New Activation,Completed,45.46
7440,2,3,1593,6,2025-09-25,Bill Payment,Completed,65.0
7441,13,33,775,4,2026-04-25,New Activation,Completed,64.98
7442,10,24,1378,5,2025-12-23,Bill Payment,Voided,0.0
7443,7,15,915,5,2025-08-10,Bill Payment,Completed,60.0
7444,11,30,671,2,2025-10-07,Upgrade,Completed,110.04
7445,7,15,2087,4,2025-11-07,Bill Payment,Completed,55.0
7446,7,15,1763,6,2025-12-16,Bill Payment,Completed,65.0
7447,4,9,1475,5,2025-02-12,Bill Payment,Completed,60.0
7448,8,19,778,1,2026-03-22,Upgrade,Completed,98.46
7449,14,36,2023,5,2025-09-24,Bill Payment,Completed,60.0
7450,14,37,1297,3,2025-05-24,Plan Change,Completed,2.7
7451,2,5,2315,4,2025-04-11,Bill Payment,Completed,55.0
7452,14,35,1495,2,2025-03-25,Upgrade,Refunded,-80.55
7453,3,8,904,,2026-02-22,Accessory Sale,Completed,103.2
7454,2,5,744,1,2025-08-22,Bill Payment,Voided,0.0
7455,9,22,1299,5,2026-05-20,Bill Payment,Refunded,-60.0
7456,9,23,1622,4,2025-11-27,New Activation,Completed,60.24
7457,8,18,1779,4,2025-08-05,Bill Payment,Voided,0.0
7458,2,4,207,5,2025-02-27,Bill Payment,Completed,60.0
7459,5,12,384,2,2025-03-27,Plan Change,Completed,8.28
7460,8,17,2062,5,2025-01-10,Plan Change,Voided,0.0
7461,12,32,1253,1,2025-07-17,Bill Payment,Completed,30.0
7462,15,41,734,6,2026-05-15,Bill Payment,Completed,65.0
7463,1,2,108,3,2025-01-02,Bill Payment,Refunded,-45.0
7464,12,32,1772,6,2025-08-10,Bill Payment,Voided,0.0
7465,13,34,909,5,2026-06-30,Bill Payment,Completed,60.0
7466,15,41,1035,,2025-07-03,Accessory Sale,Completed,40.99
7467,16,44,2548,5,2025-03-11,Bill Payment,Completed,60.0
7468,12,31,1400,6,2026-04-29,Bill Payment,Completed,65.0
7469,3,6,2473,3,2026-05-30,Plan Change,Completed,7.92
7470,15,41,2211,2,2026-05-09,Bill Payment,Completed,40.0
7471,18,49,157,2,2025-05-18,Upgrade,Completed,60.17
7472,18,49,2329,2,2025-11-09,Bill Payment,Completed,40.0
7473,2,3,344,,2026-02-16,Accessory Sale,Completed,60.73
7474,6,14,1888,4,2025-02-19,Bill Payment,Completed,55.0
7475,11,28,2306,1,2026-05-21,Plan Change,Completed,9.81
7476,16,46,1006,2,2026-02-11,Bill Payment,Completed,40.0
7477,3,6,1930,2,2025-11-08,Bill Payment,Completed,40.0
7478,8,19,1608,3,2025-02-13,Bill Payment,Completed,45.0
7479,3,7,228,,2025-06-28,Accessory Sale,Completed,93.42
7480,18,50,2018,6,2025-03-10,New Activation,Voided,0.0
7481,14,36,2551,,2025-12-04,Accessory Sale,Completed,20.1
7482,4,9,1878,4,2025-10-14,New Activation,Completed,64.91
7483,16,46,2160,2,2025-04-16,Bill Payment,Completed,40.0
7484,8,19,534,6,2025-01-01,Bill Payment,Completed,65.0
7485,1,2,2472,4,2026-03-06,Bill Payment,Completed,55.0
7486,7,16,887,5,2025-01-30,Upgrade,Completed,138.82
7487,10,26,493,5,2026-01-09,Bill Payment,Completed,60.0
7488,12,31,1333,6,2025-09-15,Plan Change,Completed,9.6
7489,12,32,2385,4,2025-09-03,New Activation,Completed,62.92
7490,2,5,713,2,2025-05-01,Bill Payment,Completed,40.0
7491,5,11,1550,,2026-05-16,Accessory Sale,Completed,76.27
7492,13,33,1262,,2025-09-08,Accessory Sale,Completed,111.46
7493,5,12,1225,2,2025-04-24,Bill Payment,Completed,40.0
7494,2,4,1829,,2026-04-23,Accessory Sale,Refunded,-102.88
7495,8,19,1713,5,2025-04-07,New Activation,Completed,68.48
7496,6,13,1452,2,2026-04-07,Bill Payment,Completed,40.0
7497,11,28,1189,2,2025-06-07,Bill Payment,Completed,40.0
7498,18,50,1599,4,2026-05-26,Bill Payment,Completed,55.0
7499,4,9,936,4,2025-01-12,Bill Payment,Completed,55.0
7500,8,,662,5,2025-10-12,Bill Payment,Refunded,-60.0
7501,6,13,1055,5,2025-08-18,Upgrade,Completed,116.47
7502,8,18,1098,4,2025-08-19,New Activation,Completed,68.5
7503,9,20,992,3,2025-03-10,Bill Payment,Completed,45.0
7504,18,50,1526,2,2025-07-04,Upgrade,Completed,89.23
7505,7,15,2458,5,2025-04-09,Upgrade,Refunded,-110.05
7506,17,48,2582,4,2025-03-15,Plan Change,Completed,0.83
7507,16,45,1282,3,2025-08-18,Upgrade,Refunded,-73.6
7508,6,13,2232,1,2026-03-12,Bill Payment,Completed,30.0
7509,3,8,97,6,2025-10-27,New Activation,Voided,0.0
7510,16,46,988,,2025-02-25,Accessory Sale,Completed,39.46
7511,1,,1456,3,2026-04-09,New Activation,Completed,56.49
7512,14,36,2218,6,2026-06-28,Upgrade,Completed,111.23
7513,8,17,2305,5,2025-06-11,Bill Payment,Refunded,-60.0
7514,8,18,1004,2,2025-01-07,Bill Payment,Voided,0.0
7515,13,33,1508,,2026-03-17,Accessory Sale,Completed,43.74
7516,6,13,1347,,2025-04-10,Accessory Sale,Completed,88.43
7517,3,8,750,1,2026-01-02,Bill Payment,Voided,0.0
7518,14,37,169,5,2025-09-18,Plan Change,Completed,2.43
7519,5,,108,2,2025-04-06,Upgrade,Completed,75.21
7520,6,14,660,1,2025-04-29,Bill Payment,Completed,30.0
7521,4,9,1283,1,2026-05-26,New Activation,Voided,0.0
7522,15,39,1607,1,2026-02-26,New Activation,Completed,36.17
7523,4,10,406,6,2026-05-02,Upgrade,Completed,117.48
7524,7,16,766,1,2025-02-27,Bill Payment,Refunded,-30.0
7525,13,34,505,1,2025-09-18,Upgrade,Refunded,-84.64
7526,2,4,1991,1,2025-06-04,Plan Change,Completed,0.28
7527,8,18,2072,2,2025-02-16,Upgrade,Refunded,-67.58
7528,4,10,1844,6,2025-04-15,New Activation,Completed,70.22
7529,4,,1216,2,2025-02-08,Upgrade,Refunded,-65.79
7530,13,,1292,,2025-11-11,Accessory Sale,Voided,0.0
7531,18,49,2600,1,2026-05-16,Bill Payment,Completed,30.0
7532,4,10,1823,6,2025-08-21,Bill Payment,Completed,65.0
7533,14,35,1868,1,2025-01-26,Bill Payment,Completed,30.0
7534,15,42,170,5,2025-10-15,Bill Payment,Completed,60.0
7535,4,9,142,1,2026-04-18,Bill Payment,Completed,30.0
7536,9,20,2235,6,2026-01-01,New Activation,Completed,73.97
7537,14,35,514,2,2025-01-20,Upgrade,Voided,0.0
7538,11,29,1786,5,2026-06-03,Bill Payment,Completed,60.0
7539,14,35,654,5,2025-10-18,New Activation,Refunded,-67.98
7540,2,,493,2,2025-06-21,Bill Payment,Completed,40.0
7541,18,49,560,4,2025-08-18,Bill Payment,Completed,55.0
7542,14,36,2114,,2025-01-24,Accessory Sale,Refunded,-16.14
7543,15,42,314,,2026-06-20,Accessory Sale,Voided,0.0
7544,3,7,131,3,2025-01-08,Bill Payment,Voided,0.0
7545,11,27,2419,1,2026-01-27,Bill Payment,Completed,30.0
7546,6,13,673,4,2025-07-08,Bill Payment,Completed,55.0
7547,3,6,1212,4,2026-06-07,New Activation,Completed,64.51
7548,17,47,190,4,2025-08-06,Bill Payment,Completed,55.0
7549,2,3,1002,5,2025-04-20,Bill Payment,Completed,60.0
7550,2,4,1036,3,2025-11-26,New Activation,Completed,57.42
7551,18,50,831,3,2025-10-15,Bill Payment,Completed,45.0
7552,3,7,1601,1,2025-11-26,Upgrade,Completed,104.08
7553,10,25,582,3,2025-07-10,Bill Payment,Completed,45.0
7554,10,25,1274,6,2026-02-02,Upgrade,Completed,115.31
7555,3,,2551,2,2025-06-12,Bill Payment,Completed,40.0
7556,3,7,2415,,2025-09-16,Accessory Sale,Refunded,-39.04
7557,11,27,1699,3,2025-01-09,Bill Payment,Completed,45.0
7558,13,33,1669,3,2025-10-29,Bill Payment,Completed,45.0
7559,9,20,1965,6,2025-11-08,Bill Payment,Refunded,-65.0
7560,14,37,335,6,2025-12-14,Bill Payment,Completed,65.0
7561,15,40,1847,,2025-01-18,Accessory Sale,Voided,0.0
7562,18,50,1467,1,2025-09-19,Bill Payment,Completed,30.0
7563,8,19,1027,5,2026-04-09,Bill Payment,Completed,60.0
7564,18,49,789,6,2025-11-15,Bill Payment,Refunded,-65.0
7565,5,11,2112,1,2025-09-24,New Activation,Refunded,-40.96
7566,4,10,2102,,2025-11-17,Accessory Sale,Completed,89.4
7567,13,33,4,2,2025-03-21,Plan Change,Completed,0.37
7568,2,3,620,4,2025-10-20,Bill Payment,Completed,55.0
7569,3,8,1745,3,2025-11-08,Bill Payment,Completed,45.0
7570,1,1,2134,2,2025-07-24,Bill Payment,Completed,40.0
7571,8,,1285,5,2025-08-17,Upgrade,Completed,134.78
7572,3,8,1595,4,2025-06-23,New Activation,Completed,68.78
7573,10,25,564,5,2025-12-29,Bill Payment,Voided,0.0
7574,12,32,1391,6,2025-10-08,Bill Payment,Completed,65.0
7575,5,,1996,,2026-05-19,Accessory Sale,Voided,0.0
7576,16,45,1562,2,2025-08-24,Bill Payment,Completed,40.0
7577,13,34,1874,6,2026-05-16,Bill Payment,Completed,65.0
7578,12,32,1030,,2025-09-15,Accessory Sale,Refunded,-29.03
7579,4,10,436,4,2025-05-07,Bill Payment,Completed,55.0
7580,8,18,2307,4,2025-05-20,Bill Payment,Completed,55.0
7581,8,18,79,6,2026-06-04,Upgrade,Refunded,-141.55
7582,12,,1191,3,2025-08-29,New Activation,Refunded,-50.66
7583,7,15,65,3,2026-01-28,Bill Payment,Completed,45.0
7584,10,26,2587,2,2026-06-21,Bill Payment,Completed,40.0
7585,16,45,2417,,2025-02-19,Accessory Sale,Completed,134.86
7586,7,15,1342,2,2026-06-18,Bill Payment,Completed,40.0
7587,10,24,671,6,2026-03-11,Bill Payment,Completed,65.0
7588,10,26,2384,2,2026-04-04,Bill Payment,Completed,40.0
7589,1,1,1743,5,2025-07-22,Bill Payment,Completed,60.0
7590,13,34,1619,3,2026-01-21,Bill Payment,Completed,45.0
7591,17,48,939,,2026-03-31,Accessory Sale,Completed,80.51
7592,12,31,2014,4,2026-03-14,Bill Payment,Completed,55.0
7593,14,,2186,3,2026-06-16,Plan Change,Voided,0.0
7594,13,33,1110,5,2026-04-09,Bill Payment,Completed,60.0
7595,6,14,460,3,2025-10-07,Bill Payment,Completed,45.0
7596,18,49,433,4,2025-05-08,Bill Payment,Completed,55.0
7597,6,,1992,,2026-04-25,Accessory Sale,Completed,33.99
7598,16,43,2087,5,2025-10-30,Plan Change,Completed,1.73
7599,17,47,596,1,2025-06-20,Upgrade,Voided,0.0
7600,3,7,397,5,2025-10-20,Bill Payment,Completed,60.0
7601,7,16,469,1,2025-02-14,Bill Payment,Completed,30.0
7602,17,48,1860,5,2026-02-18,Bill Payment,Completed,60.0
7603,8,17,436,3,2026-06-23,New Activation,Completed,58.12
7604,1,,874,1,2025-02-17,Bill Payment,Completed,30.0
7605,16,43,2029,1,2025-11-24,Plan Change,Completed,0.45
7606,12,32,1738,1,2025-12-20,Plan Change,Completed,1.27
7607,12,31,1492,1,2026-05-16,Bill Payment,Completed,30.0
7608,3,7,2417,6,2025-12-20,Bill Payment,Voided,0.0
7609,10,26,2162,6,2026-03-05,Bill Payment,Completed,65.0
7610,8,18,2226,1,2025-04-14,Bill Payment,Completed,30.0
7611,14,35,1728,2,2025-02-02,Bill Payment,Completed,40.0
7612,8,19,690,5,2025-08-14,Bill Payment,Completed,60.0
7613,8,19,766,,2026-03-29,Accessory Sale,Refunded,-101.53
7614,16,43,2412,1,2025-09-24,Bill Payment,Voided,0.0
7615,5,12,2180,1,2025-07-12,New Activation,Completed,44.18
7616,12,32,1107,6,2025-11-15,New Activation,Completed,71.24
7617,18,49,1379,1,2026-05-19,Bill Payment,Refunded,-30.0
7618,5,11,1423,5,2025-12-15,Upgrade,Completed,118.02
7619,6,14,2187,,2025-02-11,Accessory Sale,Completed,80.99
7620,15,41,1100,5,2025-02-20,Upgrade,Refunded,-92.21
7621,5,12,903,3,2026-02-12,Bill Payment,Completed,45.0
7622,15,42,1983,4,2025-09-03,Plan Change,Completed,4.83
7623,3,6,720,2,2025-10-15,Bill Payment,Completed,40.0
7624,14,37,888,1,2026-06-30,Bill Payment,Completed,30.0
7625,8,,746,2,2025-03-23,Bill Payment,Completed,40.0
7626,6,14,1422,2,2026-02-17,Bill Payment,Voided,0.0
7627,6,14,736,3,2025-03-25,Bill Payment,Completed,45.0
7628,6,13,649,4,2025-02-25,Bill Payment,Completed,55.0
7629,6,13,1991,1,2025-10-16,Plan Change,Completed,1.41
7630,18,49,2385,2,2025-04-29,Bill Payment,Completed,40.0
7631,3,6,345,1,2025-02-16,Bill Payment,Completed,30.0
7632,4,9,2350,4,2025-06-09,Upgrade,Completed,81.21
7633,13,33,344,,2025-09-03,Accessory Sale,Completed,59.2
7634,17,47,188,,2026-01-08,Accessory Sale,Completed,117.73
7635,13,34,2138,6,2025-03-08,Bill Payment,Completed,65.0
7636,2,3,2464,5,2025-11-25,Bill Payment,Completed,60.0
7637,6,13,1767,3,2025-09-19,New Activation,Completed,55.15
7638,8,18,1684,6,2026-04-14,Bill Payment,Completed,65.0
7639,2,5,1531,4,2025-09-03,Bill Payment,Completed,55.0
7640,15,40,336,2,2026-04-02,Bill Payment,Completed,40.0
7641,11,27,1666,5,2025-08-07,Bill Payment,Voided,0.0
7642,10,24,1144,6,2026-04-07,Bill Payment,Completed,65.0
7643,13,33,111,3,2026-02-01,Upgrade,Completed,94.83
7644,8,19,2359,5,2025-09-03,New Activation,Refunded,-68.23
7645,11,27,771,,2026-06-12,Accessory Sale,Completed,62.23
7646,12,31,1066,6,2025-07-13,Bill Payment,Refunded,-65.0
7647,6,13,568,,2025-03-04,Accessory Sale,Completed,12.18
7648,7,15,563,1,2025-10-26,Bill Payment,Completed,30.0
7649,6,13,2144,5,2025-03-19,Bill Payment,Completed,60.0
7650,17,48,321,4,2025-03-22,Bill Payment,Completed,55.0
7651,16,45,1518,5,2026-03-15,Bill Payment,Completed,60.0
7652,14,35,1827,1,2026-03-17,New Activation,Completed,38.18
7653,12,31,2180,,2025-09-13,Accessory Sale,Completed,130.08
7654,2,3,475,1,2025-08-31,Bill Payment,Refunded,-30.0
7655,6,13,624,3,2026-02-06,New Activation,Completed,57.69
7656,9,23,1641,5,2025-04-07,Bill Payment,Completed,60.0
7657,4,10,1252,4,2025-12-18,Bill Payment,Completed,55.0
7658,4,10,1780,,2025-03-09,Accessory Sale,Refunded,-30.62
7659,5,11,552,2,2025-04-04,Bill Payment,Completed,40.0
7660,2,4,1957,5,2025-11-28,Bill Payment,Voided,0.0
7661,4,10,2266,6,2025-06-08,Plan Change,Completed,7.94
7662,8,18,1446,5,2026-01-18,Bill Payment,Completed,60.0
7663,4,10,631,6,2025-04-29,Plan Change,Completed,7.0
7664,8,19,1937,5,2025-09-30,Upgrade,Completed,87.84
7665,14,36,1734,3,2025-01-26,Bill Payment,Completed,45.0
7666,17,48,202,5,2025-05-06,Bill Payment,Completed,60.0
7667,14,37,521,,2025-10-03,Accessory Sale,Completed,68.78
7668,11,,1255,6,2026-06-12,New Activation,Voided,0.0
7669,16,43,1844,6,2025-12-17,Upgrade,Voided,0.0
7670,13,33,1502,5,2025-05-23,New Activation,Completed,69.08
7671,10,24,2586,6,2025-03-26,Bill Payment,Completed,65.0
7672,4,10,2304,,2025-09-25,Accessory Sale,Completed,69.23
7673,12,31,1836,6,2025-05-10,Bill Payment,Completed,65.0
7674,12,32,1551,5,2025-11-08,Bill Payment,Voided,0.0
7675,17,47,235,5,2025-10-25,Bill Payment,Refunded,-60.0
7676,14,,793,6,2026-03-06,Upgrade,Completed,130.85
7677,4,10,634,,2025-04-02,Accessory Sale,Completed,55.45
7678,18,50,261,6,2025-03-19,Bill Payment,Completed,65.0
7679,6,14,184,,2025-10-30,Accessory Sale,Voided,0.0
7680,9,,1937,3,2026-02-08,Bill Payment,Completed,45.0
7681,5,12,1036,1,2025-01-02,New Activation,Completed,39.36
7682,6,14,2044,6,2025-12-21,Plan Change,Completed,3.9
7683,12,32,1829,2,2026-04-29,Upgrade,Completed,87.93
7684,16,43,1421,2,2025-11-25,Bill Payment,Completed,40.0
7685,11,27,942,1,2025-07-18,Bill Payment,Refunded,-30.0
7686,11,27,557,4,2025-02-13,New Activation,Completed,66.78
7687,16,43,1641,,2025-02-12,Accessory Sale,Completed,19.78
7688,15,40,229,3,2026-05-21,Bill Payment,Completed,45.0
7689,5,12,829,1,2025-01-05,New Activation,Voided,0.0
7690,9,23,2148,,2025-12-25,Accessory Sale,Completed,59.98
7691,11,29,93,3,2025-10-18,New Activation,Voided,0.0
7692,7,16,357,,2026-04-06,Accessory Sale,Completed,38.29
7693,7,15,239,5,2026-03-03,Bill Payment,Completed,60.0
7694,12,32,68,5,2025-04-28,Bill Payment,Completed,60.0
7695,3,7,529,1,2025-06-19,New Activation,Completed,42.43
7696,14,38,1479,2,2025-07-11,Upgrade,Refunded,-65.3
7697,16,,1507,,2025-05-17,Accessory Sale,Completed,101.21
7698,16,46,2207,6,2025-09-02,Plan Change,Completed,8.02
7699,16,46,759,,2026-01-22,Accessory Sale,Completed,27.19
7700,1,1,326,3,2026-03-04,Bill Payment,Completed,45.0
7701,16,43,1282,2,2026-05-07,Bill Payment,Completed,40.0
7702,3,7,574,1,2026-04-08,Upgrade,Completed,98.41
7703,2,4,1611,6,2026-04-25,Plan Change,Refunded,-8.44
7704,6,13,2583,6,2026-03-24,Bill Payment,Completed,65.0
7705,6,13,139,1,2026-06-12,New Activation,Completed,41.71
7706,14,38,438,6,2025-08-09,New Activation,Completed,74.8
7707,3,7,1154,4,2026-02-16,Bill Payment,Completed,55.0
7708,16,46,809,4,2025-04-19,Bill Payment,Completed,55.0
7709,2,5,1845,2,2025-02-08,Bill Payment,Completed,40.0
7710,11,29,267,3,2026-05-28,Bill Payment,Completed,45.0
7711,7,16,1843,2,2025-11-29,Bill Payment,Completed,40.0
7712,2,5,1000,6,2025-05-07,Bill Payment,Voided,0.0
7713,5,12,1367,2,2025-09-27,Bill Payment,Completed,40.0
7714,13,34,2395,3,2025-06-01,Bill Payment,Completed,45.0
7715,7,15,2403,2,2025-07-27,Bill Payment,Refunded,-40.0
7716,13,34,811,2,2026-06-26,Bill Payment,Completed,40.0
7717,6,14,1241,2,2025-04-18,Bill Payment,Completed,40.0
7718,7,15,196,3,2025-01-27,Bill Payment,Completed,45.0
7719,14,38,2282,1,2025-12-14,New Activation,Completed,36.37
7720,7,16,2034,5,2026-05-17,Bill Payment,Completed,60.0
7721,12,31,1021,5,2026-05-31,Bill Payment,Completed,60.0
7722,5,,2584,6,2025-01-06,Plan Change,Refunded,-2.85
7723,5,12,523,2,2025-05-17,New Activation,Completed,54.08
7724,5,11,1025,6,2026-06-01,Plan Change,Completed,1.11
7725,2,4,454,4,2025-12-28,Bill Payment,Completed,55.0
7726,13,34,2263,1,2025-05-16,Upgrade,Completed,104.8
7727,5,12,80,2,2026-04-25,New Activation,Refunded,-53.04
7728,12,32,186,2,2026-05-18,New Activation,Completed,52.54
7729,3,7,756,,2026-03-17,Accessory Sale,Completed,59.16
7730,1,2,1722,5,2025-09-10,New Activation,Completed,69.6
7731,11,29,2582,6,2025-05-08,Upgrade,Completed,111.31
7732,6,13,1726,6,2025-06-16,Bill Payment,Completed,65.0
7733,8,18,386,6,2025-06-21,Bill Payment,Completed,65.0
7734,18,50,512,,2026-02-27,Accessory Sale,Completed,127.48
7735,13,34,655,5,2025-12-06,Bill Payment,Completed,60.0
7736,8,,1679,3,2025-04-18,New Activation,Completed,52.69
7737,8,17,180,2,2026-06-22,Bill Payment,Completed,40.0
7738,11,28,739,4,2025-05-13,New Activation,Completed,68.09
7739,17,48,1915,1,2025-06-18,New Activation,Completed,42.46
7740,8,17,263,6,2025-06-02,Bill Payment,Refunded,-65.0
7741,5,12,587,6,2026-01-29,New Activation,Voided,0.0
7742,2,4,1484,3,2025-04-19,New Activation,Completed,50.48
7743,10,26,2232,3,2025-10-23,Bill Payment,Completed,45.0
7744,7,16,676,,2025-08-29,Accessory Sale,Completed,93.07
7745,6,13,2544,5,2026-06-20,Plan Change,Completed,9.19
7746,15,40,235,2,2025-03-12,Bill Payment,Completed,40.0
7747,3,6,424,1,2025-09-28,New Activation,Completed,42.89
7748,8,17,303,2,2025-06-17,Bill Payment,Completed,40.0
7749,16,45,322,,2026-03-05,Accessory Sale,Voided,0.0
7750,5,12,814,5,2026-03-13,Bill Payment,Completed,60.0
7751,6,14,1137,4,2025-09-29,Bill Payment,Completed,55.0
7752,8,,2261,3,2025-12-30,Bill Payment,Completed,45.0
7753,15,42,1714,6,2025-04-14,Bill Payment,Completed,65.0
7754,15,40,752,3,2026-02-04,Bill Payment,Completed,45.0
7755,5,11,2355,4,2025-12-31,Bill Payment,Completed,55.0
7756,9,21,537,6,2025-09-18,New Activation,Completed,74.25
7757,16,43,439,5,2025-08-21,Upgrade,Refunded,-89.54
7758,6,14,1055,2,2026-01-15,Bill Payment,Completed,40.0
7759,16,43,1919,,2025-01-12,Accessory Sale,Completed,94.93
7760,11,29,345,3,2026-03-07,Bill Payment,Completed,45.0
7761,3,7,1837,,2025-06-18,Accessory Sale,Completed,12.56
7762,11,28,1311,,2025-03-08,Accessory Sale,Completed,52.0
7763,16,46,1497,,2026-06-23,Accessory Sale,Completed,11.3
7764,16,46,973,2,2026-03-08,Bill Payment,Completed,40.0
7765,16,45,1253,3,2025-02-03,New Activation,Completed,53.86
7766,2,3,609,,2025-04-20,Accessory Sale,Voided,0.0
7767,17,47,103,2,2025-05-06,Bill Payment,Voided,0.0
7768,9,22,664,1,2025-10-12,Bill Payment,Completed,30.0
7769,11,29,1991,2,2025-09-07,Bill Payment,Voided,0.0
7770,11,30,206,6,2026-03-22,Bill Payment,Completed,65.0
7771,6,14,1230,6,2026-06-28,Bill Payment,Completed,65.0
7772,13,34,2462,4,2026-01-24,Bill Payment,Refunded,-55.0
7773,8,19,781,,2025-09-26,Accessory Sale,Refunded,-30.67
7774,4,9,1852,,2025-07-11,Accessory Sale,Completed,144.88
7775,10,26,550,6,2025-03-18,Upgrade,Completed,121.67
7776,9,22,2277,6,2025-04-08,Bill Payment,Completed,65.0
7777,11,28,134,6,2025-06-26,Bill Payment,Voided,0.0
7778,14,38,1612,6,2026-03-12,Bill Payment,Voided,0.0
7779,11,27,2206,1,2025-08-05,Bill Payment,Refunded,-30.0
7780,10,26,664,1,2025-12-18,Bill Payment,Completed,30.0
7781,5,12,95,5,2026-02-28,Bill Payment,Refunded,-60.0
7782,18,49,1207,,2026-02-04,Accessory Sale,Completed,89.69
7783,6,13,220,3,2026-04-19,Upgrade,Completed,121.26
7784,7,16,2117,6,2026-06-16,New Activation,Completed,72.46
7785,8,17,1924,5,2025-12-20,Bill Payment,Voided,0.0
7786,12,32,461,1,2025-08-13,New Activation,Completed,40.09
7787,17,47,1663,5,2025-04-19,Bill Payment,Completed,60.0
7788,7,15,189,6,2025-11-27,New Activation,Completed,74.7
7789,3,7,697,1,2025-11-20,Bill Payment,Completed,30.0
7790,17,47,1717,2,2025-12-24,Bill Payment,Completed,40.0
7791,2,5,2266,,2025-03-05,Accessory Sale,Completed,44.15
7792,16,43,2422,,2025-06-14,Accessory Sale,Completed,146.3
7793,18,50,264,2,2026-05-22,New Activation,Completed,52.94
7794,9,20,2262,1,2025-12-03,Bill Payment,Completed,30.0
7795,18,49,459,2,2025-05-25,Bill Payment,Completed,40.0
7796,18,49,1651,3,2026-04-29,Bill Payment,Completed,45.0
7797,7,15,60,5,2026-02-26,Plan Change,Completed,6.69
7798,11,29,2251,3,2025-10-10,Plan Change,Completed,8.8
7799,8,19,78,6,2026-02-16,Plan Change,Completed,7.66
7800,7,15,1348,4,2025-07-17,New Activation,Completed,64.66
7801,18,49,1893,1,2025-10-16,Bill Payment,Completed,30.0
7802,12,,2534,3,2026-04-07,Bill Payment,Completed,45.0
7803,16,44,2551,4,2026-02-18,Bill Payment,Voided,0.0
7804,7,15,847,1,2025-12-10,Plan Change,Completed,6.3
7805,8,18,617,1,2026-01-06,Bill Payment,Completed,30.0
7806,3,8,246,5,2025-03-08,Bill Payment,Completed,60.0
7807,18,50,185,3,2025-12-12,Bill Payment,Completed,45.0
7808,1,2,920,6,2026-03-16,Bill Payment,Completed,65.0
7809,15,41,658,6,2025-10-14,Upgrade,Completed,124.57
7810,5,12,2369,1,2026-05-04,Bill Payment,Refunded,-30.0
7811,14,38,710,1,2025-07-27,Bill Payment,Completed,30.0
7812,14,37,155,,2026-03-29,Accessory Sale,Completed,124.14
7813,8,19,301,4,2025-10-22,Bill Payment,Completed,55.0
7814,14,38,833,5,2025-08-08,Upgrade,Completed,104.21
7815,13,33,1635,1,2025-11-28,Bill Payment,Completed,30.0
7816,13,34,1794,4,2025-06-28,Bill Payment,Completed,55.0
7817,6,13,665,2,2026-05-20,Bill Payment,Completed,40.0
7818,6,14,452,6,2026-03-21,Bill Payment,Completed,65.0
7819,11,27,1636,2,2026-01-09,Bill Payment,Completed,40.0
7820,6,13,2258,,2025-01-18,Accessory Sale,Completed,17.69
7821,11,27,338,2,2025-07-01,Bill Payment,Refunded,-40.0
7822,14,36,1042,,2025-06-12,Accessory Sale,Refunded,-105.09
7823,6,14,2123,2,2025-06-28,New Activation,Completed,46.8
7824,5,12,967,2,2025-04-22,Bill Payment,Completed,40.0
7825,6,14,2576,2,2025-02-20,Bill Payment,Completed,40.0
7826,8,17,1826,3,2025-04-18,Upgrade,Completed,100.58
7827,16,43,2589,2,2025-01-18,Upgrade,Completed,76.5
7828,3,7,1451,1,2026-01-05,Bill Payment,Completed,30.0
7829,8,18,192,1,2025-01-23,Bill Payment,Completed,30.0
7830,11,29,1246,6,2026-01-25,Bill Payment,Completed,65.0
7831,10,25,2040,5,2026-04-14,Plan Change,Completed,8.51
7832,6,13,1364,6,2025-06-29,Bill Payment,Completed,65.0
7833,5,12,1208,1,2025-12-04,Bill Payment,Completed,30.0
7834,9,21,2099,1,2025-07-28,Bill Payment,Completed,30.0
7835,4,9,1030,1,2025-11-03,Bill Payment,Completed,30.0
7836,14,36,1796,6,2025-01-01,Bill Payment,Refunded,-65.0
7837,16,44,575,2,2025-10-29,Bill Payment,Completed,40.0
7838,8,18,1674,6,2025-01-14,Bill Payment,Refunded,-65.0
7839,5,11,451,2,2025-02-12,Bill Payment,Completed,40.0
7840,8,19,624,6,2026-05-11,Bill Payment,Completed,65.0
7841,3,6,646,5,2026-02-22,Bill Payment,Completed,60.0
7842,15,,791,4,2026-03-25,New Activation,Completed,61.91
7843,11,30,251,4,2025-05-17,Upgrade,Refunded,-130.05
7844,6,14,1708,3,2026-06-13,Bill Payment,Completed,45.0
7845,18,50,2435,4,2026-01-12,Bill Payment,Completed,55.0
7846,13,34,624,2,2025-12-02,Bill Payment,Completed,40.0
7847,12,32,2412,,2025-07-19,Accessory Sale,Completed,23.66
7848,9,22,1438,4,2026-03-25,Bill Payment,Completed,55.0
7849,15,42,633,5,2025-06-23,Bill Payment,Refunded,-60.0
7850,11,29,2530,4,2026-03-17,Bill Payment,Completed,55.0
7851,2,5,1674,1,2026-01-22,Bill Payment,Completed,30.0
7852,9,22,161,1,2026-03-14,Bill Payment,Completed,30.0
7853,6,14,706,1,2026-01-03,Plan Change,Completed,0.07
7854,8,18,605,2,2026-01-13,Bill Payment,Completed,40.0
7855,11,28,1477,6,2025-11-24,Bill Payment,Completed,65.0
7856,3,6,625,,2025-09-18,Accessory Sale,Completed,137.14
7857,18,50,388,1,2026-02-20,Upgrade,Completed,73.31
7858,1,1,1559,5,2025-03-21,Bill Payment,Completed,60.0
7859,5,11,1087,1,2025-11-06,Bill Payment,Completed,30.0
7860,2,5,635,2,2026-03-03,Bill Payment,Completed,40.0
7861,7,16,808,1,2025-02-18,New Activation,Voided,0.0
7862,4,9,496,3,2026-05-22,Bill Payment,Completed,45.0
7863,5,12,317,3,2025-12-31,Bill Payment,Refunded,-45.0
7864,14,,1445,4,2026-01-09,Bill Payment,Completed,55.0
7865,3,8,84,,2025-08-20,Accessory Sale,Completed,44.36
7866,13,34,1720,1,2025-03-28,New Activation,Voided,0.0
7867,6,13,544,3,2025-12-26,Bill Payment,Completed,45.0
7868,1,2,1191,,2025-12-05,Accessory Sale,Completed,51.94
7869,14,35,1259,,2025-08-11,Accessory Sale,Completed,120.68
7870,11,28,1877,2,2025-02-17,New Activation,Completed,47.5
7871,11,27,1067,3,2025-05-17,Bill Payment,Completed,45.0
7872,16,43,22,,2025-03-10,Accessory Sale,Completed,149.67
7873,17,47,1797,1,2025-09-22,Bill Payment,Completed,30.0
7874,13,33,444,5,2025-09-07,Plan Change,Completed,3.77
7875,8,17,1726,6,2025-01-29,Bill Payment,Completed,65.0
7876,8,18,392,4,2026-03-06,Upgrade,Refunded,-111.37
7877,17,47,1783,5,2025-02-01,Bill Payment,Completed,60.0
7878,15,39,958,2,2026-01-25,Bill Payment,Completed,40.0
7879,5,12,168,3,2025-09-02,Bill Payment,Refunded,-45.0
7880,18,49,2436,,2026-04-06,Accessory Sale,Completed,88.8
7881,2,5,999,1,2026-04-28,Bill Payment,Completed,30.0
7882,16,43,1211,,2025-05-06,Accessory Sale,Voided,0.0
7883,5,11,2533,5,2026-03-19,New Activation,Completed,71.93
7884,18,49,693,3,2025-05-25,Bill Payment,Completed,45.0
7885,14,35,743,4,2025-10-11,Bill Payment,Completed,55.0
7886,5,,2521,6,2025-01-11,Bill Payment,Voided,0.0
7887,17,48,1238,4,2025-11-30,Bill Payment,Completed,55.0
7888,13,33,964,6,2025-08-12,Bill Payment,Completed,65.0
7889,11,29,1804,3,2025-07-17,Bill Payment,Completed,45.0
7890,10,24,1307,6,2025-08-15,Bill Payment,Completed,65.0
7891,12,32,2405,3,2026-01-11,Bill Payment,Completed,45.0
7892,10,26,2083,5,2025-03-23,Bill Payment,Completed,60.0
7893,7,15,1561,6,2025-12-24,Bill Payment,Completed,65.0
7894,6,14,1169,6,2025-12-01,Bill Payment,Completed,65.0
7895,5,11,1290,3,2025-06-10,Upgrade,Completed,104.91
7896,14,38,868,3,2025-07-21,Bill Payment,Completed,45.0
7897,2,5,654,,2025-01-26,Accessory Sale,Completed,83.0
7898,17,48,2467,4,2025-08-31,Upgrade,Completed,121.28
7899,2,4,2201,6,2026-03-04,Upgrade,Completed,144.35
7900,17,,1076,3,2026-05-01,Bill Payment,Completed,45.0
7901,16,45,1004,1,2026-01-29,Bill Payment,Completed,30.0
7902,4,9,175,6,2026-03-20,Upgrade,Completed,138.37
7903,2,5,2440,,2025-03-19,Accessory Sale,Completed,107.3
7904,17,47,2355,3,2025-06-06,Bill Payment,Completed,45.0
7905,8,19,2035,1,2026-01-02,Bill Payment,Completed,30.0
7906,8,18,1956,1,2025-11-07,Bill Payment,Voided,0.0
7907,18,49,587,,2025-03-02,Accessory Sale,Completed,46.71
7908,12,31,535,,2025-08-14,Accessory Sale,Completed,128.76
7909,3,8,881,5,2026-01-02,Bill Payment,Completed,60.0
7910,18,50,2187,2,2025-05-13,Bill Payment,Refunded,-40.0
7911,13,33,2199,2,2026-02-27,Bill Payment,Refunded,-40.0
7912,11,28,1570,4,2025-10-28,Bill Payment,Completed,55.0
7913,13,33,546,5,2025-07-13,Bill Payment,Completed,60.0
7914,7,15,714,5,2026-01-19,New Activation,Completed,68.03
7915,3,,2335,4,2026-05-03,Bill Payment,Completed,55.0
7916,8,17,2176,6,2025-11-07,Bill Payment,Completed,65.0
7917,12,31,1156,1,2025-11-05,Upgrade,Completed,97.39
7918,5,12,1007,5,2025-08-03,Bill Payment,Voided,0.0
7919,16,46,834,,2025-10-02,Accessory Sale,Completed,93.47
7920,14,37,1532,,2025-04-26,Accessory Sale,Completed,23.59
7921,5,11,473,1,2026-04-22,Bill Payment,Completed,30.0
7922,11,27,1968,6,2026-03-03,Bill Payment,Completed,65.0
7923,14,38,1144,3,2025-07-21,Upgrade,Completed,86.54
7924,17,47,1684,1,2025-06-11,Bill Payment,Completed,30.0
7925,5,12,2379,,2026-04-27,Accessory Sale,Refunded,-148.33
7926,8,18,350,3,2026-01-12,Bill Payment,Completed,45.0
7927,8,18,2127,6,2026-05-24,Bill Payment,Completed,65.0
7928,2,3,902,,2025-11-13,Accessory Sale,Completed,144.34
7929,5,11,683,1,2025-07-10,Bill Payment,Completed,30.0
7930,16,43,2233,5,2025-04-23,Bill Payment,Completed,60.0
7931,1,1,2523,5,2025-03-20,Plan Change,Completed,1.64
7932,11,27,1412,4,2025-07-11,New Activation,Completed,60.01
7933,17,47,1750,1,2026-01-04,Bill Payment,Completed,30.0
7934,5,11,1153,4,2025-12-08,Bill Payment,Completed,55.0
7935,16,45,415,3,2026-01-10,Bill Payment,Completed,45.0
7936,18,49,395,,2025-09-01,Accessory Sale,Refunded,-36.25
7937,14,37,1880,6,2026-04-09,New Activation,Completed,77.7
7938,6,13,259,1,2025-03-22,Bill Payment,Completed,30.0
7939,14,38,2222,5,2026-06-16,Plan Change,Voided,0.0
7940,16,44,191,2,2026-03-03,New Activation,Completed,54.91
7941,3,7,572,6,2026-01-30,Bill Payment,Completed,65.0
7942,6,,420,5,2026-04-16,Bill Payment,Completed,60.0
7943,14,36,473,4,2026-01-06,Bill Payment,Completed,55.0
7944,1,2,1606,,2026-03-24,Accessory Sale,Completed,59.11
7945,17,47,1615,1,2025-04-10,Upgrade,Completed,58.55
7946,5,11,2510,1,2025-07-26,Bill Payment,Refunded,-30.0
7947,3,7,1913,6,2026-01-11,New Activation,Completed,79.34
7948,10,25,1322,4,2026-03-09,Bill Payment,Refunded,-55.0
7949,1,2,603,,2025-04-14,Accessory Sale,Completed,99.44
7950,2,4,604,5,2025-04-28,Plan Change,Completed,9.4
7951,18,50,2583,1,2026-01-12,Bill Payment,Completed,30.0
7952,18,49,1481,2,2026-01-04,Bill Payment,Completed,40.0
7953,2,3,1734,3,2026-01-12,Bill Payment,Completed,45.0
7954,7,15,1822,6,2025-07-23,Bill Payment,Voided,0.0
7955,12,32,154,6,2026-05-13,Bill Payment,Completed,65.0
7956,1,2,86,6,2025-08-13,Bill Payment,Completed,65.0
7957,3,8,1156,3,2025-05-08,Bill Payment,Completed,45.0
7958,8,18,271,,2025-12-23,Accessory Sale,Voided,0.0
7959,10,26,1993,2,2025-11-08,Bill Payment,Completed,40.0
7960,3,7,36,6,2025-06-15,Bill Payment,Voided,0.0
7961,18,50,1468,6,2025-03-28,Bill Payment,Completed,65.0
7962,9,23,1332,2,2025-09-20,Bill Payment,Completed,40.0
7963,3,7,1683,4,2026-05-28,Bill Payment,Completed,55.0
7964,4,10,2302,,2025-07-02,Accessory Sale,Voided,0.0
7965,3,7,1065,4,2025-06-12,Plan Change,Completed,4.78
7966,7,16,2313,,2025-03-14,Accessory Sale,Completed,77.74
7967,18,,619,2,2025-05-29,Bill Payment,Completed,40.0
7968,6,13,666,3,2025-04-27,Bill Payment,Completed,45.0
7969,1,1,2410,5,2025-03-03,Upgrade,Completed,127.4
7970,14,35,749,1,2025-10-04,Bill Payment,Completed,30.0
7971,18,50,2298,2,2026-02-12,New Activation,Refunded,-53.58
7972,4,10,276,5,2026-03-01,Bill Payment,Completed,60.0
7973,7,,1211,1,2026-01-04,Bill Payment,Completed,30.0
7974,4,10,2311,3,2025-10-09,Plan Change,Completed,6.66
7975,14,38,2466,1,2026-06-26,Plan Change,Completed,5.03
7976,7,16,1445,1,2025-06-29,New Activation,Completed,37.22
7977,5,12,2308,6,2025-10-31,Bill Payment,Completed,65.0
7978,13,33,470,2,2025-05-10,New Activation,Completed,47.26
7979,17,47,278,5,2025-09-17,New Activation,Voided,0.0
7980,4,10,985,4,2026-02-06,Upgrade,Refunded,-103.37
7981,1,1,228,,2026-01-29,Accessory Sale,Refunded,-119.44
7982,3,7,934,5,2025-09-28,Bill Payment,Completed,60.0
7983,17,47,529,1,2025-06-13,Bill Payment,Completed,30.0
7984,13,33,2117,4,2025-07-29,Bill Payment,Completed,55.0
7985,3,7,2039,5,2025-10-27,New Activation,Completed,69.14
7986,12,31,666,2,2026-03-26,Plan Change,Completed,2.52
7987,5,12,1857,5,2025-04-08,Plan Change,Completed,3.6
7988,5,12,1544,,2025-10-12,Accessory Sale,Completed,35.3
7989,2,3,1942,5,2025-11-02,Plan Change,Completed,2.7
7990,17,47,753,,2026-04-16,Accessory Sale,Voided,0.0
7991,5,12,20,1,2025-10-20,Upgrade,Voided,0.0
7992,14,36,1407,2,2025-03-11,Upgrade,Refunded,-113.13
7993,2,5,2468,,2026-02-12,Accessory Sale,Refunded,-121.81
7994,3,8,1198,4,2026-06-15,Bill Payment,Completed,55.0
7995,6,14,253,3,2025-05-18,Bill Payment,Completed,45.0
7996,13,34,1916,5,2025-09-19,Bill Payment,Completed,60.0
7997,5,12,1693,1,2026-01-23,Bill Payment,Completed,30.0
7998,9,,655,3,2025-05-24,Upgrade,Refunded,-70.55
7999,8,17,329,5,2025-03-31,Bill Payment,Completed,60.0
8000,3,8,949,2,2025-09-23,Bill Payment,Completed,40.0
8001,16,46,612,2,2025-08-01,Bill Payment,Completed,40.0
8002,3,7,1450,,2025-12-31,Accessory Sale,Completed,84.08
8003,14,35,1320,2,2025-01-13,Upgrade,Completed,67.86
8004,11,,2330,6,2025-03-30,Plan Change,Completed,6.33
8005,1,2,2286,5,2026-04-01,Bill Payment,Voided,0.0
8006,15,39,896,3,2025-02-23,Bill Payment,Refunded,-45.0
8007,3,8,934,5,2025-06-02,Bill Payment,Completed,60.0
8008,7,15,872,2,2026-04-12,New Activation,Completed,47.54
8009,16,46,867,2,2025-12-28,Bill Payment,Completed,40.0
8010,8,19,958,1,2026-06-26,Bill Payment,Completed,30.0
8011,13,33,955,2,2025-09-24,Bill Payment,Refunded,-40.0
8012,6,14,1419,3,2026-02-13,Bill Payment,Completed,45.0
8013,2,3,1820,5,2025-12-29,Bill Payment,Voided,0.0
8014,6,14,327,5,2025-12-12,Bill Payment,Completed,60.0
8015,11,30,112,4,2025-02-25,Plan Change,Refunded,-2.66
8016,2,3,2445,1,2025-07-31,New Activation,Completed,44.15
8017,12,31,1484,,2025-02-06,Accessory Sale,Completed,137.78
8018,2,4,2038,1,2025-05-23,Bill Payment,Completed,30.0
8019,18,49,18,4,2025-05-25,New Activation,Refunded,-62.23
8020,14,37,188,1,2026-05-08,Bill Payment,Completed,30.0
8021,7,16,706,1,2025-07-13,New Activation,Completed,43.83
8022,14,37,626,2,2026-01-13,Bill Payment,Completed,40.0
8023,16,46,1685,,2026-03-13,Accessory Sale,Voided,0.0
8024,1,1,2497,6,2026-03-17,Plan Change,Completed,3.6
8025,5,,807,2,2025-08-25,Bill Payment,Completed,40.0
8026,14,36,596,6,2025-08-21,Bill Payment,Completed,65.0
8027,14,38,1619,3,2025-06-03,Bill Payment,Refunded,-45.0
8028,12,32,2016,,2026-05-28,Accessory Sale,Completed,24.82
8029,3,6,2439,5,2025-01-17,Bill Payment,Completed,60.0
8030,3,8,2335,1,2026-05-30,Bill Payment,Completed,30.0
8031,7,16,1859,1,2025-01-04,New Activation,Completed,36.0
8032,2,3,1904,1,2025-09-30,Bill Payment,Completed,30.0
8033,11,29,2152,4,2025-12-25,Bill Payment,Completed,55.0
8034,11,30,2596,2,2025-03-27,Bill Payment,Completed,40.0
8035,8,,313,2,2026-03-18,New Activation,Refunded,-49.11
8036,6,14,233,6,2025-10-13,Bill Payment,Completed,65.0
8037,14,37,2189,3,2026-03-13,Bill Payment,Completed,45.0
8038,6,13,1827,3,2025-09-18,Bill Payment,Completed,45.0
8039,7,16,485,3,2025-07-19,Bill Payment,Completed,45.0
8040,18,50,483,5,2025-01-04,Bill Payment,Voided,0.0
8041,8,17,1370,2,2025-07-12,Bill Payment,Refunded,-40.0
8042,5,12,2033,1,2025-03-09,Bill Payment,Refunded,-30.0
8043,2,5,401,2,2026-06-15,Bill Payment,Completed,40.0
8044,18,,1212,6,2025-07-15,Upgrade,Completed,89.28
8045,10,24,1741,4,2026-05-03,Plan Change,Completed,4.56
8046,5,12,391,6,2025-08-22,Bill Payment,Completed,65.0
8047,13,34,999,1,2025-08-28,Bill Payment,Completed,30.0
8048,3,7,1005,5,2025-09-19,Bill Payment,Completed,60.0
8049,16,46,2057,,2025-05-09,Accessory Sale,Completed,59.7
8050,1,2,698,5,2026-01-08,Bill Payment,Completed,60.0
8051,1,2,241,4,2025-09-30,Plan Change,Completed,0.01
8052,13,34,44,4,2026-03-15,Bill Payment,Completed,55.0
8053,3,,1965,3,2025-08-11,Bill Payment,Completed,45.0
8054,1,1,1784,2,2025-04-21,Bill Payment,Completed,40.0
8055,1,2,1758,6,2025-05-09,Bill Payment,Completed,65.0
8056,5,12,1553,1,2026-01-07,Upgrade,Completed,69.53
8057,12,31,1540,,2026-05-15,Accessory Sale,Completed,82.67
8058,11,27,480,,2025-05-23,Accessory Sale,Completed,116.3
8059,11,28,1369,5,2026-06-15,Bill Payment,Refunded,-60.0
8060,17,47,785,6,2025-06-20,Upgrade,Completed,103.07
8061,4,9,2535,,2025-08-11,Accessory Sale,Completed,130.73
8062,18,49,1980,6,2025-11-15,Bill Payment,Completed,65.0
8063,7,15,2596,3,2026-03-26,Upgrade,Completed,119.75
8064,9,20,12,1,2025-05-12,New Activation,Completed,39.65
8065,11,28,1484,3,2025-12-09,Bill Payment,Completed,45.0
8066,17,47,674,2,2025-08-17,Bill Payment,Completed,40.0
8067,14,38,2522,6,2025-09-12,New Activation,Completed,72.85
8068,11,28,1332,2,2025-07-10,Bill Payment,Refunded,-40.0
8069,3,6,2225,2,2025-08-01,New Activation,Completed,45.32
8070,7,15,2389,1,2026-04-30,New Activation,Completed,35.11
8071,9,22,1102,5,2026-06-09,New Activation,Completed,71.39
8072,9,23,943,2,2025-01-02,Upgrade,Completed,78.12
8073,2,5,394,5,2025-03-04,Bill Payment,Voided,0.0
8074,17,47,1531,3,2025-08-01,New Activation,Refunded,-57.45
8075,3,7,1684,2,2025-10-04,Bill Payment,Refunded,-40.0
8076,12,32,920,2,2025-11-07,Bill Payment,Completed,40.0
8077,9,21,1856,2,2026-02-10,Plan Change,Completed,8.8
8078,12,32,435,4,2026-03-27,Bill Payment,Completed,55.0
8079,17,48,1243,2,2026-05-16,Bill Payment,Completed,40.0
8080,9,21,2308,6,2026-02-10,Bill Payment,Completed,65.0
8081,1,1,1695,4,2025-01-08,Bill Payment,Completed,55.0
8082,17,47,1226,6,2025-03-05,Bill Payment,Completed,65.0
8083,16,45,2063,4,2026-04-19,Bill Payment,Completed,55.0
8084,5,11,869,6,2026-05-04,Plan Change,Completed,1.24
8085,11,27,1706,5,2025-03-13,Bill Payment,Completed,60.0
8086,4,9,654,2,2025-06-16,Plan Change,Completed,1.99
8087,3,6,1147,1,2025-08-20,Bill Payment,Completed,30.0
8088,1,2,680,3,2025-06-12,Bill Payment,Completed,45.0
8089,2,4,1033,,2026-01-10,Accessory Sale,Completed,37.52
8090,9,20,2260,6,2025-09-24,Bill Payment,Completed,65.0
8091,2,5,2408,5,2025-05-06,Bill Payment,Completed,60.0
8092,11,30,781,4,2025-04-05,Bill Payment,Completed,55.0
8093,5,12,975,2,2025-12-16,Bill Payment,Completed,40.0
8094,2,,1971,,2025-06-30,Accessory Sale,Voided,0.0
8095,18,49,1602,2,2026-01-29,Bill Payment,Completed,40.0
8096,2,5,912,4,2026-05-17,Bill Payment,Completed,55.0
8097,3,6,2468,3,2025-10-07,Bill Payment,Completed,45.0
8098,2,3,906,6,2025-08-19,New Activation,Completed,76.09
8099,5,11,1176,6,2025-07-12,Bill Payment,Completed,65.0
8100,8,18,301,5,2025-07-01,Bill Payment,Completed,60.0
8101,12,31,1542,2,2026-05-06,Bill Payment,Completed,40.0
8102,3,8,2111,2,2025-05-29,Bill Payment,Completed,40.0
8103,9,22,381,5,2025-01-25,Plan Change,Completed,7.1
8104,7,15,460,1,2026-04-11,Bill Payment,Voided,0.0
8105,9,22,470,4,2026-06-23,Bill Payment,Completed,55.0
8106,16,45,1612,,2025-10-23,Accessory Sale,Completed,49.39
8107,3,7,581,6,2025-10-02,Bill Payment,Completed,65.0
8108,18,49,386,,2025-01-24,Accessory Sale,Completed,133.85
8109,8,19,2597,2,2025-01-01,New Activation,Completed,50.86
8110,18,49,2556,2,2026-01-06,Plan Change,Refunded,-8.18
8111,8,18,2426,4,2025-08-04,Bill Payment,Completed,55.0
8112,17,47,1414,6,2026-01-22,Upgrade,Refunded,-89.89
8113,5,12,1397,4,2025-12-01,New Activation,Completed,65.96
8114,3,8,191,3,2026-02-10,Plan Change,Refunded,-1.73
8115,18,49,351,1,2026-05-07,Bill Payment,Completed,30.0
8116,5,11,1310,4,2025-02-20,Bill Payment,Completed,55.0
8117,2,3,19,1,2026-02-10,Bill Payment,Completed,30.0
8118,3,8,879,4,2025-05-03,Plan Change,Completed,4.57
8119,8,,429,,2025-08-06,Accessory Sale,Refunded,-116.8
8120,2,4,2187,2,2025-11-05,Bill Payment,Completed,40.0
8121,12,32,599,2,2025-12-10,Bill Payment,Completed,40.0
8122,12,32,912,4,2025-08-30,Bill Payment,Completed,55.0
8123,3,6,1518,3,2025-11-19,Bill Payment,Voided,0.0
8124,1,1,1638,,2026-01-04,Accessory Sale,Completed,115.35
8125,3,7,620,3,2025-01-12,New Activation,Completed,58.32
8126,1,1,1874,6,2025-05-10,Bill Payment,Completed,65.0
8127,17,48,68,1,2026-03-24,Bill Payment,Voided,0.0
8128,6,13,214,5,2025-03-05,Bill Payment,Completed,60.0
8129,5,11,2109,,2026-06-21,Accessory Sale,Completed,104.99
8130,13,34,443,2,2025-11-12,Bill Payment,Completed,40.0
8131,6,14,1912,,2025-10-14,Accessory Sale,Completed,53.56
8132,15,40,2308,2,2025-07-07,Bill Payment,Completed,40.0
8133,7,15,783,,2026-06-16,Accessory Sale,Completed,11.85
8134,11,,435,6,2025-08-15,Bill Payment,Completed,65.0
8135,13,33,1031,2,2025-10-10,Bill Payment,Completed,40.0
8136,6,14,216,1,2025-11-06,Bill Payment,Completed,30.0
8137,3,7,583,4,2025-07-02,Bill Payment,Completed,55.0
8138,5,11,2100,4,2025-08-23,Bill Payment,Completed,55.0
8139,5,11,2013,2,2026-01-21,New Activation,Completed,49.14
8140,14,35,2003,5,2026-03-12,Bill Payment,Completed,60.0
8141,10,26,49,2,2025-01-22,Bill Payment,Completed,40.0
8142,13,33,482,4,2025-06-21,Upgrade,Refunded,-102.59
8143,1,2,1949,6,2025-03-28,Bill Payment,Completed,65.0
8144,6,13,1952,3,2025-06-13,Bill Payment,Completed,45.0
8145,11,27,647,1,2025-01-03,Upgrade,Completed,73.13
8146,17,,2388,5,2025-10-24,Bill Payment,Completed,60.0
8147,8,17,61,5,2026-02-27,Bill Payment,Completed,60.0
8148,8,18,458,1,2025-04-12,Bill Payment,Completed,30.0
8149,14,,280,,2026-04-26,Accessory Sale,Voided,0.0
8150,5,11,2023,4,2025-10-04,Bill Payment,Voided,0.0
8151,6,13,11,5,2026-02-25,Bill Payment,Completed,60.0
8152,18,50,1776,1,2025-04-17,New Activation,Completed,43.9
8153,6,13,2323,4,2026-06-09,New Activation,Completed,66.05
8154,4,9,1765,5,2025-11-27,Bill Payment,Completed,60.0
8155,3,,57,4,2025-04-22,Upgrade,Voided,0.0
8156,12,31,589,,2026-06-08,Accessory Sale,Completed,74.58
8157,12,31,741,5,2026-03-22,New Activation,Completed,70.56
8158,3,6,776,3,2025-12-06,Bill Payment,Completed,45.0
8159,12,31,1404,1,2025-02-24,Bill Payment,Voided,0.0
8160,3,7,1364,4,2025-09-12,Bill Payment,Completed,55.0
8161,11,27,1385,3,2025-11-03,Plan Change,Refunded,-9.45
8162,1,1,1055,1,2026-01-31,Bill Payment,Completed,30.0
8163,5,12,761,2,2025-11-06,Bill Payment,Completed,40.0
8164,10,26,109,,2025-08-31,Accessory Sale,Completed,68.68
8165,15,39,289,4,2026-04-02,New Activation,Completed,64.42
8166,8,19,1189,1,2025-08-12,Bill Payment,Completed,30.0
8167,6,,1422,,2026-05-21,Accessory Sale,Voided,0.0
8168,11,,2214,3,2026-04-21,New Activation,Completed,51.02
8169,1,1,1354,4,2026-04-19,Bill Payment,Completed,55.0
8170,18,49,1187,6,2026-05-17,Bill Payment,Completed,65.0
8171,7,16,1652,4,2026-05-11,Bill Payment,Completed,55.0
8172,2,5,2419,3,2025-09-15,Bill Payment,Voided,0.0
8173,2,4,1153,1,2025-01-12,Bill Payment,Completed,30.0
8174,2,5,931,6,2026-02-23,Plan Change,Completed,8.03
8175,11,28,2505,6,2025-05-23,Bill Payment,Completed,65.0
8176,3,8,588,1,2026-05-04,Bill Payment,Completed,30.0
8177,1,2,2526,1,2026-01-31,Upgrade,Completed,56.59
8178,15,39,1194,,2026-06-20,Accessory Sale,Completed,135.5
8179,17,48,929,2,2026-02-19,Bill Payment,Completed,40.0
8180,12,32,590,6,2025-08-26,New Activation,Completed,73.45
8181,14,36,578,6,2025-09-28,Bill Payment,Completed,65.0
8182,5,12,1497,3,2026-01-20,Plan Change,Completed,6.94
8183,17,47,481,1,2025-12-19,Bill Payment,Completed,30.0
8184,5,12,1651,3,2025-05-02,New Activation,Completed,53.88
8185,12,31,1017,3,2026-05-24,Bill Payment,Voided,0.0
8186,10,25,2591,3,2026-06-30,Upgrade,Completed,99.07
8187,15,42,869,2,2025-10-18,Bill Payment,Voided,0.0
8188,15,41,2387,3,2026-05-05,Bill Payment,Completed,45.0
8189,6,13,2086,1,2025-10-11,Bill Payment,Completed,30.0
8190,8,18,1111,3,2025-01-06,Bill Payment,Completed,45.0
8191,11,30,542,,2025-11-25,Accessory Sale,Voided,0.0
8192,14,35,26,5,2025-10-10,Bill Payment,Completed,60.0
8193,7,16,2173,2,2025-10-14,Bill Payment,Voided,0.0
8194,14,38,1103,3,2025-04-15,New Activation,Refunded,-56.17
8195,15,40,1439,6,2025-02-03,Bill Payment,Completed,65.0
8196,3,6,1912,2,2025-11-21,Bill Payment,Completed,40.0
8197,11,30,533,,2025-08-22,Accessory Sale,Completed,31.03
8198,18,49,2581,1,2025-10-23,Bill Payment,Completed,30.0
8199,5,12,815,4,2026-05-01,Bill Payment,Completed,55.0
8200,15,40,1789,3,2025-08-18,Bill Payment,Completed,45.0
8201,16,46,1706,5,2026-02-17,Bill Payment,Voided,0.0
8202,18,49,2122,,2025-04-27,Accessory Sale,Refunded,-148.67
8203,5,12,2269,1,2025-10-01,Bill Payment,Completed,30.0
8204,15,42,1031,5,2026-03-20,Bill Payment,Completed,60.0
8205,6,14,2440,6,2026-04-07,Bill Payment,Completed,65.0
8206,5,12,643,5,2026-05-18,Bill Payment,Refunded,-60.0
8207,8,17,1167,3,2025-06-06,Bill Payment,Completed,45.0
8208,8,18,732,4,2025-09-22,Bill Payment,Completed,55.0
8209,5,12,1820,,2025-08-28,Accessory Sale,Completed,38.83
8210,3,8,210,1,2025-02-18,New Activation,Voided,0.0
8211,18,49,217,1,2025-11-19,Bill Payment,Completed,30.0
8212,3,6,1865,6,2025-01-31,Bill Payment,Completed,65.0
8213,14,35,761,5,2026-06-26,Bill Payment,Completed,60.0
8214,14,35,1559,5,2025-01-02,New Activation,Completed,65.98
8215,13,34,1977,3,2025-07-05,New Activation,Refunded,-54.74
8216,11,27,1692,5,2026-06-07,New Activation,Completed,70.96
8217,17,47,903,1,2025-07-13,New Activation,Completed,43.72
8218,13,33,2578,5,2025-04-01,Bill Payment,Completed,60.0
8219,1,2,597,2,2025-09-08,Bill Payment,Refunded,-40.0
8220,14,37,1361,4,2026-02-03,New Activation,Completed,61.55
8221,5,12,2188,1,2025-10-14,Bill Payment,Voided,0.0
8222,1,1,1220,3,2026-05-20,Bill Payment,Completed,45.0
8223,5,12,2167,6,2025-03-22,Bill Payment,Completed,65.0
8224,10,25,2471,,2026-03-17,Accessory Sale,Refunded,-52.53
8225,16,46,1157,5,2025-03-24,Bill Payment,Refunded,-60.0
8226,7,15,2343,3,2026-03-17,New Activation,Completed,51.8
8227,2,4,248,,2026-06-09,Accessory Sale,Completed,116.82
8228,14,38,51,2,2025-01-23,Bill Payment,Refunded,-40.0
8229,8,,2105,4,2025-08-18,Bill Payment,Completed,55.0
8230,12,31,316,1,2026-05-12,Bill Payment,Completed,30.0
8231,3,6,2209,2,2025-01-17,Bill Payment,Completed,40.0
8232,2,4,1999,5,2026-02-01,New Activation,Completed,73.6
8233,12,31,1797,4,2026-06-23,Upgrade,Completed,86.29
8234,1,2,645,2,2025-03-23,Bill Payment,Completed,40.0
8235,3,7,1576,4,2025-05-29,Bill Payment,Voided,0.0
8236,10,,1157,5,2025-05-17,Bill Payment,Completed,60.0
8237,12,31,1051,4,2026-03-04,Upgrade,Completed,107.15
8238,3,8,1431,2,2025-07-03,Bill Payment,Refunded,-40.0
8239,15,41,629,2,2025-04-22,Upgrade,Voided,0.0
8240,8,17,1744,,2025-06-15,Accessory Sale,Completed,140.79
8241,3,6,1106,6,2025-07-05,Bill Payment,Completed,65.0
8242,3,6,1919,,2025-12-05,Accessory Sale,Completed,123.58
8243,8,18,1772,3,2025-11-25,Upgrade,Completed,94.85
8244,3,8,2000,6,2025-09-04,Bill Payment,Voided,0.0
8245,16,,2326,1,2026-05-18,Bill Payment,Completed,30.0
8246,18,50,225,,2025-07-25,Accessory Sale,Voided,0.0
8247,4,9,1291,6,2025-09-21,Bill Payment,Completed,65.0
8248,11,30,1540,2,2025-07-08,Bill Payment,Completed,40.0
8249,11,30,2535,4,2025-07-03,Bill Payment,Completed,55.0
8250,12,31,1936,,2025-08-24,Accessory Sale,Voided,0.0
8251,18,49,1973,4,2025-06-10,Bill Payment,Completed,55.0
8252,18,49,1283,5,2025-12-18,Bill Payment,Completed,60.0
8253,14,37,1015,5,2025-11-20,Bill Payment,Completed,60.0
8254,18,49,2240,2,2025-02-08,New Activation,Completed,45.08
8255,6,14,385,6,2026-05-11,Bill Payment,Refunded,-65.0
8256,6,14,162,5,2026-04-17,Bill Payment,Completed,60.0
8257,6,14,344,4,2025-04-10,Bill Payment,Completed,55.0
8258,2,3,853,6,2025-10-29,Bill Payment,Completed,65.0
8259,16,43,265,,2025-06-08,Accessory Sale,Completed,128.2
8260,12,32,176,3,2026-03-15,New Activation,Completed,56.99
8261,12,32,2361,1,2026-06-15,Bill Payment,Refunded,-30.0
8262,7,15,194,1,2025-08-19,Bill Payment,Completed,30.0
8263,14,37,375,2,2025-09-10,Bill Payment,Completed,40.0
8264,6,14,1858,,2025-11-07,Accessory Sale,Completed,57.39
8265,15,41,1081,6,2026-03-11,Bill Payment,Completed,65.0
8266,2,4,371,2,2026-05-02,Bill Payment,Completed,40.0
8267,7,15,664,5,2025-12-19,Plan Change,Completed,2.11
8268,14,36,2262,2,2025-06-15,Upgrade,Completed,77.03
8269,4,9,1973,4,2025-05-25,Bill Payment,Completed,55.0
8270,5,12,692,,2026-03-24,Accessory Sale,Completed,32.07
8271,5,11,2273,2,2025-12-09,Bill Payment,Completed,40.0
8272,8,19,1387,3,2025-11-20,Bill Payment,Refunded,-45.0
8273,11,30,1840,5,2026-01-31,Bill Payment,Completed,60.0
8274,5,12,515,2,2026-05-10,Plan Change,Refunded,-3.08
8275,9,21,1545,1,2025-04-16,Bill Payment,Completed,30.0
8276,18,49,1195,4,2025-05-26,Bill Payment,Completed,55.0
8277,7,15,1399,3,2026-01-15,Bill Payment,Completed,45.0
8278,7,16,233,4,2026-06-29,Bill Payment,Completed,55.0
8279,13,34,1064,4,2026-06-02,Plan Change,Completed,3.29
8280,18,50,2446,,2025-04-11,Accessory Sale,Completed,105.04
8281,11,30,446,3,2025-07-19,Bill Payment,Completed,45.0
8282,7,15,2460,,2025-12-22,Accessory Sale,Completed,54.68
8283,10,26,577,4,2025-03-20,Bill Payment,Completed,55.0
8284,6,14,2128,3,2025-07-11,Bill Payment,Refunded,-45.0
8285,14,,1610,6,2025-09-30,Bill Payment,Completed,65.0
8286,8,19,1437,3,2026-02-17,Bill Payment,Completed,45.0
8287,15,42,1919,4,2025-05-28,Bill Payment,Refunded,-55.0
8288,9,23,1348,,2025-11-15,Accessory Sale,Completed,35.23
8289,5,12,961,2,2026-04-12,Bill Payment,Completed,40.0
8290,2,4,1716,1,2025-01-27,Bill Payment,Completed,30.0
8291,6,13,1379,2,2025-02-03,Bill Payment,Completed,40.0
8292,6,14,897,5,2025-02-28,Bill Payment,Completed,60.0
8293,18,50,1663,3,2026-05-13,Bill Payment,Completed,45.0
8294,2,5,1652,1,2025-08-28,Bill Payment,Completed,30.0
8295,1,2,1070,5,2025-10-29,Bill Payment,Completed,60.0
8296,17,48,276,4,2025-05-04,Bill Payment,Completed,55.0
8297,8,19,1151,6,2025-09-17,New Activation,Completed,78.53
8298,18,50,1533,4,2025-12-18,Bill Payment,Completed,55.0
8299,17,48,324,5,2025-01-14,New Activation,Completed,65.21
8300,5,12,1802,6,2025-06-12,Bill Payment,Completed,65.0
8301,12,,151,,2025-11-26,Accessory Sale,Completed,23.14
8302,14,37,1136,,2025-10-05,Accessory Sale,Completed,89.33
8303,16,46,1499,5,2025-04-07,Bill Payment,Completed,60.0
8304,16,46,638,,2025-02-08,Accessory Sale,Completed,146.6
8305,13,34,2206,6,2025-10-02,Bill Payment,Completed,65.0
8306,6,13,456,2,2025-12-23,Bill Payment,Completed,40.0
8307,5,,407,5,2025-12-29,Bill Payment,Completed,60.0
8308,14,38,2370,4,2026-02-19,Bill Payment,Voided,0.0
8309,18,50,803,6,2026-06-19,Bill Payment,Completed,65.0
8310,17,48,1785,,2026-04-05,Accessory Sale,Completed,28.83
8311,5,11,1062,4,2025-11-28,Bill Payment,Completed,55.0
8312,9,23,1368,,2025-11-25,Accessory Sale,Completed,104.46
8313,11,27,1935,5,2026-01-30,Bill Payment,Completed,60.0
8314,9,21,2336,1,2025-05-20,Bill Payment,Completed,30.0
8315,13,33,1650,6,2026-01-04,New Activation,Voided,0.0
8316,6,14,913,3,2026-03-31,Bill Payment,Completed,45.0
8317,8,18,1035,1,2026-02-24,New Activation,Completed,38.96
8318,14,35,1707,,2026-06-30,Accessory Sale,Completed,123.09
8319,18,50,800,1,2025-12-17,Bill Payment,Voided,0.0
8320,13,34,1001,6,2026-01-11,Bill Payment,Completed,65.0
8321,9,21,110,6,2026-02-05,Bill Payment,Completed,65.0
8322,5,11,2033,5,2026-02-13,Bill Payment,Completed,60.0
8323,3,6,371,,2025-08-21,Accessory Sale,Voided,0.0
8324,11,29,500,,2026-05-21,Accessory Sale,Completed,137.77
8325,12,32,2571,3,2025-09-29,Plan Change,Refunded,-1.77
8326,15,39,2195,3,2026-05-25,Bill Payment,Completed,45.0
8327,14,36,1097,5,2025-07-22,Bill Payment,Completed,60.0
8328,16,43,291,3,2025-11-18,Upgrade,Completed,94.12
8329,3,7,1927,3,2025-01-19,Bill Payment,Completed,45.0
8330,18,49,1112,6,2026-06-12,Bill Payment,Completed,65.0
8331,10,24,1010,1,2026-04-13,Bill Payment,Completed,30.0
8332,9,20,2041,,2025-08-02,Accessory Sale,Completed,32.41
8333,17,48,1184,4,2025-08-16,Bill Payment,Completed,55.0
8334,3,6,447,3,2026-03-14,Bill Payment,Completed,45.0
8335,18,50,2361,,2025-08-06,Accessory Sale,Voided,0.0
8336,14,35,2371,1,2025-07-29,Bill Payment,Completed,30.0
8337,13,,1752,5,2025-10-29,Bill Payment,Completed,60.0
8338,11,30,2058,6,2025-01-04,Plan Change,Completed,0.8
8339,5,12,1309,6,2026-01-09,Bill Payment,Completed,65.0
8340,14,37,655,3,2026-06-14,Bill Payment,Completed,45.0
8341,18,50,2477,,2025-06-26,Accessory Sale,Completed,119.09
8342,12,32,1572,1,2025-05-30,Bill Payment,Completed,30.0
8343,14,35,2349,1,2025-06-16,Plan Change,Completed,5.55
8344,5,12,2247,4,2026-02-16,Bill Payment,Completed,55.0
8345,2,,1241,6,2025-03-06,New Activation,Refunded,-78.54
8346,9,23,875,,2025-10-24,Accessory Sale,Completed,38.32
8347,2,3,717,1,2025-11-06,Bill Payment,Completed,30.0
8348,5,11,1157,1,2025-09-09,Bill Payment,Completed,30.0
8349,8,19,788,6,2026-06-28,Bill Payment,Completed,65.0
8350,6,14,2260,4,2025-04-10,Bill Payment,Completed,55.0
8351,2,5,2589,,2025-05-16,Accessory Sale,Completed,77.83
8352,16,44,278,6,2026-05-01,Bill Payment,Completed,65.0
8353,13,33,1209,2,2025-07-20,Bill Payment,Completed,40.0
8354,13,34,2074,6,2025-04-25,Bill Payment,Refunded,-65.0
8355,11,30,1524,4,2025-11-30,Bill Payment,Completed,55.0
8356,1,1,1825,,2025-08-11,Accessory Sale,Completed,101.05
8357,5,,192,6,2025-07-02,Bill Payment,Completed,65.0
8358,5,11,676,3,2025-02-08,Bill Payment,Completed,45.0
8359,11,29,1359,,2025-05-10,Accessory Sale,Voided,0.0
8360,13,,326,3,2025-08-26,Bill Payment,Completed,45.0
8361,1,2,2194,3,2025-08-12,New Activation,Completed,58.17
8362,16,45,148,,2026-01-03,Accessory Sale,Completed,116.13
8363,14,36,1239,6,2025-05-31,Bill Payment,Completed,65.0
8364,14,37,2448,,2025-10-11,Accessory Sale,Completed,118.77
8365,5,11,763,4,2025-05-19,Upgrade,Refunded,-110.1
8366,8,17,691,1,2025-05-25,Upgrade,Completed,71.07
8367,2,4,1552,4,2026-01-13,Bill Payment,Completed,55.0
8368,6,13,1426,2,2025-01-09,Bill Payment,Completed,40.0
8369,15,42,1621,4,2026-04-08,Bill Payment,Completed,55.0
8370,5,12,108,2,2025-07-31,Bill Payment,Completed,40.0
8371,2,4,1894,3,2026-01-13,Bill Payment,Completed,45.0
8372,8,17,724,5,2025-11-28,Bill Payment,Completed,60.0
8373,1,1,1227,6,2025-12-04,Upgrade,Voided,0.0
8374,15,40,2265,4,2025-09-11,Bill Payment,Refunded,-55.0
8375,11,27,2088,,2025-03-08,Accessory Sale,Completed,73.88
8376,1,1,1889,5,2025-08-19,Bill Payment,Completed,60.0
8377,8,18,2049,3,2025-01-28,Bill Payment,Completed,45.0
8378,3,7,2167,3,2025-10-19,Upgrade,Refunded,-79.04
8379,11,27,1279,6,2025-07-26,Bill Payment,Refunded,-65.0
8380,8,19,527,2,2026-06-18,Bill Payment,Completed,40.0
8381,13,33,463,2,2025-02-03,Bill Payment,Completed,40.0
8382,4,10,1140,,2025-08-19,Accessory Sale,Completed,83.32
8383,3,8,19,2,2026-04-04,Bill Payment,Refunded,-40.0
8384,3,7,755,4,2026-06-21,New Activation,Voided,0.0
8385,6,13,1480,,2025-05-23,Accessory Sale,Completed,144.02
8386,16,45,1908,,2025-08-07,Accessory Sale,Completed,11.6
8387,18,50,1467,2,2026-06-10,Upgrade,Completed,96.68
8388,12,31,1379,2,2025-06-04,Bill Payment,Completed,40.0
8389,6,13,416,3,2025-05-25,Upgrade,Completed,104.28
8390,9,20,934,6,2026-01-13,New Activation,Completed,73.33
8391,10,24,325,5,2025-11-16,Bill Payment,Refunded,-60.0
8392,3,8,1304,,2025-05-28,Accessory Sale,Completed,10.36
8393,8,17,1659,3,2026-03-07,Plan Change,Voided,0.0
8394,17,47,1178,4,2025-02-28,Bill Payment,Voided,0.0
8395,7,16,624,6,2025-04-22,Bill Payment,Voided,0.0
8396,8,17,2330,2,2026-04-06,Plan Change,Completed,6.85
8397,18,50,540,2,2025-04-07,Upgrade,Completed,113.4
8398,11,30,2114,3,2025-09-15,Bill Payment,Completed,45.0
8399,14,36,2227,1,2025-10-07,Plan Change,Completed,1.86
8400,2,3,764,6,2026-02-26,New Activation,Completed,79.63
8401,17,47,12,,2026-05-15,Accessory Sale,Voided,0.0
8402,10,26,1335,1,2026-05-10,Bill Payment,Completed,30.0
8403,5,,590,3,2026-01-15,Bill Payment,Completed,45.0
8404,18,50,1636,1,2026-02-16,Bill Payment,Completed,30.0
8405,18,50,788,6,2026-05-27,Bill Payment,Completed,65.0
8406,2,4,2018,,2026-04-18,Accessory Sale,Completed,97.3
8407,1,2,833,5,2026-03-17,Bill Payment,Completed,60.0
8408,1,1,819,,2025-11-30,Accessory Sale,Completed,125.65
8409,9,21,1813,5,2026-06-19,Upgrade,Completed,88.53
8410,8,17,2290,4,2025-06-25,Bill Payment,Refunded,-55.0
8411,2,3,14,3,2025-06-09,Bill Payment,Completed,45.0
8412,1,2,2583,,2025-12-07,Accessory Sale,Voided,0.0
8413,16,46,968,2,2026-04-29,New Activation,Refunded,-50.79
8414,2,3,1019,5,2026-04-16,Plan Change,Completed,7.98
8415,1,1,56,2,2025-11-29,Bill Payment,Completed,40.0
8416,8,,2170,,2025-03-02,Accessory Sale,Voided,0.0
8417,5,11,294,5,2025-05-16,Bill Payment,Completed,60.0
8418,17,48,1758,6,2025-01-29,Bill Payment,Voided,0.0
8419,11,30,1358,4,2026-01-07,Bill Payment,Completed,55.0
8420,5,11,869,1,2025-10-20,New Activation,Completed,39.71
8421,5,11,1338,1,2025-10-23,Bill Payment,Completed,30.0
8422,16,43,1603,,2026-06-01,Accessory Sale,Completed,100.4
8423,18,50,709,6,2025-04-28,Plan Change,Completed,0.52
8424,11,30,1325,6,2025-11-01,Bill Payment,Refunded,-65.0
8425,4,10,497,6,2026-05-06,Bill Payment,Completed,65.0
8426,7,16,714,2,2026-06-28,Bill Payment,Completed,40.0
8427,9,21,1139,2,2025-05-12,New Activation,Voided,0.0
8428,14,36,699,6,2025-12-28,Upgrade,Completed,118.05
8429,18,50,2176,1,2025-08-09,Bill Payment,Completed,30.0
8430,16,45,1362,,2025-07-26,Accessory Sale,Completed,54.88
8431,6,13,2205,4,2025-10-31,Upgrade,Completed,107.15
8432,2,3,834,2,2026-04-16,New Activation,Completed,52.3
8433,7,15,1645,3,2026-04-06,New Activation,Completed,59.44
8434,7,16,2415,2,2025-07-02,Upgrade,Completed,100.09
8435,11,27,1369,3,2025-08-02,Bill Payment,Completed,45.0
8436,16,46,1887,1,2025-11-26,Bill Payment,Completed,30.0
8437,1,1,1660,2,2025-01-07,Bill Payment,Completed,40.0
8438,2,4,1534,,2026-06-30,Accessory Sale,Voided,0.0
8439,15,40,1366,4,2026-01-05,Bill Payment,Completed,55.0
8440,8,18,1053,3,2025-08-02,Bill Payment,Completed,45.0
8441,15,40,1701,6,2025-10-08,New Activation,Completed,73.75
8442,9,20,859,5,2026-06-13,Upgrade,Completed,101.5
8443,4,9,111,6,2025-03-28,New Activation,Refunded,-74.72
8444,14,36,1708,1,2025-10-26,Upgrade,Completed,107.29
8445,17,,229,,2026-03-06,Accessory Sale,Completed,61.59
8446,7,16,2252,3,2026-03-29,Bill Payment,Refunded,-45.0
8447,15,41,1099,1,2025-05-25,New Activation,Completed,39.29
8448,12,31,1289,1,2025-05-17,Bill Payment,Completed,30.0
8449,15,41,789,4,2026-02-09,Bill Payment,Completed,55.0
8450,1,2,1202,2,2025-05-04,New Activation,Completed,54.83
8451,4,9,2453,4,2026-02-22,Bill Payment,Completed,55.0
8452,2,5,1022,3,2025-10-10,Bill Payment,Completed,45.0
8453,16,43,1097,3,2026-06-27,Bill Payment,Completed,45.0
8454,14,36,1128,5,2025-01-25,New Activation,Completed,69.06
8455,1,1,1792,3,2025-01-20,Bill Payment,Refunded,-45.0
8456,11,28,402,,2025-12-25,Accessory Sale,Completed,61.33
8457,12,32,2331,3,2026-04-04,Plan Change,Completed,8.13
8458,5,12,342,5,2026-01-12,Bill Payment,Completed,60.0
8459,18,50,1253,2,2026-01-15,Bill Payment,Refunded,-40.0
8460,5,11,1521,,2026-05-05,Accessory Sale,Voided,0.0
8461,3,,1862,1,2025-05-18,Bill Payment,Completed,30.0
8462,2,3,1900,6,2026-01-16,Bill Payment,Completed,65.0
8463,5,11,728,3,2025-04-16,Bill Payment,Completed,45.0
8464,18,50,8,4,2025-11-28,Bill Payment,Completed,55.0
8465,18,49,157,,2026-06-10,Accessory Sale,Voided,0.0
8466,2,3,2408,5,2026-04-28,Upgrade,Completed,117.58
8467,14,37,1364,5,2026-04-22,New Activation,Completed,66.26
8468,8,17,463,4,2025-08-09,Bill Payment,Completed,55.0
8469,15,41,10,,2026-01-22,Accessory Sale,Completed,28.26
8470,12,31,774,5,2025-01-01,Plan Change,Completed,2.79
8471,6,14,2597,1,2025-07-15,New Activation,Completed,44.38
8472,2,4,931,2,2026-05-18,Bill Payment,Completed,40.0
8473,5,11,695,2,2026-03-21,Bill Payment,Refunded,-40.0
8474,3,8,664,2,2026-04-26,Bill Payment,Refunded,-40.0
8475,16,43,1312,2,2026-04-25,Bill Payment,Completed,40.0
8476,15,41,951,4,2025-01-26,Upgrade,Completed,113.17
8477,13,34,1037,,2026-04-30,Accessory Sale,Voided,0.0
8478,3,7,2572,5,2026-02-28,Bill Payment,Completed,60.0
8479,14,36,174,2,2026-05-13,Bill Payment,Completed,40.0
8480,14,36,223,,2026-02-19,Accessory Sale,Completed,91.46
8481,2,3,1156,6,2025-08-08,Plan Change,Completed,0.59
8482,11,28,1380,1,2025-12-23,Bill Payment,Completed,30.0
8483,14,35,2327,6,2025-06-01,New Activation,Completed,74.34
8484,2,3,559,5,2025-09-18,Bill Payment,Completed,60.0
8485,5,12,1246,3,2025-03-09,Bill Payment,Voided,0.0
8486,16,45,1862,3,2025-07-16,Upgrade,Completed,90.99
8487,5,12,2379,1,2025-04-26,Bill Payment,Refunded,-30.0
8488,12,32,1754,,2026-05-26,Accessory Sale,Completed,102.23
8489,1,1,2200,3,2026-01-01,New Activation,Voided,0.0
8490,11,27,2255,2,2025-01-13,New Activation,Refunded,-46.15
8491,15,39,2144,6,2026-04-02,Bill Payment,Completed,65.0
8492,8,19,2310,,2026-04-24,Accessory Sale,Completed,14.73
8493,4,9,1746,2,2026-05-26,Bill Payment,Completed,40.0
8494,10,24,357,6,2025-01-07,Bill Payment,Completed,65.0
8495,3,6,498,5,2026-02-09,Upgrade,Completed,84.79
8496,16,43,342,1,2026-05-21,Bill Payment,Completed,30.0
8497,3,7,809,,2025-06-30,Accessory Sale,Completed,105.62
8498,3,6,1067,5,2025-12-22,Bill Payment,Completed,60.0
8499,3,8,407,,2025-08-28,Accessory Sale,Completed,31.58
8500,1,2,1296,4,2025-06-10,New Activation,Completed,64.83
8501,6,13,1546,3,2025-06-20,New Activation,Completed,53.24
8502,12,32,1136,2,2025-04-05,Bill Payment,Completed,40.0
8503,14,36,195,,2025-02-18,Accessory Sale,Completed,110.63
8504,16,,2454,,2025-04-06,Accessory Sale,Refunded,-148.03
8505,7,15,1525,1,2026-02-25,Bill Payment,Completed,30.0
8506,1,2,588,5,2026-04-12,Bill Payment,Completed,60.0
8507,1,1,1234,5,2026-01-29,New Activation,Completed,74.07
8508,11,,1068,,2026-05-16,Accessory Sale,Completed,94.14
8509,3,8,2052,2,2025-04-27,Bill Payment,Completed,40.0
8510,2,3,675,6,2025-03-03,Bill Payment,Completed,65.0
8511,10,26,655,6,2025-12-02,Bill Payment,Completed,65.0
8512,1,,2022,6,2026-02-07,Bill Payment,Completed,65.0
8513,16,43,1884,2,2026-06-25,Bill Payment,Completed,40.0
8514,11,30,2194,6,2025-12-28,Bill Payment,Completed,65.0
8515,18,50,1612,5,2025-04-27,Bill Payment,Completed,60.0
8516,15,41,2019,5,2025-07-20,Plan Change,Completed,4.14
8517,7,16,1469,4,2025-01-24,Bill Payment,Completed,55.0
8518,13,33,436,3,2025-06-29,Bill Payment,Refunded,-45.0
8519,9,21,735,,2025-04-09,Accessory Sale,Refunded,-35.68
8520,14,35,2281,3,2025-05-21,Bill Payment,Completed,45.0
8521,11,28,343,2,2025-08-18,Upgrade,Completed,106.93
8522,6,13,1634,3,2025-01-02,Bill Payment,Completed,45.0
8523,9,22,1460,4,2026-05-08,Bill Payment,Completed,55.0
8524,5,12,1020,2,2025-07-01,Bill Payment,Completed,40.0
8525,4,9,1255,1,2025-12-14,Upgrade,Completed,87.0
8526,11,28,2374,4,2026-03-11,Bill Payment,Completed,55.0
8527,10,24,1540,5,2025-09-25,Upgrade,Completed,138.42
8528,2,4,677,6,2026-05-28,Bill Payment,Completed,65.0
8529,13,33,1864,3,2025-07-15,Upgrade,Completed,85.24
8530,8,19,811,3,2026-05-17,Bill Payment,Completed,45.0
8531,6,14,1121,6,2025-11-15,Bill Payment,Completed,65.0
8532,12,31,142,3,2026-03-02,Bill Payment,Completed,45.0
8533,5,12,2267,5,2025-12-22,Bill Payment,Completed,60.0
8534,4,10,691,4,2025-10-10,Bill Payment,Refunded,-55.0
8535,16,46,897,1,2025-09-23,Upgrade,Completed,92.06
8536,11,28,1371,3,2025-08-28,Bill Payment,Completed,45.0
8537,8,18,1849,,2026-06-18,Accessory Sale,Completed,83.03
8538,5,12,1439,4,2025-10-07,Bill Payment,Voided,0.0
8539,8,17,2074,4,2025-07-28,Bill Payment,Completed,55.0
8540,5,11,975,5,2025-08-12,Upgrade,Completed,117.77
8541,10,25,1625,1,2025-12-23,Plan Change,Completed,0.81
8542,7,,2323,3,2025-01-25,Plan Change,Completed,8.83
8543,12,32,136,,2025-09-02,Accessory Sale,Completed,52.78
8544,16,46,631,4,2026-05-15,Bill Payment,Voided,0.0
8545,17,48,678,5,2026-05-20,Bill Payment,Completed,60.0
8546,5,11,2453,3,2025-05-02,New Activation,Completed,55.76
8547,2,3,1115,4,2025-01-23,Bill Payment,Completed,55.0
8548,11,28,288,4,2026-01-13,Bill Payment,Completed,55.0
8549,11,28,64,5,2025-07-22,Upgrade,Completed,122.68
8550,17,,2507,,2025-05-08,Accessory Sale,Completed,37.45
8551,12,31,1687,5,2026-05-30,Bill Payment,Voided,0.0
8552,9,23,2001,3,2025-06-11,New Activation,Refunded,-54.07
8553,8,18,1855,2,2025-06-01,Upgrade,Completed,89.85
8554,8,19,2151,5,2026-05-25,Bill Payment,Refunded,-60.0
8555,8,19,1048,1,2025-12-29,Bill Payment,Completed,30.0
8556,1,2,734,2,2025-09-04,Bill Payment,Refunded,-40.0
8557,17,48,2139,1,2025-08-20,Bill Payment,Completed,30.0
8558,15,41,513,,2026-04-08,Accessory Sale,Refunded,-16.38
8559,7,15,2233,5,2025-03-22,Bill Payment,Completed,60.0
8560,17,48,1081,1,2026-04-06,Bill Payment,Completed,30.0
8561,8,17,288,5,2025-01-11,New Activation,Voided,0.0
8562,6,14,14,4,2025-03-15,Bill Payment,Completed,55.0
8563,16,43,2043,3,2026-02-13,Bill Payment,Completed,45.0
8564,16,46,892,3,2026-02-15,Bill Payment,Completed,45.0
8565,6,13,2140,2,2026-06-25,Bill Payment,Completed,40.0
8566,8,17,1347,1,2025-04-28,New Activation,Completed,35.69
8567,1,2,153,5,2025-12-27,Bill Payment,Refunded,-60.0
8568,5,11,2005,1,2026-05-20,Bill Payment,Completed,30.0
8569,9,23,1141,6,2025-03-16,Bill Payment,Completed,65.0
8570,1,2,1824,3,2025-04-02,Upgrade,Completed,93.95
8571,8,19,1934,2,2026-05-03,Bill Payment,Completed,40.0
8572,14,36,1389,1,2026-02-24,Upgrade,Completed,70.97
8573,13,33,2473,1,2025-03-13,Bill Payment,Completed,30.0
8574,5,12,772,,2025-11-20,Accessory Sale,Completed,147.09
8575,8,19,348,1,2025-03-18,Bill Payment,Completed,30.0
8576,6,13,210,3,2025-04-16,Bill Payment,Completed,45.0
8577,8,18,197,5,2026-01-06,Upgrade,Completed,111.53
8578,11,30,2006,5,2025-05-21,Bill Payment,Completed,60.0
8579,12,31,51,3,2025-02-16,Bill Payment,Completed,45.0
8580,11,30,647,5,2026-01-23,Bill Payment,Completed,60.0
8581,14,,861,2,2025-09-03,Bill Payment,Completed,40.0
8582,13,33,1399,6,2025-12-08,Bill Payment,Completed,65.0
8583,4,10,697,4,2025-11-14,Bill Payment,Completed,55.0
8584,4,10,781,5,2026-02-18,Bill Payment,Completed,60.0
8585,11,29,1401,4,2025-03-16,Bill Payment,Refunded,-55.0
8586,17,48,301,4,2025-10-31,Plan Change,Completed,7.98
8587,12,32,1994,3,2026-06-27,Bill Payment,Completed,45.0
8588,9,20,1427,5,2025-09-08,Bill Payment,Completed,60.0
8589,9,23,561,4,2025-12-23,Bill Payment,Completed,55.0
8590,8,19,2352,2,2025-08-16,Bill Payment,Completed,40.0
8591,7,15,1232,5,2025-01-30,Bill Payment,Voided,0.0
8592,2,5,1710,6,2025-09-23,Bill Payment,Completed,65.0
8593,6,13,1938,6,2025-02-16,Bill Payment,Completed,65.0
8594,3,6,548,1,2025-11-20,Bill Payment,Completed,30.0
8595,10,24,1449,1,2025-06-23,Bill Payment,Completed,30.0
8596,12,31,2275,6,2025-04-12,Upgrade,Completed,96.93
8597,3,8,1703,,2026-01-27,Accessory Sale,Completed,138.26
8598,11,29,844,4,2025-02-25,Bill Payment,Completed,55.0
8599,5,11,1151,5,2025-02-16,New Activation,Completed,66.04
8600,8,18,96,5,2025-08-11,Plan Change,Completed,2.0
8601,5,11,1027,2,2025-05-31,Bill Payment,Completed,40.0
8602,1,1,1608,1,2026-03-03,Bill Payment,Voided,0.0
8603,11,30,391,,2025-06-24,Accessory Sale,Completed,47.88
8604,1,1,2093,6,2025-02-26,Plan Change,Completed,2.8
8605,13,33,1241,1,2025-11-10,Bill Payment,Completed,30.0
8606,14,36,108,1,2025-12-02,Bill Payment,Completed,30.0
8607,17,47,1635,5,2025-06-13,Bill Payment,Refunded,-60.0
8608,17,48,253,,2026-04-01,Accessory Sale,Completed,127.93
8609,12,31,2183,,2025-09-27,Accessory Sale,Completed,63.92
8610,12,31,2030,,2025-04-15,Accessory Sale,Completed,124.72
8611,18,49,396,3,2026-03-05,Bill Payment,Completed,45.0
8612,11,30,2308,5,2025-07-08,Bill Payment,Completed,60.0
8613,8,17,847,,2025-01-09,Accessory Sale,Completed,35.71
8614,8,17,2264,5,2026-03-02,Bill Payment,Completed,60.0
8615,17,47,1684,6,2026-01-11,Plan Change,Completed,0.8
8616,6,13,898,6,2026-05-14,Bill Payment,Completed,65.0
8617,8,17,1069,1,2025-11-08,Bill Payment,Voided,0.0
8618,5,11,2399,2,2025-06-11,Bill Payment,Completed,40.0
8619,14,38,430,6,2025-06-13,New Activation,Completed,70.3
8620,2,5,790,1,2025-05-14,Bill Payment,Completed,30.0
8621,17,48,2043,2,2025-08-16,Bill Payment,Completed,40.0
8622,14,36,2068,4,2025-01-03,Bill Payment,Completed,55.0
8623,18,50,1721,2,2025-05-19,Bill Payment,Completed,40.0
8624,18,49,362,,2025-03-15,Accessory Sale,Completed,120.4
8625,4,9,2501,3,2026-03-09,Bill Payment,Completed,45.0
8626,3,6,1429,5,2026-03-27,Bill Payment,Completed,60.0
8627,5,11,1444,5,2025-02-06,New Activation,Voided,0.0
8628,11,29,327,1,2025-07-09,Bill Payment,Completed,30.0
8629,7,16,259,4,2025-08-07,Upgrade,Completed,99.21
8630,3,6,1766,3,2026-03-29,Bill Payment,Completed,45.0
8631,7,15,1721,3,2025-05-02,Bill Payment,Completed,45.0
8632,13,34,1032,2,2025-08-29,Bill Payment,Voided,0.0
8633,11,30,959,4,2026-02-13,Bill Payment,Completed,55.0
8634,3,8,1008,6,2026-05-07,Bill Payment,Completed,65.0
8635,4,9,1370,4,2026-06-21,Bill Payment,Refunded,-55.0
8636,6,13,1093,2,2026-04-05,New Activation,Completed,46.83
8637,18,50,2260,3,2026-03-08,New Activation,Voided,0.0
8638,13,34,824,6,2025-03-06,Bill Payment,Completed,65.0
8639,4,,2081,6,2025-07-10,New Activation,Voided,0.0
8640,5,12,823,6,2026-02-12,Bill Payment,Voided,0.0
8641,12,32,100,2,2025-12-13,Bill Payment,Voided,0.0
8642,5,12,1768,2,2025-01-21,Bill Payment,Completed,40.0
8643,17,48,409,2,2026-06-19,Bill Payment,Completed,40.0
8644,6,13,1068,4,2025-04-03,New Activation,Completed,62.0
8645,17,47,2077,5,2025-02-09,New Activation,Completed,70.86
8646,15,39,620,6,2025-04-27,Upgrade,Completed,134.59
8647,15,41,1521,3,2025-06-17,Bill Payment,Completed,45.0
8648,18,50,358,4,2026-03-28,Bill Payment,Completed,55.0
8649,4,,395,4,2025-11-16,Bill Payment,Completed,55.0
8650,15,41,2430,5,2025-04-12,Bill Payment,Completed,60.0
8651,17,,260,4,2025-07-24,Bill Payment,Voided,0.0
8652,4,9,1620,6,2025-09-21,Plan Change,Completed,2.86
8653,17,48,1944,5,2025-02-22,Plan Change,Completed,2.93
8654,1,1,955,5,2025-04-15,Bill Payment,Completed,60.0
8655,9,23,2526,1,2026-06-04,Bill Payment,Completed,30.0
8656,8,19,1830,6,2026-04-06,Upgrade,Completed,126.6
8657,14,37,504,,2026-03-26,Accessory Sale,Completed,53.1
8658,4,10,2171,1,2026-01-25,Bill Payment,Completed,30.0
8659,11,28,684,6,2025-11-14,Bill Payment,Completed,65.0
8660,14,36,2183,1,2025-03-13,Bill Payment,Completed,30.0
8661,12,31,660,6,2026-06-06,Bill Payment,Completed,65.0
8662,12,31,2586,4,2025-01-09,Bill Payment,Completed,55.0
8663,12,31,2104,2,2025-07-23,Bill Payment,Completed,40.0
8664,14,36,1778,5,2026-04-14,Bill Payment,Completed,60.0
8665,16,44,2047,2,2025-12-22,Bill Payment,Completed,40.0
8666,2,3,2027,3,2025-11-02,Bill Payment,Completed,45.0
8667,17,48,2413,4,2025-11-06,New Activation,Completed,66.33
8668,14,37,148,1,2025-07-01,Bill Payment,Completed,30.0
8669,12,32,1337,1,2025-10-31,Bill Payment,Completed,30.0
8670,3,7,1641,3,2025-11-30,Plan Change,Completed,2.06
8671,7,16,1668,6,2025-09-13,Bill Payment,Refunded,-65.0
8672,11,28,1871,4,2025-10-16,Bill Payment,Completed,55.0
8673,1,1,2330,2,2025-01-10,Bill Payment,Completed,40.0
8674,8,19,180,,2026-03-14,Accessory Sale,Refunded,-21.24
8675,9,23,1229,2,2025-12-28,Bill Payment,Completed,40.0
8676,1,1,1336,,2025-07-14,Accessory Sale,Completed,33.65
8677,17,48,1965,2,2026-01-18,Bill Payment,Refunded,-40.0
8678,11,28,2130,2,2025-02-06,Bill Payment,Voided,0.0
8679,3,6,1571,,2025-04-26,Accessory Sale,Completed,50.97
8680,2,3,1129,2,2025-08-27,Upgrade,Completed,106.72
8681,5,11,248,5,2025-12-28,Bill Payment,Completed,60.0
8682,9,23,1683,,2025-06-30,Accessory Sale,Refunded,-125.21
8683,2,3,1269,6,2026-05-01,Bill Payment,Refunded,-65.0
8684,5,11,2017,6,2025-03-15,Plan Change,Completed,8.51
8685,8,18,1358,5,2025-10-16,Bill Payment,Completed,60.0
8686,12,31,1660,1,2025-06-19,Bill Payment,Refunded,-30.0
8687,10,26,1337,5,2025-04-13,New Activation,Completed,72.22
8688,17,47,214,1,2025-05-15,Bill Payment,Completed,30.0
8689,18,49,1956,6,2026-01-17,Bill Payment,Completed,65.0
8690,2,3,984,1,2025-08-09,Bill Payment,Completed,30.0
8691,8,19,38,,2025-10-17,Accessory Sale,Completed,103.05
8692,4,9,2562,3,2025-01-25,Bill Payment,Completed,45.0
8693,18,49,1956,6,2026-01-17,Bill Payment,Completed,65.0
8694,2,3,2058,,2026-03-01,Accessory Sale,Completed,98.83
8695,13,34,1278,5,2026-06-08,Bill Payment,Completed,60.0
8696,4,9,221,2,2025-05-23,Bill Payment,Completed,40.0
8697,9,22,1437,3,2025-10-04,New Activation,Completed,55.38
8698,11,29,286,2,2026-05-16,New Activation,Completed,51.05
8699,5,12,1749,1,2025-09-26,Bill Payment,Completed,30.0
8700,6,13,2231,5,2026-01-03,Bill Payment,Completed,60.0
8701,12,32,617,4,2025-07-08,Bill Payment,Completed,55.0
8702,5,12,960,4,2026-04-12,Bill Payment,Completed,55.0
8703,14,35,800,6,2026-03-02,Upgrade,Refunded,-104.88
8704,6,14,379,3,2026-03-31,Upgrade,Completed,97.7
8705,14,38,347,1,2025-05-16,Bill Payment,Completed,30.0
8706,5,12,159,6,2026-06-03,New Activation,Completed,71.79
8707,13,34,351,3,2025-07-19,Bill Payment,Voided,0.0
8708,5,11,1520,6,2025-02-24,Plan Change,Completed,4.36
8709,2,4,792,3,2025-10-25,Bill Payment,Completed,45.0
8710,16,45,1189,4,2026-03-11,Bill Payment,Voided,0.0
8711,8,19,997,3,2026-01-06,Bill Payment,Completed,45.0
8712,4,9,583,3,2025-07-10,New Activation,Completed,57.69
8713,6,13,83,5,2025-06-25,Upgrade,Completed,121.06
8714,9,20,909,1,2025-11-19,Bill Payment,Refunded,-30.0
8715,11,27,1091,4,2026-05-03,Bill Payment,Voided,0.0
8716,3,8,1965,6,2025-04-21,Upgrade,Completed,128.95
8717,15,39,162,3,2025-03-31,New Activation,Completed,53.66
8718,13,34,10,5,2026-03-04,Bill Payment,Completed,60.0
8719,3,8,1067,5,2026-05-14,Bill Payment,Completed,60.0
8720,13,33,1961,4,2026-05-26,Bill Payment,Completed,55.0
8721,11,30,1349,3,2025-04-17,Bill Payment,Completed,45.0
8722,2,4,2135,,2025-09-14,Accessory Sale,Completed,22.4
8723,2,5,1168,,2025-06-09,Accessory Sale,Completed,35.19
8724,9,23,2005,,2025-01-03,Accessory Sale,Completed,18.87
8725,3,8,120,6,2025-09-24,New Activation,Voided,0.0
8726,17,47,1163,5,2026-06-09,Bill Payment,Completed,60.0
8727,11,,3,3,2025-09-29,Bill Payment,Completed,45.0
8728,17,47,555,1,2025-02-02,Bill Payment,Completed,30.0
8729,6,14,1880,2,2025-03-05,Bill Payment,Completed,40.0
8730,18,50,2042,6,2025-07-09,Upgrade,Completed,127.51
8731,9,22,2035,4,2026-01-27,New Activation,Voided,0.0
8732,13,33,482,5,2025-11-23,Bill Payment,Completed,60.0
8733,2,3,105,1,2026-03-03,Bill Payment,Completed,30.0
8734,14,35,2191,3,2025-12-07,Plan Change,Voided,0.0
8735,2,5,2150,,2025-07-06,Accessory Sale,Completed,124.21
8736,5,11,2584,,2025-09-26,Accessory Sale,Completed,102.91
8737,5,11,2408,5,2025-08-03,Bill Payment,Completed,60.0
8738,4,9,501,5,2025-05-16,Bill Payment,Voided,0.0
8739,5,12,1704,3,2025-11-30,New Activation,Completed,51.43
8740,6,13,254,2,2025-10-06,Bill Payment,Voided,0.0
8741,7,16,1216,1,2025-02-20,Plan Change,Completed,3.45
8742,16,46,230,6,2025-11-10,New Activation,Completed,70.11
8743,8,19,2553,3,2026-01-06,Bill Payment,Completed,45.0
8744,7,16,1726,4,2025-03-12,Bill Payment,Refunded,-55.0
8745,17,47,109,3,2025-08-23,Bill Payment,Completed,45.0
8746,6,13,1160,1,2026-04-27,Bill Payment,Completed,30.0
8747,9,22,2288,3,2025-03-15,Upgrade,Completed,65.93
8748,16,43,1909,3,2025-10-06,Upgrade,Completed,81.88
8749,4,10,1668,2,2025-04-14,Bill Payment,Completed,40.0
8750,2,,2543,2,2025-05-26,Bill Payment,Completed,40.0
8751,5,12,2582,6,2025-01-26,Bill Payment,Completed,65.0
8752,10,26,2152,4,2025-04-01,Bill Payment,Completed,55.0
8753,14,35,2088,2,2025-10-21,Upgrade,Completed,107.71
8754,5,11,2089,1,2025-10-29,Plan Change,Completed,0.84
8755,11,29,1235,3,2026-04-04,Bill Payment,Completed,45.0
8756,14,37,2166,5,2026-06-02,Bill Payment,Completed,60.0
8757,8,19,1816,5,2026-03-31,Bill Payment,Completed,60.0
8758,18,50,927,2,2025-01-18,Bill Payment,Completed,40.0
8759,10,,1612,2,2025-08-15,Bill Payment,Voided,0.0
8760,17,,2558,4,2025-04-10,Bill Payment,Completed,55.0
8761,5,11,1035,,2025-06-18,Accessory Sale,Voided,0.0
8762,13,33,126,3,2025-10-26,Bill Payment,Completed,45.0
8763,16,43,9,1,2026-01-19,New Activation,Completed,37.61
8764,8,19,886,,2025-03-08,Accessory Sale,Completed,12.41
8765,5,11,597,,2025-02-23,Accessory Sale,Completed,131.39
8766,9,23,653,6,2025-07-08,Bill Payment,Completed,65.0
8767,3,6,1018,2,2025-10-14,Bill Payment,Voided,0.0
8768,14,38,1629,5,2025-06-22,Bill Payment,Completed,60.0
8769,9,22,265,6,2025-09-15,New Activation,Completed,70.6
8770,6,14,333,3,2025-10-14,Bill Payment,Completed,45.0
8771,17,47,282,1,2025-08-23,Bill Payment,Refunded,-30.0
8772,2,4,773,2,2025-04-22,Bill Payment,Refunded,-40.0
8773,9,22,1267,1,2026-02-07,Plan Change,Refunded,-1.02
8774,6,13,1310,2,2025-12-20,Bill Payment,Completed,40.0
8775,17,47,1190,1,2025-11-10,Bill Payment,Completed,30.0
8776,3,6,488,5,2025-05-28,Bill Payment,Completed,60.0
8777,2,5,2586,3,2026-04-19,Bill Payment,Refunded,-45.0
8778,6,14,772,5,2025-02-27,Upgrade,Completed,93.63
8779,10,25,2051,3,2025-12-27,New Activation,Completed,56.69
8780,12,32,1902,3,2026-04-11,Bill Payment,Completed,45.0
8781,2,5,618,,2026-01-29,Accessory Sale,Completed,124.97
8782,18,49,1018,4,2025-04-15,Bill Payment,Voided,0.0
8783,9,23,273,6,2026-01-30,New Activation,Completed,78.91
8784,6,14,712,,2025-07-12,Accessory Sale,Completed,11.54
8785,1,1,1420,,2025-09-01,Accessory Sale,Completed,72.75
8786,9,22,1876,,2026-06-08,Accessory Sale,Completed,64.61
8787,5,11,1613,4,2025-01-05,Bill Payment,Completed,55.0
8788,2,4,750,6,2025-04-24,Bill Payment,Completed,65.0
8789,12,31,1311,3,2026-02-03,Bill Payment,Completed,45.0
8790,1,1,1459,1,2025-09-16,Bill Payment,Completed,30.0
8791,8,,1722,3,2025-08-17,Bill Payment,Refunded,-45.0
8792,3,7,1119,4,2026-05-12,New Activation,Completed,63.07
8793,12,31,255,,2025-04-12,Accessory Sale,Completed,96.32
8794,17,48,465,1,2025-03-28,New Activation,Completed,37.43
8795,11,29,1878,6,2025-09-22,Bill Payment,Completed,65.0
8796,18,49,225,6,2025-11-08,Bill Payment,Completed,65.0
8797,14,36,939,5,2025-02-13,Bill Payment,Completed,60.0
8798,4,10,2397,6,2025-06-03,Bill Payment,Completed,65.0
8799,9,21,2336,6,2025-05-09,Bill Payment,Completed,65.0
8800,11,28,1284,6,2026-06-03,Bill Payment,Completed,65.0
8801,8,18,1803,3,2026-01-30,Bill Payment,Voided,0.0
8802,2,,1415,5,2026-02-13,Bill Payment,Completed,60.0
8803,16,43,2200,4,2026-03-22,Bill Payment,Refunded,-55.0
8804,5,12,1234,,2026-06-30,Accessory Sale,Completed,64.18
8805,17,47,206,5,2025-02-22,Bill Payment,Completed,60.0
8806,16,44,432,3,2025-11-22,New Activation,Refunded,-52.12
8807,5,12,1273,2,2025-11-11,Bill Payment,Completed,40.0
8808,16,46,219,2,2025-08-17,Bill Payment,Completed,40.0
8809,1,2,1862,4,2026-06-14,Bill Payment,Refunded,-55.0
8810,13,33,790,6,2025-09-11,New Activation,Completed,73.86
8811,3,,806,,2026-03-08,Accessory Sale,Voided,0.0
8812,5,12,2489,1,2026-02-21,New Activation,Completed,37.6
8813,2,4,1069,6,2025-08-04,New Activation,Completed,76.31
8814,7,16,1009,2,2025-03-22,New Activation,Completed,49.27
8815,17,47,2378,,2025-03-16,Accessory Sale,Completed,24.72
8816,8,19,1445,1,2025-05-02,Upgrade,Completed,105.2
8817,16,46,1495,4,2025-05-04,Bill Payment,Completed,55.0
8818,2,5,2489,2,2025-05-11,Bill Payment,Completed,40.0
8819,15,39,479,6,2025-08-03,Bill Payment,Completed,65.0
8820,12,31,805,4,2025-05-28,New Activation,Completed,62.2
8821,8,17,1665,4,2025-03-13,Bill Payment,Voided,0.0
8822,12,32,2568,1,2025-07-24,New Activation,Completed,35.99
8823,8,19,2199,,2025-06-22,Accessory Sale,Completed,130.39
8824,7,15,2264,,2025-06-28,Accessory Sale,Completed,147.03
8825,18,50,1539,4,2025-07-06,Bill Payment,Completed,55.0
8826,2,4,2588,,2025-02-11,Accessory Sale,Completed,115.03
8827,2,4,95,1,2025-05-02,Bill Payment,Refunded,-30.0
8828,8,19,985,6,2025-06-26,Bill Payment,Completed,65.0
8829,14,37,1802,1,2026-05-25,Bill Payment,Refunded,-30.0
8830,6,13,2225,3,2026-03-07,Bill Payment,Voided,0.0
8831,12,31,2318,2,2026-01-25,Plan Change,Completed,2.48
8832,5,11,1899,4,2025-06-10,Bill Payment,Completed,55.0
8833,7,16,1038,,2025-05-20,Accessory Sale,Completed,30.85
8834,18,49,2276,5,2025-08-01,Bill Payment,Completed,60.0
8835,9,20,2266,5,2025-08-29,Bill Payment,Voided,0.0
8836,9,20,2031,,2026-02-09,Accessory Sale,Completed,54.26
8837,5,11,741,3,2025-03-28,Bill Payment,Completed,45.0
8838,8,17,227,3,2025-09-20,Bill Payment,Completed,45.0
8839,3,8,1564,4,2025-02-21,Bill Payment,Completed,55.0
8840,6,14,654,2,2026-04-05,Upgrade,Completed,97.42
8841,6,13,1976,3,2026-01-30,New Activation,Completed,56.49
8842,11,28,1139,1,2026-05-06,New Activation,Completed,39.43
8843,17,,585,6,2026-06-04,New Activation,Completed,70.88
8844,3,8,588,1,2026-05-04,Bill Payment,Completed,30.0
8845,16,46,1188,4,2025-01-17,New Activation,Completed,69.96
8846,17,48,1549,3,2025-03-15,Bill Payment,Completed,45.0
8847,17,48,1485,4,2025-11-10,Bill Payment,Voided,0.0
8848,1,2,1143,3,2025-09-24,Bill Payment,Refunded,-45.0
8849,4,10,1571,5,2025-10-08,Bill Payment,Completed,60.0
8850,14,37,2261,,2025-05-06,Accessory Sale,Completed,138.01
8851,2,5,252,2,2026-06-22,Bill Payment,Voided,0.0
8852,18,50,2018,5,2026-01-25,Upgrade,Completed,137.79
8853,7,16,432,1,2026-02-11,Bill Payment,Voided,0.0
8854,16,46,1189,6,2025-06-20,New Activation,Refunded,-78.81
8855,8,,1459,2,2025-08-17,Bill Payment,Completed,40.0
8856,6,13,1106,5,2026-02-28,Upgrade,Completed,125.12
8857,5,11,2218,5,2025-04-16,Upgrade,Completed,131.0
8858,1,1,905,2,2025-09-11,Bill Payment,Completed,40.0
8859,2,4,634,1,2025-08-24,Bill Payment,Completed,30.0
8860,11,28,619,6,2025-03-09,Bill Payment,Completed,65.0
8861,14,35,1313,,2026-05-24,Accessory Sale,Completed,109.5
8862,7,16,389,1,2025-12-10,Bill Payment,Completed,30.0
8863,11,30,2197,2,2025-12-09,Bill Payment,Completed,40.0
8864,18,49,1484,2,2025-03-30,Bill Payment,Completed,40.0
8865,11,29,282,2,2025-01-08,Bill Payment,Completed,40.0
8866,16,,2355,3,2026-04-04,New Activation,Completed,54.27
8867,10,25,2125,4,2025-07-16,Bill Payment,Completed,55.0
8868,12,31,2115,6,2025-12-28,Plan Change,Completed,1.71
8869,4,9,782,,2025-06-12,Accessory Sale,Completed,95.72
8870,10,24,1936,1,2025-11-26,Bill Payment,Completed,30.0
8871,16,43,278,6,2025-07-13,Upgrade,Completed,117.34
8872,1,2,144,6,2025-12-05,Bill Payment,Completed,65.0
8873,5,12,1099,6,2026-03-11,Bill Payment,Completed,65.0
8874,12,32,678,,2025-10-15,Accessory Sale,Completed,118.42
8875,6,13,408,4,2025-11-16,Bill Payment,Refunded,-55.0
8876,18,50,2083,3,2025-09-20,New Activation,Completed,52.61
8877,9,22,2209,2,2025-01-22,Bill Payment,Completed,40.0
8878,14,37,2041,6,2025-09-23,New Activation,Completed,79.65
8879,3,8,84,,2025-02-17,Accessory Sale,Completed,126.17
8880,13,33,791,3,2025-04-29,Bill Payment,Completed,45.0
8881,8,19,1121,1,2026-05-09,Bill Payment,Completed,30.0
8882,3,6,920,6,2025-03-22,Bill Payment,Voided,0.0
8883,8,18,506,5,2025-04-19,Bill Payment,Completed,60.0
8884,15,39,250,3,2026-01-16,Upgrade,Completed,120.46
8885,6,14,59,4,2025-01-29,Upgrade,Completed,121.09
8886,15,40,1251,,2025-05-26,Accessory Sale,Completed,123.97
8887,6,13,1687,5,2025-03-13,Upgrade,Completed,100.81
8888,8,19,1376,,2025-03-29,Accessory Sale,Completed,104.37
8889,2,4,1511,,2026-01-21,Accessory Sale,Refunded,-69.63
8890,8,18,1009,,2025-05-23,Accessory Sale,Completed,35.39
8891,11,27,52,1,2025-11-25,New Activation,Completed,39.5
8892,16,43,267,,2025-12-26,Accessory Sale,Completed,116.97
8893,5,12,2101,,2026-03-13,Accessory Sale,Voided,0.0
8894,4,9,1801,6,2025-10-29,Bill Payment,Completed,65.0
8895,9,22,1978,1,2026-02-24,Bill Payment,Completed,30.0
8896,5,11,1597,,2025-10-22,Accessory Sale,Voided,0.0
8897,14,,1236,2,2025-02-06,Bill Payment,Completed,40.0
8898,6,13,1453,5,2026-02-12,Bill Payment,Completed,60.0
8899,17,48,135,5,2025-11-27,Bill Payment,Completed,60.0
8900,5,11,1771,2,2026-05-30,Upgrade,Completed,119.5
8901,1,2,266,,2025-05-11,Accessory Sale,Completed,125.86
8902,8,19,1434,6,2025-09-10,Bill Payment,Completed,65.0
8903,13,33,28,3,2026-03-24,Bill Payment,Refunded,-45.0
8904,18,49,546,2,2026-04-13,Bill Payment,Completed,40.0
8905,8,18,255,5,2025-05-25,Bill Payment,Completed,60.0
8906,18,50,232,,2025-06-29,Accessory Sale,Completed,50.84
8907,6,13,1233,6,2025-02-28,Bill Payment,Completed,65.0
8908,5,11,1311,4,2026-01-29,Upgrade,Voided,0.0
8909,12,32,2430,,2025-03-15,Accessory Sale,Refunded,-143.32
8910,14,36,961,5,2026-02-11,New Activation,Completed,67.87
8911,5,11,2481,,2025-05-12,Accessory Sale,Completed,140.19
8912,13,34,283,6,2025-04-28,Bill Payment,Refunded,-65.0
8913,5,11,2245,5,2026-01-11,Bill Payment,Completed,60.0
8914,14,36,547,2,2025-08-04,Bill Payment,Completed,40.0
8915,14,36,1755,2,2026-04-20,Bill Payment,Completed,40.0
8916,4,,37,3,2026-03-05,Bill Payment,Completed,45.0
8917,2,4,1710,3,2025-06-10,New Activation,Completed,50.9
8918,5,11,1480,,2025-09-04,Accessory Sale,Completed,107.4
8919,4,9,2303,1,2025-09-30,Bill Payment,Completed,30.0
8920,14,38,1193,1,2025-04-23,Bill Payment,Completed,30.0
8921,13,33,1932,,2025-01-29,Accessory Sale,Refunded,-79.47
8922,1,2,1643,,2025-02-11,Accessory Sale,Refunded,-115.8
8923,17,47,993,6,2025-01-23,New Activation,Completed,73.98
8924,11,30,379,,2025-06-16,Accessory Sale,Completed,35.27
8925,8,18,481,4,2026-04-29,Plan Change,Completed,7.06
8926,2,5,2014,2,2025-06-15,Bill Payment,Completed,40.0
8927,5,11,2015,2,2026-04-14,Bill Payment,Completed,40.0
8928,11,28,456,4,2025-09-16,Bill Payment,Completed,55.0
8929,7,15,416,4,2025-06-28,Bill Payment,Completed,55.0
8930,17,48,1479,3,2026-06-09,Upgrade,Voided,0.0
8931,5,11,1775,3,2026-06-28,New Activation,Completed,51.48
8932,7,,2212,2,2025-01-19,Bill Payment,Refunded,-40.0
8933,16,43,112,1,2026-01-22,Bill Payment,Completed,30.0
8934,5,11,179,5,2025-11-08,Upgrade,Voided,0.0
8935,2,4,798,3,2025-04-25,New Activation,Completed,51.23
8936,16,44,386,1,2026-02-10,Bill Payment,Completed,30.0
8937,10,25,1985,3,2025-01-24,Bill Payment,Voided,0.0
8938,2,4,2361,4,2026-03-20,New Activation,Completed,66.57
8939,7,15,301,1,2025-09-19,Bill Payment,Completed,30.0
8940,2,5,1994,1,2025-03-10,New Activation,Completed,36.37
8941,9,23,1368,2,2026-01-03,Bill Payment,Completed,40.0
8942,1,1,1476,2,2025-12-14,Bill Payment,Voided,0.0
8943,13,34,471,4,2026-02-04,Plan Change,Completed,5.86
8944,15,41,1387,6,2025-07-01,Plan Change,Completed,0.23
8945,16,44,1454,,2025-02-01,Accessory Sale,Completed,64.04
8946,8,18,1186,3,2026-01-18,Upgrade,Completed,113.02
8947,6,14,1064,5,2026-01-29,Bill Payment,Completed,60.0
8948,14,,1189,3,2025-09-06,Bill Payment,Completed,45.0
8949,2,3,37,1,2025-12-31,Bill Payment,Completed,30.0
8950,15,42,1691,1,2026-03-05,Bill Payment,Completed,30.0
8951,2,5,552,2,2025-04-06,Bill Payment,Completed,40.0
8952,14,38,771,,2025-02-26,Accessory Sale,Completed,74.64
8953,13,34,1736,6,2026-01-05,Bill Payment,Voided,0.0
8954,12,31,1477,6,2025-07-28,Bill Payment,Completed,65.0
8955,12,31,1345,4,2025-07-20,Bill Payment,Completed,55.0
8956,16,43,2573,6,2025-03-05,Plan Change,Completed,2.22
8957,14,36,1888,3,2026-05-18,Bill Payment,Completed,45.0
8958,18,49,247,3,2025-05-17,Bill Payment,Refunded,-45.0
8959,7,15,1200,3,2025-02-18,New Activation,Completed,59.54
8960,15,40,2149,1,2026-03-11,Bill Payment,Completed,30.0
8961,6,13,1690,,2025-11-02,Accessory Sale,Completed,13.33
8962,5,12,2452,4,2025-02-09,Bill Payment,Completed,55.0
8963,14,36,1351,1,2025-05-23,Bill Payment,Completed,30.0
8964,4,9,1657,1,2025-12-21,Bill Payment,Completed,30.0
8965,4,10,860,4,2025-08-12,Bill Payment,Completed,55.0
8966,18,50,64,1,2025-07-11,Upgrade,Completed,109.92
8967,18,49,329,4,2025-09-03,Bill Payment,Completed,55.0
8968,6,14,761,5,2025-11-21,Bill Payment,Completed,60.0
8969,17,48,2434,2,2026-04-28,Bill Payment,Completed,40.0
8970,8,19,2079,1,2025-03-08,Bill Payment,Completed,30.0
8971,6,14,887,,2026-02-01,Accessory Sale,Completed,144.57
8972,12,32,16,6,2025-07-07,Bill Payment,Refunded,-65.0
8973,7,16,406,3,2026-01-29,Bill Payment,Completed,45.0
8974,17,47,1369,3,2025-12-30,Bill Payment,Voided,0.0
8975,11,29,740,5,2026-01-07,Bill Payment,Completed,60.0
8976,7,16,1278,,2025-11-10,Accessory Sale,Completed,19.67
8977,8,17,1357,2,2025-07-16,Bill Payment,Completed,40.0
8978,13,34,2026,,2025-01-29,Accessory Sale,Completed,51.0
8979,11,28,2157,2,2025-02-24,New Activation,Completed,50.94
8980,18,50,1976,3,2025-06-01,Bill Payment,Completed,45.0
8981,5,12,1453,,2025-07-07,Accessory Sale,Completed,93.92
8982,5,11,405,3,2026-03-04,Bill Payment,Refunded,-45.0
8983,3,8,1929,5,2025-01-27,Bill Payment,Voided,0.0
8984,8,17,1181,3,2026-03-08,Bill Payment,Refunded,-45.0
8985,8,17,1703,1,2025-08-15,Bill Payment,Completed,30.0
8986,17,,1140,2,2025-02-19,Upgrade,Refunded,-91.85
8987,8,19,723,1,2025-09-03,New Activation,Completed,44.79
8988,12,32,1121,4,2025-01-24,New Activation,Completed,68.91
8989,6,14,1481,1,2025-09-28,New Activation,Completed,36.75
8990,9,,389,,2025-06-30,Accessory Sale,Completed,52.78
8991,10,26,1672,4,2026-02-24,Bill Payment,Completed,55.0
8992,8,,1612,6,2025-02-09,New Activation,Completed,72.37
8993,14,35,1249,3,2026-06-20,Bill Payment,Completed,45.0
8994,17,47,1003,2,2026-05-14,Plan Change,Completed,6.65
8995,5,12,2597,5,2025-08-17,Bill Payment,Completed,60.0
8996,11,30,2438,1,2025-08-07,Plan Change,Voided,0.0
8997,1,1,2265,2,2025-08-25,Bill Payment,Completed,40.0
8998,18,50,1334,3,2026-03-15,Bill Payment,Completed,45.0
8999,13,33,2052,3,2026-01-13,Bill Payment,Refunded,-45.0
9000,9,22,813,,2025-04-02,Accessory Sale,Completed,48.17
9001,5,12,1117,4,2026-03-09,Bill Payment,Completed,55.0
9002,2,5,2337,1,2026-04-09,Bill Payment,Completed,30.0
9003,13,34,994,5,2026-03-31,Bill Payment,Completed,60.0
9004,17,47,1134,4,2025-10-05,Bill Payment,Completed,55.0
9005,16,45,2165,4,2025-10-12,Upgrade,Refunded,-99.22
9006,14,36,836,1,2025-01-29,New Activation,Completed,41.62
9007,4,10,2397,3,2025-04-22,Bill Payment,Completed,45.0
9008,7,16,1261,3,2025-03-09,Bill Payment,Completed,45.0
9009,11,28,1747,4,2025-10-07,Bill Payment,Completed,55.0
9010,13,,429,3,2026-04-16,Bill Payment,Completed,45.0
9011,18,,2097,1,2025-07-04,Bill Payment,Refunded,-30.0
9012,9,21,492,2,2025-09-21,Bill Payment,Completed,40.0
9013,11,29,1303,6,2025-11-01,Upgrade,Refunded,-139.61
9014,6,13,2371,4,2026-05-13,Upgrade,Completed,91.45
9015,8,,482,6,2026-03-05,Bill Payment,Completed,65.0
9016,11,29,1431,6,2025-09-13,Bill Payment,Completed,65.0
9017,2,,1275,2,2025-01-08,Bill Payment,Completed,40.0
9018,14,38,379,2,2026-03-20,Bill Payment,Completed,40.0
9019,9,23,1950,3,2025-01-05,Bill Payment,Refunded,-45.0
9020,11,27,774,5,2025-12-11,Bill Payment,Completed,60.0
9021,18,50,1777,5,2026-02-16,Bill Payment,Completed,60.0
9022,15,39,1960,4,2026-05-22,New Activation,Completed,68.09
9023,8,19,1018,1,2025-10-20,New Activation,Completed,43.53
9024,13,33,416,5,2026-01-10,Bill Payment,Completed,60.0
9025,16,44,401,3,2026-04-08,Bill Payment,Completed,45.0
9026,5,12,1995,4,2025-05-18,Bill Payment,Completed,55.0
9027,10,26,2191,5,2025-08-23,Upgrade,Completed,84.21
9028,1,1,1382,1,2025-07-25,Bill Payment,Refunded,-30.0
9029,6,13,820,4,2025-09-07,Bill Payment,Completed,55.0
9030,7,16,1898,3,2025-03-01,Bill Payment,Completed,45.0
9031,12,32,192,3,2025-05-05,Bill Payment,Completed,45.0
9032,3,8,2581,1,2025-08-16,Bill Payment,Completed,30.0
9033,18,50,604,2,2026-01-23,Bill Payment,Completed,40.0
9034,1,1,1184,3,2025-07-18,Bill Payment,Completed,45.0
9035,15,,937,1,2026-01-26,New Activation,Voided,0.0
9036,14,37,826,4,2026-02-10,Upgrade,Completed,129.81
9037,17,47,1353,,2025-03-07,Accessory Sale,Completed,74.34
9038,14,38,488,4,2026-03-15,Bill Payment,Completed,55.0
9039,15,40,249,2,2025-04-29,Bill Payment,Voided,0.0
9040,14,37,2225,2,2025-07-20,Plan Change,Completed,1.59
9041,12,31,122,6,2025-04-23,Bill Payment,Completed,65.0
9042,5,12,1619,6,2025-11-06,Bill Payment,Completed,65.0
9043,3,8,1524,,2025-10-24,Accessory Sale,Completed,141.93
9044,16,45,1722,4,2026-06-20,Bill Payment,Completed,55.0
9045,10,26,120,2,2025-12-01,Bill Payment,Completed,40.0
9046,15,42,1631,5,2025-05-28,Bill Payment,Refunded,-60.0
9047,3,6,16,5,2025-06-22,Upgrade,Voided,0.0
9048,4,10,349,4,2026-01-03,Plan Change,Completed,8.91
9049,3,6,799,3,2025-11-13,New Activation,Completed,52.27
9050,14,36,1885,1,2025-05-21,Bill Payment,Completed,30.0
9051,1,2,118,1,2026-05-22,Plan Change,Completed,3.74
9052,2,4,1416,1,2025-04-29,Bill Payment,Completed,30.0
9053,16,45,290,6,2026-03-15,Bill Payment,Completed,65.0
9054,11,28,259,3,2025-09-12,Bill Payment,Completed,45.0
9055,1,2,419,3,2025-04-24,Bill Payment,Completed,45.0
9056,6,13,795,2,2025-05-11,New Activation,Completed,50.03
9057,5,11,2244,1,2025-12-09,Bill Payment,Completed,30.0
9058,2,4,168,6,2025-11-02,Bill Payment,Completed,65.0
9059,5,11,1283,3,2025-11-25,Upgrade,Completed,80.49
9060,18,49,2044,,2025-05-02,Accessory Sale,Completed,101.82
9061,16,45,501,2,2025-07-21,Bill Payment,Completed,40.0
9062,11,27,2317,1,2025-01-20,Bill Payment,Completed,30.0
9063,8,19,1716,3,2026-06-11,Upgrade,Completed,73.07
9064,12,32,2229,,2025-03-05,Accessory Sale,Refunded,-101.7
9065,17,47,448,3,2025-10-25,Bill Payment,Completed,45.0
9066,14,38,1126,2,2026-03-21,Bill Payment,Completed,40.0
9067,2,4,1350,5,2025-03-20,Bill Payment,Completed,60.0
9068,7,16,2241,5,2026-01-04,New Activation,Completed,66.2
9069,8,19,839,1,2026-04-23,Bill Payment,Completed,30.0
9070,4,10,955,5,2025-04-27,Bill Payment,Completed,60.0
9071,2,3,880,,2025-10-13,Accessory Sale,Completed,43.36
9072,14,37,1148,6,2025-06-16,New Activation,Voided,0.0
9073,18,50,2361,,2025-02-06,Accessory Sale,Voided,0.0
9074,6,14,269,,2025-12-22,Accessory Sale,Completed,73.27
9075,5,11,23,,2025-01-31,Accessory Sale,Voided,0.0
9076,5,11,1627,2,2025-07-15,Bill Payment,Refunded,-40.0
9077,5,11,1439,,2025-03-09,Accessory Sale,Voided,0.0
9078,14,36,1336,3,2025-07-18,Bill Payment,Completed,45.0
9079,14,38,2427,1,2026-03-30,Bill Payment,Completed,30.0
9080,11,28,990,2,2026-01-23,Bill Payment,Voided,0.0
9081,14,38,1061,,2026-01-06,Accessory Sale,Completed,13.15
9082,15,40,1266,2,2025-08-06,Bill Payment,Completed,40.0
9083,18,50,315,5,2025-04-26,Bill Payment,Completed,60.0
9084,14,36,689,5,2026-01-01,New Activation,Completed,70.5
9085,14,36,154,2,2026-05-20,Bill Payment,Completed,40.0
9086,5,11,2145,6,2025-08-21,Bill Payment,Completed,65.0
9087,14,37,1846,6,2025-06-18,Bill Payment,Completed,65.0
9088,17,48,404,4,2025-10-19,Upgrade,Completed,103.98
9089,9,23,1697,2,2026-06-14,Bill Payment,Completed,40.0
9090,2,5,1112,2,2026-06-25,Bill Payment,Completed,40.0
9091,15,40,1956,6,2025-11-30,Bill Payment,Completed,65.0
9092,11,27,2498,,2025-11-04,Accessory Sale,Completed,63.55
9093,3,7,921,1,2025-03-27,Bill Payment,Completed,30.0
9094,2,5,1085,2,2025-12-25,Bill Payment,Completed,40.0
9095,7,16,2251,5,2025-02-15,Bill Payment,Completed,60.0
9096,9,22,639,2,2025-12-04,Bill Payment,Completed,40.0
9097,18,49,854,4,2025-08-19,New Activation,Completed,66.01
9098,7,15,45,3,2025-08-02,New Activation,Completed,59.47
9099,2,5,372,5,2026-01-19,Bill Payment,Completed,60.0
9100,9,23,1766,6,2025-03-30,Bill Payment,Completed,65.0
9101,2,3,630,5,2026-06-26,Plan Change,Completed,2.73
9102,15,40,596,4,2026-04-09,Upgrade,Completed,128.06
9103,7,15,2079,4,2025-08-29,Plan Change,Refunded,-0.61
9104,15,40,1490,1,2026-06-21,Bill Payment,Completed,30.0
9105,5,12,337,2,2026-01-01,Bill Payment,Completed,40.0
9106,14,37,1944,6,2026-06-21,New Activation,Completed,75.76
9107,17,47,362,5,2025-08-14,New Activation,Completed,74.47
9108,1,2,2580,5,2025-03-09,Bill Payment,Voided,0.0
9109,1,2,1800,,2025-06-15,Accessory Sale,Completed,81.8
9110,2,4,1419,1,2025-10-28,Bill Payment,Completed,30.0
9111,16,44,1299,6,2025-10-17,New Activation,Completed,72.69
9112,12,31,1042,1,2026-05-16,Bill Payment,Completed,30.0
9113,5,11,1661,1,2025-05-04,Bill Payment,Completed,30.0
9114,2,5,1675,2,2025-01-25,Plan Change,Completed,0.07
9115,14,36,1654,5,2026-02-24,Upgrade,Completed,84.46
9116,4,9,2323,2,2025-10-06,Bill Payment,Completed,40.0
9117,3,7,793,6,2025-12-01,Bill Payment,Completed,65.0
9118,4,9,2172,3,2025-01-08,Upgrade,Completed,81.04
9119,17,48,321,4,2026-01-08,New Activation,Completed,60.66
9120,4,10,2022,1,2025-06-30,Bill Payment,Completed,30.0
9121,2,4,534,6,2026-06-16,Bill Payment,Refunded,-65.0
9122,2,4,417,4,2025-08-26,Plan Change,Completed,4.37
9123,11,28,1009,6,2026-02-25,Bill Payment,Completed,65.0
9124,14,36,625,2,2025-09-18,New Activation,Completed,47.63
9125,5,11,1767,4,2026-01-30,Bill Payment,Completed,55.0
9126,10,,412,6,2025-03-06,Plan Change,Completed,3.64
9127,7,16,2508,3,2025-09-28,Bill Payment,Completed,45.0
9128,6,13,1573,3,2025-08-31,Plan Change,Voided,0.0
9129,5,12,1918,3,2025-12-30,Bill Payment,Completed,45.0
9130,6,14,987,4,2025-04-22,Bill Payment,Completed,55.0
9131,5,11,808,5,2025-09-11,Bill Payment,Refunded,-60.0
9132,17,48,2499,2,2025-12-04,Bill Payment,Completed,40.0
9133,8,18,116,1,2025-08-07,Plan Change,Completed,1.11
9134,8,19,576,5,2026-01-04,Bill Payment,Voided,0.0
9135,8,18,1361,5,2025-01-17,Upgrade,Completed,95.84
9136,7,15,1598,2,2025-10-20,Bill Payment,Voided,0.0
9137,5,12,2162,6,2026-01-31,Bill Payment,Completed,65.0
9138,14,35,173,4,2026-04-26,Bill Payment,Completed,55.0
9139,16,45,2134,2,2025-12-01,New Activation,Refunded,-46.19
9140,16,43,2088,3,2026-02-23,Bill Payment,Completed,45.0
9141,1,1,957,,2025-10-31,Accessory Sale,Completed,90.03
9142,12,32,782,3,2025-05-28,Bill Payment,Refunded,-45.0
9143,10,26,2441,1,2026-05-19,Bill Payment,Completed,30.0
9144,16,44,1895,,2025-07-21,Accessory Sale,Completed,12.27
9145,10,24,2298,2,2025-01-04,New Activation,Completed,51.79
9146,9,20,2080,1,2025-11-02,Bill Payment,Refunded,-30.0
9147,3,8,1452,6,2025-08-19,New Activation,Completed,79.63
9148,1,2,1053,3,2026-05-03,Upgrade,Completed,122.41
9149,8,18,348,6,2025-02-01,Bill Payment,Completed,65.0
9150,7,15,464,5,2026-05-01,New Activation,Completed,74.34
9151,5,11,1343,3,2025-07-24,Bill Payment,Completed,45.0
9152,18,49,782,6,2026-05-30,New Activation,Completed,73.57
9153,8,18,1636,5,2025-11-06,Bill Payment,Completed,60.0
9154,12,32,2271,1,2025-04-22,Bill Payment,Completed,30.0
9155,8,18,1225,1,2026-02-19,New Activation,Completed,39.59
9156,14,37,541,6,2025-09-28,New Activation,Completed,72.94
9157,5,12,141,5,2026-01-12,Bill Payment,Completed,60.0
9158,11,28,1083,2,2026-04-26,Upgrade,Completed,115.72
9159,17,47,562,1,2025-01-26,Bill Payment,Completed,30.0
9160,6,14,2334,4,2026-03-31,Bill Payment,Completed,55.0
9161,1,1,2062,6,2025-08-18,Bill Payment,Completed,65.0
9162,10,26,635,4,2025-03-03,Bill Payment,Completed,55.0
9163,5,12,1105,5,2026-04-07,Bill Payment,Completed,60.0
9164,13,34,1778,,2026-03-14,Accessory Sale,Completed,60.93
9165,14,38,1024,,2025-08-31,Accessory Sale,Completed,69.97
9166,4,10,1011,,2025-09-13,Accessory Sale,Completed,129.78
9167,2,5,1385,1,2026-06-19,Bill Payment,Completed,30.0
9168,15,39,1527,6,2026-04-15,New Activation,Completed,76.38
9169,18,49,1513,2,2025-10-16,Bill Payment,Completed,40.0
9170,7,16,1601,3,2025-04-23,Bill Payment,Completed,45.0
9171,7,16,350,5,2025-01-08,Upgrade,Completed,113.68
9172,11,28,2567,5,2026-01-26,Upgrade,Refunded,-119.05
9173,16,46,634,2,2025-03-10,Bill Payment,Completed,40.0
9174,9,23,705,3,2026-03-24,Bill Payment,Completed,45.0
9175,6,14,587,6,2025-01-25,Bill Payment,Completed,65.0
9176,15,40,1792,3,2026-02-18,Bill Payment,Completed,45.0
9177,16,44,58,2,2026-06-17,Bill Payment,Completed,40.0
9178,15,40,1617,4,2025-09-09,Bill Payment,Completed,55.0
9179,10,25,1494,,2026-05-24,Accessory Sale,Completed,70.7
9180,2,5,478,5,2026-06-03,New Activation,Completed,69.99
9181,16,46,2298,5,2025-07-15,Upgrade,Voided,0.0
9182,12,32,742,6,2025-03-15,New Activation,Completed,73.54
9183,15,40,197,4,2026-02-17,Bill Payment,Completed,55.0
9184,2,3,871,2,2025-07-08,New Activation,Refunded,-54.04
9185,15,41,540,6,2025-11-05,Upgrade,Completed,108.84
9186,12,31,2358,6,2026-03-05,Upgrade,Completed,123.88
9187,14,37,1585,6,2026-02-28,Bill Payment,Completed,65.0
9188,12,32,334,4,2025-08-16,Bill Payment,Completed,55.0
9189,13,33,1025,5,2025-08-25,Bill Payment,Completed,60.0
9190,18,49,1191,2,2025-04-17,Bill Payment,Completed,40.0
9191,5,12,1134,3,2026-02-11,Bill Payment,Completed,45.0
9192,11,27,785,3,2025-11-15,Upgrade,Completed,100.59
9193,12,31,492,6,2025-11-24,New Activation,Completed,73.17
9194,14,36,15,5,2025-12-16,Upgrade,Completed,124.1
9195,4,9,2476,1,2025-05-20,Bill Payment,Completed,30.0
9196,6,14,1276,5,2025-12-14,Plan Change,Completed,4.76
9197,8,19,1559,1,2025-04-18,Bill Payment,Completed,30.0
9198,15,42,1846,3,2025-01-23,New Activation,Voided,0.0
9199,8,18,2435,,2025-01-05,Accessory Sale,Completed,10.35
9200,4,9,1501,2,2025-10-26,New Activation,Refunded,-47.38
9201,16,43,1738,6,2025-09-23,Bill Payment,Completed,65.0
9202,10,24,165,6,2025-08-16,Bill Payment,Completed,65.0
9203,5,11,1620,3,2025-12-25,Bill Payment,Completed,45.0
9204,12,32,1835,3,2025-06-17,Bill Payment,Completed,45.0
9205,10,26,1691,1,2025-12-02,Bill Payment,Completed,30.0
9206,2,4,2417,3,2025-04-03,Bill Payment,Refunded,-45.0
9207,4,9,2519,5,2026-02-24,Bill Payment,Completed,60.0
9208,13,33,1872,6,2026-04-02,Plan Change,Completed,2.12
9209,8,,649,6,2025-07-06,Bill Payment,Completed,65.0
9210,17,47,1707,4,2026-05-15,New Activation,Completed,62.58
9211,6,14,2480,6,2026-06-19,Bill Payment,Voided,0.0
9212,9,22,2237,4,2026-04-17,Bill Payment,Completed,55.0
9213,10,26,1417,5,2025-01-05,Bill Payment,Completed,60.0
9214,1,,805,4,2025-03-10,Bill Payment,Completed,55.0
9215,16,43,1265,3,2025-01-18,New Activation,Completed,59.86
9216,2,4,2598,3,2025-04-11,Bill Payment,Completed,45.0
9217,1,2,242,1,2026-02-26,Bill Payment,Voided,0.0
9218,15,42,184,5,2025-08-30,New Activation,Completed,70.44
9219,9,22,2451,2,2026-04-29,New Activation,Voided,0.0
9220,14,36,550,2,2026-04-29,Bill Payment,Voided,0.0
9221,7,16,1395,,2025-09-30,Accessory Sale,Completed,76.6
9222,14,36,124,5,2026-04-25,New Activation,Completed,69.89
9223,12,31,2312,5,2025-10-03,Bill Payment,Completed,60.0
9224,5,11,606,,2025-05-29,Accessory Sale,Completed,18.3
9225,12,31,415,1,2026-05-09,New Activation,Completed,40.58
9226,3,8,2287,1,2026-03-13,Bill Payment,Completed,30.0
9227,15,,430,3,2025-02-08,Bill Payment,Completed,45.0
9228,3,6,131,5,2025-12-01,New Activation,Completed,69.5
9229,2,,463,6,2025-10-19,New Activation,Completed,71.28
9230,3,7,648,,2025-04-18,Accessory Sale,Completed,109.82
9231,8,17,1387,6,2025-06-30,Bill Payment,Voided,0.0
9232,8,19,1999,4,2026-03-21,Bill Payment,Refunded,-55.0
9233,6,14,1577,4,2025-01-21,Bill Payment,Completed,55.0
9234,9,20,260,6,2026-01-12,New Activation,Refunded,-72.19
9235,6,14,2568,2,2025-10-23,Plan Change,Completed,0.33
9236,16,43,2034,5,2025-01-09,Bill Payment,Completed,60.0
9237,11,29,1938,5,2025-01-22,New Activation,Completed,71.2
9238,8,19,1093,1,2026-04-18,Bill Payment,Completed,30.0
9239,14,38,2515,4,2026-02-09,New Activation,Refunded,-62.94
9240,6,14,2453,5,2026-06-22,New Activation,Voided,0.0
9241,14,37,59,6,2026-05-19,Bill Payment,Completed,65.0
9242,16,,2017,4,2025-01-12,New Activation,Completed,69.87
9243,6,14,709,3,2026-02-07,Bill Payment,Completed,45.0
9244,1,2,2513,5,2026-04-23,Bill Payment,Refunded,-60.0
9245,16,43,311,3,2025-08-18,Bill Payment,Completed,45.0
9246,6,13,292,3,2025-08-04,Bill Payment,Completed,45.0
9247,13,34,791,,2025-11-24,Accessory Sale,Completed,98.02
9248,14,36,295,2,2025-09-08,Bill Payment,Completed,40.0
9249,6,14,641,1,2025-01-21,Bill Payment,Completed,30.0
9250,4,10,2589,5,2026-06-02,Bill Payment,Completed,60.0
9251,2,3,2534,3,2025-05-21,Bill Payment,Completed,45.0
9252,17,48,671,4,2025-07-10,Bill Payment,Refunded,-55.0
9253,18,50,1409,6,2025-06-17,Plan Change,Voided,0.0
9254,1,,308,4,2025-06-03,Bill Payment,Completed,55.0
9255,2,3,329,5,2025-08-19,Bill Payment,Completed,60.0
9256,6,13,443,,2026-02-04,Accessory Sale,Refunded,-57.52
9257,8,19,2279,5,2025-12-01,Bill Payment,Voided,0.0
9258,18,50,2443,2,2025-12-05,Bill Payment,Completed,40.0
9259,6,,173,6,2025-05-02,Bill Payment,Completed,65.0
9260,4,10,2546,6,2025-01-29,Bill Payment,Completed,65.0
9261,12,32,2571,,2025-12-18,Accessory Sale,Completed,107.32
9262,5,12,268,2,2025-09-03,Bill Payment,Completed,40.0
9263,11,27,1292,5,2025-02-06,New Activation,Completed,69.54
9264,7,15,824,2,2025-03-11,Bill Payment,Completed,40.0
9265,11,29,2010,3,2026-03-07,Bill Payment,Completed,45.0
9266,17,48,2019,2,2025-01-07,Bill Payment,Completed,40.0
9267,11,28,2491,6,2026-03-22,Bill Payment,Completed,65.0
9268,9,22,2357,,2026-03-28,Accessory Sale,Completed,44.02
9269,8,19,1716,1,2026-05-02,Bill Payment,Completed,30.0
9270,11,29,442,,2026-01-11,Accessory Sale,Completed,124.16
9271,12,31,165,,2025-11-24,Accessory Sale,Refunded,-59.19
9272,13,34,2445,,2025-06-04,Accessory Sale,Completed,103.67
9273,4,9,46,,2025-02-04,Accessory Sale,Completed,134.15
9274,15,41,1024,4,2025-12-10,Bill Payment,Refunded,-55.0
9275,4,9,1478,2,2025-01-31,New Activation,Completed,49.12
9276,2,4,615,2,2025-12-23,Bill Payment,Completed,40.0
9277,1,2,1471,4,2025-05-18,Bill Payment,Completed,55.0
9278,13,33,758,,2025-03-10,Accessory Sale,Completed,102.07
9279,15,39,2421,4,2026-04-21,Upgrade,Completed,96.3
9280,16,46,1612,4,2026-02-05,Upgrade,Completed,132.33
9281,16,43,2315,2,2025-07-08,Bill Payment,Completed,40.0
9282,8,19,2594,2,2025-11-01,Bill Payment,Refunded,-40.0
9283,9,20,442,3,2025-08-29,Bill Payment,Completed,45.0
9284,18,,466,4,2025-06-02,Bill Payment,Completed,55.0
9285,8,18,1157,4,2026-03-15,Bill Payment,Completed,55.0
9286,4,10,2143,4,2026-03-29,Bill Payment,Voided,0.0
9287,2,3,951,4,2025-08-23,Bill Payment,Completed,55.0
9288,15,39,1562,6,2025-01-21,Bill Payment,Completed,65.0
9289,5,12,1375,2,2026-06-23,Bill Payment,Completed,40.0
9290,8,19,1263,5,2025-01-13,Bill Payment,Refunded,-60.0
9291,11,29,2288,,2025-06-30,Accessory Sale,Completed,148.21
9292,9,22,71,1,2026-02-08,Bill Payment,Completed,30.0
9293,3,6,1718,3,2025-01-08,Bill Payment,Completed,45.0
9294,5,12,1303,4,2025-07-26,Plan Change,Completed,4.18
9295,1,1,697,6,2025-08-22,Bill Payment,Completed,65.0
9296,9,21,1106,,2026-02-27,Accessory Sale,Completed,22.65
9297,1,1,1369,2,2025-11-17,Bill Payment,Completed,40.0
9298,11,28,194,2,2026-01-29,New Activation,Refunded,-48.91
9299,6,14,1326,4,2025-05-04,Bill Payment,Completed,55.0
9300,6,14,1275,6,2025-06-21,Bill Payment,Completed,65.0
9301,1,,1928,4,2025-01-27,New Activation,Refunded,-60.46
9302,6,13,1556,,2025-12-26,Accessory Sale,Completed,14.53
9303,15,41,436,2,2025-08-13,Plan Change,Completed,8.34
9304,12,32,545,6,2025-02-03,Bill Payment,Completed,65.0
9305,10,26,1556,3,2026-06-25,Bill Payment,Completed,45.0
9306,4,10,706,4,2026-03-10,Bill Payment,Refunded,-55.0
9307,2,3,469,3,2025-08-13,Bill Payment,Completed,45.0
9308,11,30,1760,5,2026-06-02,Bill Payment,Completed,60.0
9309,14,35,747,2,2026-01-30,New Activation,Completed,46.62
9310,11,29,1640,3,2025-06-15,Bill Payment,Completed,45.0
9311,1,2,1450,1,2025-06-17,Bill Payment,Completed,30.0
9312,2,4,2423,6,2025-01-16,New Activation,Completed,75.91
9313,1,,1974,3,2025-03-18,Bill Payment,Completed,45.0
9314,6,14,1897,5,2026-04-05,Upgrade,Completed,114.24
9315,6,14,1371,1,2025-02-05,Bill Payment,Completed,30.0
9316,5,11,2104,5,2025-10-04,Plan Change,Completed,3.35
9317,5,11,1665,3,2025-01-13,Upgrade,Completed,115.08
9318,3,7,2407,4,2025-03-19,Bill Payment,Completed,55.0
9319,18,,444,4,2026-01-22,Bill Payment,Completed,55.0
9320,13,34,2197,3,2025-01-29,Plan Change,Completed,6.44
9321,13,33,2581,2,2025-07-27,Bill Payment,Completed,40.0
9322,14,38,1177,4,2026-04-30,Bill Payment,Completed,55.0
9323,11,29,1817,5,2025-11-19,Plan Change,Completed,1.51
9324,8,19,1193,3,2026-03-25,Bill Payment,Completed,45.0
9325,1,1,615,5,2026-01-13,Bill Payment,Completed,60.0
9326,11,28,13,5,2025-06-27,Plan Change,Completed,8.61
9327,8,,2489,2,2025-12-29,Bill Payment,Refunded,-40.0
9328,10,25,1467,2,2025-04-09,Bill Payment,Completed,40.0
9329,6,14,665,4,2025-09-23,Bill Payment,Refunded,-55.0
9330,3,8,213,4,2025-11-24,Bill Payment,Completed,55.0
9331,3,,2169,3,2025-05-21,Upgrade,Completed,76.55
9332,10,25,2249,4,2025-07-14,New Activation,Completed,64.81
9333,14,37,2299,5,2026-03-04,Bill Payment,Completed,60.0
9334,11,27,2431,5,2025-04-08,Bill Payment,Completed,60.0
9335,16,46,664,5,2025-05-17,Bill Payment,Completed,60.0
9336,11,29,1027,5,2025-02-09,Bill Payment,Refunded,-60.0
9337,14,37,2056,6,2025-02-13,New Activation,Completed,78.3
9338,1,2,917,4,2025-10-14,Bill Payment,Completed,55.0
9339,12,32,596,1,2025-12-01,Bill Payment,Completed,30.0
9340,14,35,1637,,2025-05-02,Accessory Sale,Completed,17.58
9341,5,11,1035,4,2025-05-27,New Activation,Voided,0.0
9342,9,22,595,1,2026-03-25,Bill Payment,Completed,30.0
9343,11,27,936,,2025-10-17,Accessory Sale,Refunded,-24.35
9344,8,19,1491,1,2025-10-08,Bill Payment,Completed,30.0
9345,12,31,1669,,2025-01-21,Accessory Sale,Voided,0.0
9346,2,5,17,2,2026-06-03,Bill Payment,Completed,40.0
9347,13,34,1625,5,2026-02-04,Bill Payment,Completed,60.0
9348,17,48,1572,4,2025-09-23,Bill Payment,Completed,55.0
9349,10,25,905,1,2025-11-24,Bill Payment,Completed,30.0
9350,18,49,1775,5,2026-04-10,New Activation,Completed,70.32
9351,16,46,2386,,2026-06-26,Accessory Sale,Completed,75.98
9352,2,3,2381,1,2025-08-22,Bill Payment,Completed,30.0
9353,12,32,1069,2,2026-02-02,Bill Payment,Voided,0.0
9354,16,45,291,3,2026-01-09,Bill Payment,Completed,45.0
9355,9,22,845,5,2025-12-05,Bill Payment,Completed,60.0
9356,14,35,835,2,2025-02-24,Bill Payment,Completed,40.0
9357,4,9,1598,6,2026-04-08,Bill Payment,Completed,65.0
9358,9,21,173,3,2025-09-12,Bill Payment,Completed,45.0
9359,17,48,7,1,2026-03-30,Bill Payment,Completed,30.0
9360,7,16,50,6,2026-05-06,Bill Payment,Refunded,-65.0
9361,8,18,2029,,2025-04-15,Accessory Sale,Completed,24.81
9362,11,28,891,6,2025-01-21,Bill Payment,Completed,65.0
9363,5,,928,2,2025-09-23,Upgrade,Completed,75.78
9364,18,50,1118,1,2025-12-18,Bill Payment,Completed,30.0
9365,16,43,1185,6,2025-09-14,Plan Change,Completed,5.49
9366,17,47,424,5,2025-01-10,Bill Payment,Voided,0.0
9367,5,11,1760,1,2025-03-07,Bill Payment,Completed,30.0
9368,3,7,1656,6,2026-03-04,Bill Payment,Voided,0.0
9369,2,5,1525,1,2025-01-20,Bill Payment,Completed,30.0
9370,9,22,2307,,2026-03-11,Accessory Sale,Refunded,-83.04
9371,6,14,2376,4,2026-01-31,Upgrade,Completed,92.27
9372,8,19,124,3,2025-03-11,Bill Payment,Completed,45.0
9373,3,6,2052,6,2025-12-14,Plan Change,Completed,5.9
9374,3,8,1286,,2025-09-14,Accessory Sale,Completed,64.14
9375,14,36,195,3,2026-01-29,Bill Payment,Completed,45.0
9376,14,38,1697,3,2025-08-31,Bill Payment,Completed,45.0
9377,14,37,1845,2,2025-07-27,Bill Payment,Completed,40.0
9378,14,36,458,5,2026-01-05,Upgrade,Completed,95.87
9379,8,18,1078,5,2026-06-27,Bill Payment,Completed,60.0
9380,13,33,1865,6,2026-04-03,Bill Payment,Completed,65.0
9381,14,37,896,5,2026-05-26,Bill Payment,Refunded,-60.0
9382,6,14,678,3,2025-05-10,Bill Payment,Completed,45.0
9383,18,49,1038,2,2026-03-09,Bill Payment,Completed,40.0
9384,16,45,209,4,2025-01-09,Bill Payment,Completed,55.0
9385,14,37,592,3,2025-08-14,Bill Payment,Voided,0.0
9386,4,10,1018,6,2025-11-01,Bill Payment,Voided,0.0
9387,17,48,631,5,2026-06-02,Bill Payment,Completed,60.0
9388,11,29,1211,2,2026-02-03,New Activation,Completed,49.65
9389,15,39,1590,5,2026-02-10,Bill Payment,Voided,0.0
9390,10,26,2104,6,2025-01-21,Bill Payment,Completed,65.0
9391,2,4,2064,1,2025-04-26,Bill Payment,Completed,30.0
9392,15,42,68,4,2026-02-07,New Activation,Completed,61.45
9393,8,18,1661,4,2026-06-14,Bill Payment,Completed,55.0
9394,16,44,118,,2026-05-17,Accessory Sale,Completed,90.46
9395,16,45,359,5,2025-06-03,Bill Payment,Completed,60.0
9396,4,9,516,3,2025-11-18,New Activation,Completed,53.72
9397,2,4,986,3,2026-04-24,Plan Change,Completed,2.85
9398,7,15,1500,4,2025-12-30,Upgrade,Completed,120.63
9399,11,30,1377,,2025-02-23,Accessory Sale,Completed,149.14
9400,2,5,877,3,2026-05-19,Bill Payment,Completed,45.0
9401,9,20,1630,2,2026-03-11,Bill Payment,Completed,40.0
9402,18,,1401,2,2025-04-17,Bill Payment,Completed,40.0
9403,18,50,415,5,2025-11-02,Bill Payment,Completed,60.0
9404,11,27,2117,4,2026-03-31,Bill Payment,Completed,55.0
9405,17,48,302,3,2025-11-08,Bill Payment,Completed,45.0
9406,8,17,2305,1,2025-10-31,Bill Payment,Completed,30.0
9407,17,47,1438,3,2026-04-21,Upgrade,Completed,78.64
9408,8,17,2472,2,2025-04-26,Bill Payment,Completed,40.0
9409,13,33,1546,3,2025-03-24,Bill Payment,Completed,45.0
9410,12,31,59,1,2025-12-09,Bill Payment,Completed,30.0
9411,2,5,1318,2,2025-12-24,Bill Payment,Completed,40.0
9412,3,8,987,3,2025-02-18,Bill Payment,Completed,45.0
9413,5,11,1231,2,2026-02-19,Bill Payment,Completed,40.0
9414,2,4,2439,5,2025-04-14,Bill Payment,Completed,60.0
9415,17,47,585,6,2025-12-05,Bill Payment,Completed,65.0
9416,11,27,1262,1,2025-12-19,Bill Payment,Completed,30.0
9417,14,35,1685,1,2025-02-14,Bill Payment,Completed,30.0
9418,6,14,213,6,2026-06-17,Bill Payment,Completed,65.0
9419,17,48,775,1,2025-02-23,Bill Payment,Completed,30.0
9420,6,13,624,2,2025-12-19,New Activation,Completed,49.01
9421,11,27,1166,3,2026-06-23,Upgrade,Completed,74.44
9422,6,,1581,3,2025-01-26,Bill Payment,Completed,45.0
9423,14,35,2444,,2026-02-17,Accessory Sale,Completed,137.55
9424,7,15,958,1,2025-09-20,Bill Payment,Completed,30.0
9425,8,18,1376,4,2025-02-24,Bill Payment,Completed,55.0
9426,6,,225,1,2025-12-18,Bill Payment,Completed,30.0
9427,1,1,343,4,2026-05-13,Bill Payment,Completed,55.0
9428,12,32,462,5,2025-12-12,Plan Change,Completed,9.55
9429,5,12,2136,,2025-10-21,Accessory Sale,Completed,69.1
9430,7,15,1746,4,2025-03-11,Bill Payment,Refunded,-55.0
9431,2,3,2153,,2025-01-19,Accessory Sale,Completed,83.63
9432,1,1,1715,,2025-02-10,Accessory Sale,Completed,145.48
9433,3,,1379,2,2025-04-03,Bill Payment,Completed,40.0
9434,7,15,1771,3,2025-12-11,New Activation,Completed,52.84
9435,2,3,1626,,2026-01-02,Accessory Sale,Completed,64.92
9436,6,14,1303,2,2025-07-19,Upgrade,Completed,108.62
9437,12,31,339,2,2025-10-04,Bill Payment,Voided,0.0
9438,10,24,1466,5,2025-08-19,Bill Payment,Completed,60.0
9439,2,4,743,3,2025-12-25,Bill Payment,Completed,45.0
9440,1,1,1104,3,2026-04-05,Bill Payment,Completed,45.0
9441,17,48,1326,2,2025-11-26,Bill Payment,Completed,40.0
9442,5,11,1539,3,2025-12-06,Bill Payment,Completed,45.0
9443,16,43,826,5,2025-04-30,Bill Payment,Voided,0.0
9444,5,12,1384,2,2026-04-14,Bill Payment,Completed,40.0
9445,10,24,1107,3,2025-08-25,Plan Change,Completed,4.75
9446,5,12,1154,,2026-05-23,Accessory Sale,Completed,142.0
9447,8,17,1945,3,2025-11-16,Bill Payment,Completed,45.0
9448,17,47,112,5,2025-05-10,Plan Change,Completed,7.05
9449,13,34,1055,1,2025-04-09,New Activation,Completed,43.26
9450,5,11,1044,5,2026-04-07,Upgrade,Completed,92.71
9451,7,15,1565,4,2025-10-27,Bill Payment,Completed,55.0
9452,12,32,1007,1,2026-04-17,Plan Change,Completed,7.19
9453,12,32,196,,2026-05-14,Accessory Sale,Completed,83.97
9454,6,14,1240,1,2026-03-31,Bill Payment,Completed,30.0
9455,3,7,1606,3,2025-03-26,Bill Payment,Completed,45.0
9456,5,11,1221,5,2025-07-25,Bill Payment,Completed,60.0
9457,2,,2569,3,2026-01-11,Upgrade,Completed,74.11
9458,18,49,1337,,2026-05-13,Accessory Sale,Completed,12.2
9459,8,19,1476,2,2025-04-07,Upgrade,Voided,0.0
9460,11,30,1375,2,2025-11-15,Upgrade,Completed,80.57
9461,1,2,1563,,2026-03-06,Accessory Sale,Completed,148.16
9462,18,49,1283,3,2025-06-11,Plan Change,Refunded,-1.59
9463,2,5,153,2,2025-10-16,Bill Payment,Voided,0.0
9464,11,30,31,5,2025-09-26,New Activation,Completed,72.36
9465,15,40,652,3,2026-03-19,Bill Payment,Completed,45.0
9466,14,35,969,1,2026-01-09,New Activation,Completed,43.12
9467,10,26,290,3,2025-10-24,Bill Payment,Voided,0.0
9468,1,1,2564,3,2026-01-21,Bill Payment,Voided,0.0
9469,5,12,240,1,2025-06-09,Bill Payment,Completed,30.0
9470,16,43,125,2,2025-07-29,Bill Payment,Voided,0.0
9471,14,36,150,5,2025-09-03,New Activation,Completed,72.75
9472,1,1,1820,2,2026-05-31,Plan Change,Completed,8.43
9473,4,9,1063,2,2025-07-15,New Activation,Voided,0.0
9474,3,8,2209,,2025-07-23,Accessory Sale,Completed,131.65
9475,6,,1571,2,2025-03-18,Bill Payment,Completed,40.0
9476,16,43,1327,4,2025-02-15,Bill Payment,Completed,55.0
9477,2,3,1462,2,2025-08-30,New Activation,Completed,51.1
9478,4,9,1058,3,2025-06-03,Bill Payment,Refunded,-45.0
9479,6,13,1617,2,2025-08-28,Bill Payment,Completed,40.0
9480,2,3,342,4,2026-05-16,Bill Payment,Completed,55.0
9481,7,15,95,6,2025-04-22,Upgrade,Completed,134.22
9482,8,18,324,,2026-04-10,Accessory Sale,Completed,119.39
9483,11,28,1733,1,2026-03-03,Upgrade,Completed,105.13
9484,1,2,1943,2,2025-04-08,Upgrade,Completed,109.53
9485,1,1,425,,2025-10-07,Accessory Sale,Completed,79.49
9486,6,13,1927,3,2025-09-18,New Activation,Completed,53.58
9487,11,27,1696,1,2026-05-25,Plan Change,Completed,6.07
9488,18,50,1429,2,2025-06-22,Bill Payment,Refunded,-40.0
9489,8,18,1396,3,2025-10-30,Bill Payment,Completed,45.0
9490,5,11,442,4,2025-02-19,Bill Payment,Completed,55.0
9491,11,29,2093,1,2026-01-27,Bill Payment,Completed,30.0
9492,17,48,1828,5,2025-12-04,Bill Payment,Completed,60.0
9493,8,17,933,3,2025-05-24,Bill Payment,Completed,45.0
9494,8,19,1300,5,2025-10-07,New Activation,Completed,73.85
9495,11,,24,5,2025-06-07,New Activation,Completed,74.17
9496,11,28,1904,1,2026-02-16,Bill Payment,Completed,30.0
9497,9,22,615,6,2026-02-14,Upgrade,Completed,143.58
9498,15,42,618,2,2025-03-10,Bill Payment,Refunded,-40.0
9499,2,3,496,1,2025-01-01,Bill Payment,Completed,30.0
9500,6,14,2395,3,2026-05-19,Upgrade,Refunded,-92.24
9501,7,16,1638,6,2026-02-11,Bill Payment,Completed,65.0
9502,1,2,2030,5,2025-11-26,Bill Payment,Completed,60.0
9503,13,34,956,2,2026-02-07,Bill Payment,Completed,40.0
9504,6,,726,4,2026-02-21,Bill Payment,Completed,55.0
9505,8,17,912,1,2025-04-26,Plan Change,Completed,6.05
9506,16,44,1012,1,2025-06-18,Plan Change,Completed,9.27
9507,5,12,1132,1,2026-04-06,Bill Payment,Completed,30.0
9508,2,4,1930,6,2025-02-12,Bill Payment,Completed,65.0
9509,8,19,1092,5,2026-05-15,Bill Payment,Completed,60.0
9510,2,4,505,2,2026-04-16,Bill Payment,Completed,40.0
9511,12,31,1386,5,2026-06-14,Bill Payment,Completed,60.0
9512,18,50,2458,2,2025-11-16,Bill Payment,Completed,40.0
9513,6,13,2581,2,2026-03-05,Bill Payment,Completed,40.0
9514,16,44,1994,6,2026-06-03,Bill Payment,Completed,65.0
9515,7,16,290,,2026-04-07,Accessory Sale,Voided,0.0
9516,15,40,390,4,2026-02-03,Bill Payment,Completed,55.0
9517,18,50,955,1,2025-12-11,Bill Payment,Completed,30.0
9518,6,,679,5,2026-05-31,Bill Payment,Completed,60.0
9519,7,16,2485,3,2026-06-30,Bill Payment,Completed,45.0
9520,5,11,1073,2,2025-09-19,Bill Payment,Completed,40.0
9521,1,1,1470,5,2025-07-18,Upgrade,Completed,117.8
9522,9,20,1236,,2026-01-11,Accessory Sale,Completed,34.91
9523,5,11,2243,,2025-02-16,Accessory Sale,Voided,0.0
9524,13,33,761,,2026-02-16,Accessory Sale,Refunded,-29.98
9525,7,16,349,4,2025-08-23,Bill Payment,Completed,55.0
9526,8,17,938,1,2025-06-22,New Activation,Completed,36.17
9527,13,34,2459,5,2026-04-18,Bill Payment,Completed,60.0
9528,10,25,887,1,2025-06-08,Bill Payment,Completed,30.0
9529,18,50,1312,,2025-04-11,Accessory Sale,Completed,106.49
9530,8,19,1107,3,2025-07-01,Bill Payment,Completed,45.0
9531,7,15,479,5,2025-12-09,Bill Payment,Completed,60.0
9532,13,33,2342,,2026-03-27,Accessory Sale,Voided,0.0
9533,11,30,1570,5,2025-10-09,Bill Payment,Completed,60.0
9534,12,31,2341,5,2025-10-02,Plan Change,Voided,0.0
9535,9,21,906,,2026-04-12,Accessory Sale,Completed,100.66
9536,5,12,1560,2,2025-09-18,Bill Payment,Completed,40.0
9537,7,16,875,6,2026-06-06,Bill Payment,Completed,65.0
9538,17,48,163,2,2025-08-12,Bill Payment,Completed,40.0
9539,11,29,882,4,2025-03-04,Bill Payment,Completed,55.0
9540,5,12,13,6,2025-08-21,Bill Payment,Completed,65.0
9541,7,16,1940,6,2025-07-11,Bill Payment,Completed,65.0
9542,6,13,1827,,2025-07-08,Accessory Sale,Completed,91.07
9543,12,32,1908,6,2025-01-23,Bill Payment,Completed,65.0
9544,14,37,559,4,2026-06-14,Bill Payment,Completed,55.0
9545,12,31,937,2,2025-07-13,Bill Payment,Completed,40.0
9546,14,38,1233,2,2025-06-11,Bill Payment,Refunded,-40.0
9547,11,29,2280,5,2025-05-12,Bill Payment,Completed,60.0
9548,12,32,1006,1,2025-11-19,Bill Payment,Completed,30.0
9549,6,13,2587,,2026-06-17,Accessory Sale,Completed,60.32
9550,7,16,1977,1,2025-08-06,Bill Payment,Completed,30.0
9551,10,25,255,5,2026-01-14,New Activation,Completed,74.9
9552,17,48,857,3,2025-01-30,New Activation,Refunded,-50.87
9553,2,5,133,3,2025-09-01,New Activation,Voided,0.0
9554,18,50,2356,,2026-06-22,Accessory Sale,Completed,109.72
9555,6,14,223,6,2025-08-04,Upgrade,Completed,109.68
9556,14,35,1953,6,2026-05-22,Bill Payment,Completed,65.0
9557,3,7,802,4,2025-03-07,Bill Payment,Completed,55.0
9558,11,29,2508,,2026-04-28,Accessory Sale,Completed,38.29
9559,10,26,1632,,2025-06-21,Accessory Sale,Completed,129.76
9560,16,44,1737,3,2025-06-20,Bill Payment,Completed,45.0
9561,10,26,258,5,2026-04-04,Bill Payment,Completed,60.0
9562,14,38,523,6,2025-11-18,New Activation,Completed,77.64
9563,5,12,742,1,2025-05-22,Bill Payment,Completed,30.0
9564,14,38,2399,4,2026-02-20,New Activation,Completed,64.12
9565,12,32,2585,5,2025-02-26,Bill Payment,Voided,0.0
9566,12,32,1388,5,2025-08-18,Bill Payment,Completed,60.0
9567,8,17,749,3,2025-08-12,Bill Payment,Completed,45.0
9568,2,3,624,1,2026-05-16,New Activation,Voided,0.0
9569,3,7,2122,1,2025-01-07,Bill Payment,Completed,30.0
9570,8,18,724,2,2025-01-06,Bill Payment,Completed,40.0
9571,6,13,127,2,2025-02-08,Plan Change,Completed,3.42
9572,8,19,790,5,2026-04-23,Bill Payment,Completed,60.0
9573,9,23,475,,2026-05-26,Accessory Sale,Completed,120.41
9574,1,,1865,2,2025-05-12,Plan Change,Refunded,-8.5
9575,6,14,236,5,2025-10-02,Bill Payment,Completed,60.0
9576,16,43,1645,4,2026-03-09,Bill Payment,Completed,55.0
9577,5,11,348,1,2026-03-25,Upgrade,Completed,81.21
9578,5,11,986,,2025-05-06,Accessory Sale,Voided,0.0
9579,7,16,852,3,2025-09-25,Bill Payment,Completed,45.0
9580,15,42,1714,6,2025-04-14,Bill Payment,Completed,65.0
9581,9,23,951,5,2025-02-09,Bill Payment,Completed,60.0
9582,11,30,1316,2,2026-06-03,Bill Payment,Completed,40.0
9583,15,42,1225,3,2025-10-14,Bill Payment,Completed,45.0
9584,9,21,58,6,2026-03-29,Bill Payment,Completed,65.0
9585,18,49,1549,2,2025-02-05,Bill Payment,Completed,40.0
9586,8,,1853,2,2026-03-21,New Activation,Completed,52.8
9587,5,12,2544,6,2025-08-02,Bill Payment,Refunded,-65.0
9588,6,13,688,2,2025-01-24,Upgrade,Completed,110.64
9589,5,11,1035,4,2025-05-27,New Activation,Voided,0.0
9590,18,49,2352,2,2025-04-10,Upgrade,Completed,90.44
9591,16,46,771,,2025-04-21,Accessory Sale,Voided,0.0
9592,4,10,687,1,2025-06-21,Plan Change,Completed,2.08
9593,14,37,1473,1,2026-03-24,Bill Payment,Completed,30.0
9594,1,2,1108,5,2026-01-16,Bill Payment,Completed,60.0
9595,5,11,568,,2025-12-14,Accessory Sale,Completed,22.89
9596,11,29,2392,,2025-09-20,Accessory Sale,Completed,29.7
9597,11,28,1071,1,2025-10-26,Bill Payment,Voided,0.0
9598,15,42,167,,2026-02-07,Accessory Sale,Completed,140.17
9599,8,19,1547,2,2025-09-28,Bill Payment,Completed,40.0
9600,9,20,1250,1,2025-10-05,Bill Payment,Completed,30.0
9601,16,44,818,6,2026-05-01,Bill Payment,Completed,65.0
9602,6,14,2446,1,2025-07-07,Bill Payment,Voided,0.0
9603,5,12,2537,6,2026-04-06,New Activation,Completed,77.28
9604,14,35,397,3,2025-02-23,Bill Payment,Completed,45.0
9605,18,49,2600,6,2025-10-07,Bill Payment,Completed,65.0
9606,11,28,2556,6,2025-04-16,Bill Payment,Completed,65.0
9607,13,33,1639,6,2026-02-02,Bill Payment,Completed,65.0
9608,16,43,2217,1,2025-05-30,New Activation,Completed,42.13
9609,14,36,2146,4,2026-05-06,Bill Payment,Completed,55.0
9610,9,20,2220,,2025-10-14,Accessory Sale,Voided,0.0
9611,12,31,1860,2,2025-08-28,New Activation,Completed,53.32
9612,1,1,1607,4,2026-04-22,Plan Change,Voided,0.0
9613,12,32,2256,3,2025-03-19,Upgrade,Refunded,-104.2
9614,5,12,1204,5,2025-03-26,Upgrade,Completed,85.88
9615,8,17,1317,,2025-08-08,Accessory Sale,Voided,0.0
9616,6,14,1763,4,2025-11-07,Bill Payment,Voided,0.0
9617,18,49,770,3,2026-01-11,New Activation,Completed,51.96
9618,7,15,334,4,2026-02-18,Bill Payment,Completed,55.0
9619,1,2,387,6,2025-09-18,Bill Payment,Completed,65.0
9620,14,35,2546,4,2025-09-05,Bill Payment,Refunded,-55.0
9621,13,34,1960,3,2025-01-19,Bill Payment,Refunded,-45.0
9622,18,50,869,4,2026-03-22,Bill Payment,Completed,55.0
9623,7,15,918,1,2025-09-18,Bill Payment,Completed,30.0
9624,7,16,2338,,2025-08-17,Accessory Sale,Completed,142.66
9625,13,34,2286,2,2026-03-18,Bill Payment,Completed,40.0
9626,3,7,128,1,2025-12-09,Bill Payment,Completed,30.0
9627,17,47,1391,4,2025-06-20,Bill Payment,Voided,0.0
9628,5,11,33,1,2025-09-28,Bill Payment,Completed,30.0
9629,8,18,253,1,2026-01-21,Bill Payment,Refunded,-30.0
9630,6,13,734,,2025-04-06,Accessory Sale,Completed,136.24
9631,13,33,1235,1,2026-01-16,Upgrade,Completed,69.77
9632,2,4,1903,5,2025-02-21,Bill Payment,Completed,60.0
9633,12,31,581,5,2025-04-18,Plan Change,Completed,0.8
9634,11,27,997,2,2025-04-07,New Activation,Completed,47.28
9635,2,3,1147,4,2025-12-11,Bill Payment,Completed,55.0
9636,7,,711,5,2025-10-28,Bill Payment,Refunded,-60.0
9637,4,10,804,2,2025-06-13,New Activation,Completed,45.19
9638,10,24,2146,,2025-03-06,Accessory Sale,Completed,38.06
9639,3,8,687,5,2025-07-01,Plan Change,Completed,4.26
9640,3,6,2106,1,2025-07-05,Bill Payment,Completed,30.0
9641,5,12,1565,,2026-04-28,Accessory Sale,Refunded,-93.19
9642,14,35,1135,6,2025-09-04,Bill Payment,Completed,65.0
9643,6,,224,1,2025-09-20,Bill Payment,Completed,30.0
9644,5,11,2343,5,2025-03-20,Bill Payment,Completed,60.0
9645,12,31,2465,1,2026-06-25,Bill Payment,Completed,30.0
9646,14,38,280,2,2025-12-30,Bill Payment,Completed,40.0
9647,4,10,151,6,2025-10-23,Bill Payment,Completed,65.0
9648,11,29,693,4,2025-07-22,Bill Payment,Voided,0.0
9649,2,4,2049,3,2026-04-21,Bill Payment,Completed,45.0
9650,10,25,290,4,2025-07-17,Bill Payment,Voided,0.0
9651,16,43,495,3,2026-06-20,Upgrade,Completed,104.3
9652,9,23,1335,2,2026-01-05,Bill Payment,Completed,40.0
9653,16,44,597,,2026-02-21,Accessory Sale,Completed,81.37
9654,5,11,966,1,2025-03-07,Upgrade,Refunded,-57.3
9655,9,23,1058,6,2025-06-27,Bill Payment,Completed,65.0
9656,8,19,1401,6,2025-12-31,Upgrade,Completed,107.59
9657,2,5,623,4,2025-12-31,New Activation,Completed,69.54
9658,11,,1638,3,2025-04-29,Bill Payment,Completed,45.0
9659,18,50,1483,3,2026-05-13,Bill Payment,Completed,45.0
9660,3,8,1655,,2025-03-26,Accessory Sale,Completed,44.96
9661,14,37,542,6,2026-01-26,Bill Payment,Refunded,-65.0
9662,6,13,92,3,2025-05-04,Bill Payment,Completed,45.0
9663,12,32,1829,,2026-03-06,Accessory Sale,Completed,115.19
9664,3,6,710,6,2026-03-02,Bill Payment,Completed,65.0
9665,15,,1557,1,2025-09-26,Bill Payment,Completed,30.0
9666,7,16,925,1,2025-06-09,Bill Payment,Refunded,-30.0
9667,14,36,177,5,2025-11-11,Bill Payment,Completed,60.0
9668,8,18,2293,,2025-02-25,Accessory Sale,Completed,84.95
9669,18,49,1114,4,2025-12-06,Bill Payment,Completed,55.0
9670,13,33,690,3,2026-06-27,Bill Payment,Completed,45.0
9671,9,22,939,5,2025-01-08,New Activation,Refunded,-72.87
9672,9,22,2023,6,2026-05-11,Upgrade,Completed,127.33
9673,2,3,1618,6,2025-07-19,Bill Payment,Completed,65.0
9674,15,40,352,4,2026-02-10,Bill Payment,Completed,55.0
9675,1,2,1626,6,2026-02-12,Bill Payment,Completed,65.0
9676,6,13,1522,3,2025-07-12,Bill Payment,Completed,45.0
9677,14,38,2529,3,2025-07-01,Bill Payment,Completed,45.0
9678,3,6,1572,4,2026-01-21,Plan Change,Completed,2.18
9679,6,14,2453,,2026-02-06,Accessory Sale,Completed,58.1
9680,12,31,1401,2,2026-03-30,Bill Payment,Voided,0.0
9681,1,2,1278,5,2025-02-18,New Activation,Completed,66.31
9682,17,47,434,1,2025-06-18,Bill Payment,Completed,30.0
9683,14,37,2163,5,2025-04-08,Bill Payment,Voided,0.0
9684,11,29,545,4,2025-11-10,Bill Payment,Completed,55.0
9685,15,39,2357,5,2025-09-28,Bill Payment,Completed,60.0
9686,5,12,30,2,2025-12-29,Bill Payment,Completed,40.0
9687,2,3,1839,3,2025-05-01,Upgrade,Completed,111.22
9688,4,9,2368,3,2025-09-04,Upgrade,Completed,73.3
9689,13,33,295,2,2025-03-13,Bill Payment,Completed,40.0
9690,17,47,2276,6,2026-06-22,Bill Payment,Completed,65.0
9691,14,38,760,1,2025-03-23,New Activation,Completed,44.27
9692,5,11,2577,,2026-02-09,Accessory Sale,Completed,42.81
9693,2,4,865,5,2026-01-03,Plan Change,Completed,9.45
9694,5,,2300,6,2025-11-03,Bill Payment,Completed,65.0
9695,1,2,930,1,2025-10-07,Bill Payment,Completed,30.0
9696,10,24,497,3,2026-05-05,Bill Payment,Refunded,-45.0
9697,13,34,2092,,2025-11-02,Accessory Sale,Completed,42.42
9698,3,7,2111,3,2025-07-04,Bill Payment,Completed,45.0
9699,16,43,2527,4,2026-03-04,Bill Payment,Completed,55.0
9700,12,31,1054,3,2026-03-01,Bill Payment,Voided,0.0
9701,9,20,336,6,2025-11-17,Bill Payment,Completed,65.0
9702,11,27,220,4,2025-01-27,Bill Payment,Completed,55.0
9703,7,15,383,5,2025-06-18,New Activation,Completed,66.69
9704,6,14,44,4,2026-04-17,Bill Payment,Completed,55.0
9705,17,48,1989,5,2026-01-03,Bill Payment,Refunded,-60.0
9706,16,44,2208,1,2026-04-04,Upgrade,Completed,76.18
9707,14,36,1974,1,2025-01-27,Upgrade,Completed,109.49
9708,8,19,2093,2,2026-04-23,Upgrade,Completed,66.51
9709,6,13,2015,2,2025-11-12,Bill Payment,Completed,40.0
9710,8,17,1508,2,2025-10-18,Plan Change,Completed,2.28
9711,16,45,1847,2,2025-12-07,Bill Payment,Refunded,-40.0
9712,13,33,283,,2026-01-29,Accessory Sale,Completed,41.15
9713,18,49,1629,4,2025-12-21,New Activation,Completed,66.02
9714,14,36,798,4,2025-12-11,Bill Payment,Completed,55.0
9715,2,4,1302,2,2025-08-24,New Activation,Completed,46.0
9716,5,11,1898,,2025-06-13,Accessory Sale,Completed,117.36
9717,11,27,2120,5,2025-12-14,Bill Payment,Completed,60.0
9718,9,23,2184,3,2025-02-06,Bill Payment,Completed,45.0
9719,14,,2565,2,2025-12-15,Plan Change,Completed,3.73
9720,9,23,2020,3,2025-02-20,Bill Payment,Completed,45.0
9721,3,7,948,4,2026-02-04,New Activation,Voided,0.0
9722,4,9,575,2,2025-03-10,Upgrade,Refunded,-83.47
9723,18,49,828,1,2025-05-15,New Activation,Completed,42.65
9724,14,,1113,2,2025-04-30,Bill Payment,Refunded,-40.0
9725,11,30,1981,4,2025-03-26,Plan Change,Completed,2.91
9726,2,4,1960,4,2026-05-04,Bill Payment,Completed,55.0
9727,4,10,386,6,2025-08-15,Bill Payment,Refunded,-65.0
9728,13,34,704,3,2025-07-04,Bill Payment,Completed,45.0
9729,8,19,1026,5,2026-02-09,Bill Payment,Completed,60.0
9730,1,1,301,4,2025-04-12,Upgrade,Completed,116.84
9731,1,,841,5,2026-03-22,Bill Payment,Completed,60.0
9732,13,33,377,6,2025-05-15,Bill Payment,Completed,65.0
9733,4,9,2392,2,2026-06-05,Bill Payment,Voided,0.0
9734,2,4,2506,3,2026-06-10,New Activation,Completed,50.18
9735,5,11,698,,2025-06-05,Accessory Sale,Completed,64.6
9736,11,29,162,,2025-07-27,Accessory Sale,Completed,63.74
9737,7,15,2191,2,2025-06-02,Bill Payment,Refunded,-40.0
9738,3,8,2133,5,2025-05-15,Plan Change,Completed,0.34
9739,6,13,2264,2,2026-04-26,Bill Payment,Refunded,-40.0
9740,14,36,2490,4,2025-11-02,New Activation,Completed,61.43
9741,2,3,260,2,2026-04-25,Upgrade,Voided,0.0
9742,16,44,1066,3,2026-01-26,Bill Payment,Completed,45.0
9743,11,28,842,1,2026-05-18,Bill Payment,Completed,30.0
9744,2,3,2125,1,2026-02-12,Bill Payment,Refunded,-30.0
9745,10,24,537,1,2025-05-09,Bill Payment,Completed,30.0
9746,10,25,1151,6,2025-08-09,New Activation,Completed,73.37
9747,12,32,2227,2,2026-05-10,Plan Change,Completed,7.4
9748,2,3,1410,,2025-04-21,Accessory Sale,Completed,98.38
9749,16,43,253,5,2026-06-19,Bill Payment,Completed,60.0
9750,5,12,2494,5,2026-05-16,Bill Payment,Completed,60.0
9751,2,3,1711,3,2025-02-28,Plan Change,Completed,6.28
9752,11,27,667,4,2026-04-06,Bill Payment,Completed,55.0
9753,11,27,2501,3,2025-12-08,Bill Payment,Completed,45.0
9754,1,1,416,5,2026-03-22,Bill Payment,Completed,60.0
9755,18,50,1516,3,2025-12-19,New Activation,Completed,56.77
9756,2,3,2121,,2025-12-02,Accessory Sale,Refunded,-76.6
9757,12,31,2270,,2025-04-25,Accessory Sale,Completed,12.36
9758,11,30,647,5,2025-06-25,New Activation,Completed,70.36
9759,3,6,2067,4,2025-10-04,Bill Payment,Completed,55.0
9760,10,25,114,1,2025-04-05,Bill Payment,Voided,0.0
9761,6,13,278,4,2025-09-18,Bill Payment,Completed,55.0
9762,5,11,2341,1,2025-03-12,Bill Payment,Completed,30.0
9763,14,38,2143,3,2026-04-10,Bill Payment,Completed,45.0
9764,12,32,1517,3,2025-01-11,New Activation,Completed,50.16
9765,10,26,1939,4,2025-11-06,Bill Payment,Completed,55.0
9766,8,18,1785,3,2026-02-18,Bill Payment,Completed,45.0
9767,5,12,1856,4,2026-05-22,Bill Payment,Completed,55.0
9768,15,42,1005,,2026-06-07,Accessory Sale,Completed,84.4
9769,18,50,1926,2,2025-09-29,Bill Payment,Completed,40.0
9770,1,2,2058,6,2025-10-04,Bill Payment,Completed,65.0
9771,11,27,1766,6,2025-07-15,Bill Payment,Completed,65.0
9772,5,12,162,5,2026-03-30,New Activation,Completed,74.0
9773,17,47,1646,2,2026-02-23,Bill Payment,Completed,40.0
9774,8,17,2290,,2025-11-02,Accessory Sale,Completed,30.63
9775,18,49,1415,2,2026-05-17,Bill Payment,Voided,0.0
9776,14,35,1068,4,2025-09-23,Bill Payment,Voided,0.0
9777,10,25,1659,,2025-04-26,Accessory Sale,Completed,18.98
9778,8,17,117,5,2025-04-26,Plan Change,Refunded,-9.97
9779,17,47,804,1,2025-12-22,Bill Payment,Completed,30.0
9780,18,50,1015,2,2026-02-08,Plan Change,Refunded,-9.03
9781,18,49,512,2,2025-11-19,Plan Change,Completed,1.55
9782,8,19,2065,5,2025-11-25,Bill Payment,Completed,60.0
9783,14,35,1512,5,2025-12-21,New Activation,Voided,0.0
9784,6,14,1131,,2026-05-29,Accessory Sale,Completed,133.36
9785,6,14,914,4,2025-11-18,Bill Payment,Completed,55.0
9786,1,1,1520,,2025-04-04,Accessory Sale,Completed,49.05
9787,14,37,2350,4,2025-03-21,Bill Payment,Completed,55.0
9788,1,,1001,,2026-06-24,Accessory Sale,Refunded,-70.79
9789,12,31,629,,2025-10-25,Accessory Sale,Completed,49.78
9790,11,27,12,1,2025-09-25,Bill Payment,Completed,30.0
9791,11,29,1184,3,2025-09-15,Bill Payment,Completed,45.0
9792,18,50,1343,,2026-05-31,Accessory Sale,Completed,68.31
9793,14,37,89,,2025-10-22,Accessory Sale,Completed,54.08
9794,4,10,596,6,2025-06-20,Bill Payment,Completed,65.0
9795,14,,2090,6,2025-01-22,Upgrade,Completed,140.19
9796,2,5,1751,2,2025-08-18,Bill Payment,Completed,40.0
9797,18,49,654,5,2025-01-18,Bill Payment,Voided,0.0
9798,18,49,709,3,2025-05-11,Bill Payment,Refunded,-45.0
9799,12,31,1775,2,2025-07-08,New Activation,Completed,48.47
9800,1,1,2083,4,2026-05-30,Bill Payment,Completed,55.0
9801,1,2,202,6,2025-08-01,Bill Payment,Refunded,-65.0
9802,18,49,2183,6,2026-03-17,Bill Payment,Completed,65.0
9803,2,,2175,6,2026-02-23,Bill Payment,Completed,65.0
9804,5,12,1890,6,2026-06-26,New Activation,Completed,78.06
9805,5,11,536,3,2025-04-17,Bill Payment,Completed,45.0
9806,11,27,1057,4,2025-11-18,Bill Payment,Completed,55.0
9807,3,6,566,3,2025-01-09,Upgrade,Completed,109.54
9808,3,8,2359,2,2025-04-30,Bill Payment,Completed,40.0
9809,2,4,2066,,2025-02-17,Accessory Sale,Completed,58.03
9810,2,3,1247,,2026-03-06,Accessory Sale,Completed,34.26
9811,13,33,1304,1,2025-12-08,Bill Payment,Refunded,-30.0
9812,6,13,1645,3,2026-05-17,Bill Payment,Completed,45.0
9813,16,46,539,4,2026-01-09,New Activation,Completed,64.36
9814,11,27,587,,2025-09-15,Accessory Sale,Completed,141.88
9815,11,28,2168,4,2025-05-07,Bill Payment,Completed,55.0
9816,13,34,2070,1,2025-01-01,Bill Payment,Completed,30.0
9817,2,3,2290,6,2025-09-20,New Activation,Completed,74.5
9818,2,5,1140,5,2025-10-07,Upgrade,Completed,105.08
9819,15,40,510,,2026-01-03,Accessory Sale,Completed,130.98
9820,14,35,1290,1,2026-02-14,Bill Payment,Completed,30.0
9821,8,18,1896,3,2025-10-19,New Activation,Completed,51.14
9822,11,30,512,2,2025-08-26,Bill Payment,Completed,40.0
9823,3,6,2092,4,2026-05-19,Bill Payment,Completed,55.0
9824,3,7,1013,2,2025-06-10,Plan Change,Completed,2.45
9825,2,3,2426,5,2025-01-19,Bill Payment,Completed,60.0
9826,11,29,976,,2026-03-03,Accessory Sale,Refunded,-84.34
9827,8,17,1663,5,2026-02-28,Bill Payment,Voided,0.0
9828,10,25,13,6,2025-10-26,Bill Payment,Completed,65.0
9829,18,50,479,4,2026-03-28,Upgrade,Voided,0.0
9830,14,37,634,5,2026-01-13,Bill Payment,Refunded,-60.0
9831,15,40,1941,5,2025-10-13,Bill Payment,Completed,60.0
9832,5,11,355,,2026-01-24,Accessory Sale,Refunded,-73.5
9833,16,45,1773,3,2025-05-27,Bill Payment,Voided,0.0
9834,14,36,2457,6,2025-11-06,Bill Payment,Completed,65.0
9835,16,43,11,6,2025-02-11,Bill Payment,Voided,0.0
9836,16,46,593,,2025-01-20,Accessory Sale,Completed,146.44
9837,18,49,53,1,2025-02-17,Bill Payment,Voided,0.0
9838,2,5,1927,4,2025-11-17,Upgrade,Completed,108.36
9839,17,48,2386,1,2025-06-18,New Activation,Refunded,-41.38
9840,6,13,2416,5,2025-12-01,Bill Payment,Completed,60.0
9841,12,31,98,2,2025-02-25,Bill Payment,Completed,40.0
9842,5,11,440,,2026-05-15,Accessory Sale,Completed,83.02
9843,3,6,525,4,2025-09-12,Bill Payment,Completed,55.0
9844,4,10,494,2,2026-05-29,Bill Payment,Completed,40.0
9845,5,12,1811,3,2025-01-04,Bill Payment,Completed,45.0
9846,7,16,527,5,2026-03-02,Bill Payment,Completed,60.0
9847,5,11,1154,1,2025-09-15,Bill Payment,Completed,30.0
9848,4,9,1275,1,2025-07-30,Bill Payment,Voided,0.0
9849,17,47,2249,5,2025-05-26,Bill Payment,Voided,0.0
9850,11,28,1064,5,2025-07-07,Plan Change,Refunded,-9.13
9851,16,43,2408,2,2025-05-24,Bill Payment,Completed,40.0
9852,8,18,520,,2025-05-24,Accessory Sale,Completed,130.39
9853,1,2,2142,6,2026-03-27,New Activation,Completed,77.44
9854,16,45,2020,3,2026-04-20,Bill Payment,Completed,45.0
9855,10,,2048,5,2026-05-20,Bill Payment,Voided,0.0
9856,17,48,536,2,2026-06-09,New Activation,Completed,49.99
9857,12,32,1260,5,2026-01-05,Bill Payment,Refunded,-60.0
9858,4,9,459,1,2026-04-26,Bill Payment,Voided,0.0
9859,1,2,1780,5,2026-06-01,Bill Payment,Refunded,-60.0
9860,10,25,967,4,2025-02-22,Upgrade,Completed,99.87
9861,18,49,1343,2,2025-03-23,Bill Payment,Completed,40.0
9862,7,16,146,1,2026-04-03,Bill Payment,Completed,30.0
9863,13,34,2201,1,2025-07-18,Bill Payment,Completed,30.0
9864,1,2,560,4,2025-07-03,Bill Payment,Completed,55.0
9865,1,2,1692,5,2026-03-16,Bill Payment,Completed,60.0
9866,17,48,163,5,2026-03-23,Bill Payment,Completed,60.0
9867,9,21,1850,4,2025-09-27,Upgrade,Completed,108.63
9868,16,44,1407,,2026-04-17,Accessory Sale,Completed,144.94
9869,5,11,1477,4,2025-03-29,Bill Payment,Completed,55.0
9870,5,12,1448,5,2025-11-02,New Activation,Voided,0.0
9871,7,15,2395,2,2025-08-19,Bill Payment,Voided,0.0
9872,16,45,1001,4,2025-05-26,Bill Payment,Completed,55.0
9873,18,50,310,4,2026-03-21,Bill Payment,Completed,55.0
9874,12,32,1548,,2025-02-18,Accessory Sale,Completed,128.97
9875,17,48,325,6,2026-04-15,Bill Payment,Refunded,-65.0
9876,5,11,189,2,2026-04-02,Bill Payment,Completed,40.0
9877,14,37,1795,1,2025-10-11,Bill Payment,Completed,30.0
9878,14,35,619,4,2025-07-01,New Activation,Completed,64.43
9879,11,27,1039,3,2025-04-26,Bill Payment,Completed,45.0
9880,11,27,715,4,2025-06-29,Plan Change,Completed,4.33
9881,12,31,538,,2025-11-24,Accessory Sale,Completed,56.72
9882,6,14,1295,3,2026-03-14,Bill Payment,Completed,45.0
9883,5,11,856,1,2025-03-18,Upgrade,Completed,93.39
9884,8,18,2190,2,2025-01-27,Bill Payment,Completed,40.0
9885,3,7,1500,5,2025-01-31,Bill Payment,Completed,60.0
9886,3,,789,4,2025-03-25,Bill Payment,Completed,55.0
9887,12,32,1894,6,2026-06-09,New Activation,Completed,70.63
9888,7,15,633,5,2026-05-11,Bill Payment,Completed,60.0
9889,15,42,2044,2,2025-01-30,Bill Payment,Completed,40.0
9890,8,,168,1,2025-03-08,Plan Change,Refunded,-0.53
9891,2,4,478,6,2025-05-21,Bill Payment,Refunded,-65.0
9892,11,30,1179,4,2026-05-14,Bill Payment,Completed,55.0
9893,8,19,1073,6,2025-08-04,Upgrade,Completed,115.68
9894,17,48,1090,4,2025-09-26,Bill Payment,Completed,55.0
9895,6,14,221,,2025-05-08,Accessory Sale,Completed,72.94
9896,3,8,738,,2026-05-10,Accessory Sale,Completed,132.57
9897,4,,74,5,2026-06-07,New Activation,Completed,66.36
9898,8,17,1045,4,2025-11-05,Bill Payment,Refunded,-55.0
9899,7,16,1766,4,2026-06-12,Bill Payment,Completed,55.0
9900,14,38,1236,,2025-12-31,Accessory Sale,Completed,111.03
9901,3,6,2525,2,2025-01-29,Bill Payment,Completed,40.0
9902,11,30,1758,6,2025-02-26,Bill Payment,Completed,65.0
9903,9,22,9,6,2025-08-29,Bill Payment,Completed,65.0
9904,15,42,2292,1,2026-06-29,Bill Payment,Completed,30.0
9905,5,12,84,3,2026-04-01,Bill Payment,Completed,45.0
9906,13,33,2162,2,2025-09-23,Bill Payment,Completed,40.0
9907,3,6,1382,4,2025-04-01,Bill Payment,Completed,55.0
9908,7,16,1777,6,2025-05-14,Bill Payment,Completed,65.0
9909,3,6,2528,6,2025-05-26,Bill Payment,Completed,65.0
9910,17,48,2464,1,2025-05-06,Bill Payment,Refunded,-30.0
9911,6,13,2263,,2026-01-11,Accessory Sale,Completed,143.97
9912,18,50,1887,1,2026-02-01,Bill Payment,Completed,30.0
9913,5,11,1013,4,2025-01-25,New Activation,Completed,66.55
9914,6,14,461,3,2026-05-08,Bill Payment,Refunded,-45.0
9915,16,46,2220,3,2026-03-15,Bill Payment,Voided,0.0
9916,6,13,412,2,2025-11-09,Bill Payment,Completed,40.0
9917,3,6,365,,2026-05-29,Accessory Sale,Completed,135.79
9918,5,11,1187,3,2025-10-02,New Activation,Completed,51.87
9919,8,18,2040,5,2026-06-03,Bill Payment,Completed,60.0
9920,14,36,2049,2,2025-12-11,Bill Payment,Completed,40.0
9921,3,7,2259,1,2025-09-30,Bill Payment,Completed,30.0
9922,2,3,1665,1,2026-04-19,Bill Payment,Completed,30.0
9923,2,3,1108,5,2026-04-01,New Activation,Voided,0.0
9924,18,49,1982,4,2025-08-08,Bill Payment,Refunded,-55.0
9925,3,6,1751,6,2025-10-09,Bill Payment,Completed,65.0
9926,14,35,650,2,2025-07-05,Bill Payment,Completed,40.0
9927,6,14,985,2,2025-01-10,Bill Payment,Voided,0.0
9928,8,18,1267,4,2025-01-05,Bill Payment,Voided,0.0
9929,1,1,1748,1,2025-04-09,Bill Payment,Completed,30.0
9930,14,37,1774,6,2025-02-13,Bill Payment,Refunded,-65.0
9931,2,3,137,1,2025-04-28,New Activation,Completed,39.11
9932,9,20,909,2,2026-01-14,Bill Payment,Voided,0.0
9933,9,23,1227,1,2026-05-11,Bill Payment,Completed,30.0
9934,15,39,2504,6,2025-03-02,Bill Payment,Completed,65.0
9935,8,19,2326,,2025-09-29,Accessory Sale,Completed,33.33
9936,1,1,1657,2,2026-05-31,Bill Payment,Voided,0.0
9937,14,37,2451,6,2025-05-17,Bill Payment,Completed,65.0
9938,13,34,1641,,2025-03-05,Accessory Sale,Completed,21.08
9939,2,3,1915,4,2026-02-13,Bill Payment,Voided,0.0
9940,2,4,729,5,2026-03-11,Bill Payment,Completed,60.0
9941,3,8,2333,5,2025-12-02,Bill Payment,Completed,60.0
9942,15,42,2546,6,2025-06-23,Upgrade,Completed,122.11
9943,11,27,2032,2,2025-01-22,Bill Payment,Completed,40.0
9944,15,42,267,6,2026-02-09,Upgrade,Completed,92.22
9945,5,12,1604,5,2025-02-07,Bill Payment,Completed,60.0
9946,6,13,379,3,2025-09-04,Upgrade,Completed,122.19
9947,14,37,732,4,2025-03-12,Bill Payment,Completed,55.0
9948,18,49,1579,,2025-12-14,Accessory Sale,Completed,103.62
9949,5,11,485,1,2026-04-12,Bill Payment,Completed,30.0
9950,3,6,2599,6,2025-06-12,Bill Payment,Completed,65.0
9951,9,23,1077,3,2025-12-14,Bill Payment,Refunded,-45.0
9952,16,45,18,4,2025-08-23,Bill Payment,Completed,55.0
9953,18,50,2513,2,2025-08-08,Bill Payment,Refunded,-40.0
9954,2,4,1508,,2026-05-29,Accessory Sale,Refunded,-95.8
9955,11,28,238,2,2025-12-03,Bill Payment,Refunded,-40.0
9956,8,18,232,1,2025-04-29,Bill Payment,Completed,30.0
9957,8,17,1736,3,2025-11-15,Upgrade,Completed,108.6
9958,13,34,881,2,2026-01-31,Bill Payment,Completed,40.0
9959,14,37,496,1,2026-05-27,Bill Payment,Completed,30.0
9960,1,1,96,4,2025-03-07,New Activation,Refunded,-65.4
9961,12,32,2152,1,2026-06-11,New Activation,Refunded,-39.6
9962,11,28,670,3,2025-02-27,Bill Payment,Completed,45.0
9963,14,35,323,6,2026-04-08,Bill Payment,Completed,65.0
9964,16,45,66,2,2025-07-19,New Activation,Completed,46.61
9965,18,49,2514,3,2026-01-01,Bill Payment,Completed,45.0
9966,9,23,188,6,2025-12-28,Bill Payment,Completed,65.0
9967,12,32,885,6,2026-02-25,Upgrade,Completed,127.33
9968,2,5,2322,6,2025-03-09,Bill Payment,Completed,65.0
9969,16,45,2247,4,2025-07-31,Bill Payment,Completed,55.0
9970,14,37,1795,5,2025-09-08,Plan Change,Completed,9.41
9971,14,35,2543,2,2025-09-28,New Activation,Voided,0.0
9972,11,28,540,1,2025-06-06,New Activation,Refunded,-35.56
9973,5,12,1340,1,2025-03-23,Bill Payment,Completed,30.0
9974,11,,2527,4,2026-03-31,Bill Payment,Refunded,-55.0
9975,7,16,1452,4,2025-05-25,Bill Payment,Completed,55.0
9976,18,50,2356,4,2026-04-21,Bill Payment,Completed,55.0
9977,16,44,158,6,2025-02-09,Bill Payment,Refunded,-65.0
9978,8,18,1761,1,2025-09-23,Bill Payment,Completed,30.0
9979,9,20,2322,1,2025-02-23,Bill Payment,Completed,30.0
9980,10,24,668,5,2025-07-22,New Activation,Completed,69.54
9981,5,11,2242,2,2026-06-07,Bill Payment,Completed,40.0
9982,11,30,1813,6,2026-02-19,Upgrade,Completed,88.48
9983,13,34,1384,,2025-02-10,Accessory Sale,Completed,70.76
9984,8,19,1295,4,2026-02-14,Bill Payment,Completed,55.0
9985,6,13,2112,6,2025-03-25,Bill Payment,Refunded,-65.0
9986,3,6,1474,1,2026-04-19,Bill Payment,Completed,30.0
9987,6,14,2379,,2025-05-05,Accessory Sale,Refunded,-28.98
9988,14,,999,3,2026-06-13,Bill Payment,Completed,45.0
9989,16,44,155,5,2025-06-12,Bill Payment,Completed,60.0
9990,8,18,471,4,2026-02-09,Bill Payment,Completed,55.0
9991,14,38,1935,,2025-03-12,Accessory Sale,Completed,43.75
9992,4,9,274,4,2025-02-19,New Activation,Completed,64.86
9993,13,34,1023,5,2025-05-06,Bill Payment,Completed,60.0
9994,17,47,2311,2,2026-02-22,Bill Payment,Completed,40.0
9995,8,18,1072,1,2026-05-26,New Activation,Completed,40.02
9996,12,31,6,4,2026-01-02,New Activation,Voided,0.0
9997,7,15,2242,1,2026-02-03,Bill Payment,Completed,30.0
9998,13,33,2595,6,2025-10-26,Bill Payment,Completed,65.0
9999,12,32,436,3,2025-08-23,New Activation,Refunded,-56.26
10000,6,14,614,2,2025-12-26,Bill Payment,Completed,40.0
10001,2,3,1586,5,2025-12-14,Bill Payment,Voided,0.0
10002,16,44,771,3,2025-03-04,New Activation,Completed,58.23
10003,9,20,1196,1,2025-12-18,Bill Payment,Completed,30.0
10004,2,5,247,2,2025-05-06,Bill Payment,Completed,40.0
10005,4,9,616,5,2025-09-22,Bill Payment,Completed,60.0
10006,14,37,2047,,2026-06-12,Accessory Sale,Completed,60.25
10007,8,18,45,2,2026-03-12,New Activation,Completed,53.53
10008,16,44,1793,4,2025-10-18,New Activation,Completed,62.38
10009,2,3,732,5,2025-04-23,Bill Payment,Completed,60.0
10010,2,5,921,4,2025-04-03,Bill Payment,Completed,55.0
10011,15,41,2387,3,2026-05-05,Bill Payment,Completed,45.0
10012,3,8,2513,5,2025-07-31,Bill Payment,Completed,60.0
10013,2,4,2307,,2025-06-05,Accessory Sale,Completed,120.13
10014,1,1,904,2,2026-05-18,Bill Payment,Completed,40.0
10015,14,37,225,2,2025-05-18,Plan Change,Completed,0.25
10016,5,11,746,5,2026-03-09,Bill Payment,Completed,60.0
10017,7,15,916,2,2025-03-07,Bill Payment,Refunded,-40.0
10018,4,10,2082,2,2026-06-24,Bill Payment,Voided,0.0
10019,18,50,1411,6,2025-10-21,Bill Payment,Completed,65.0
10020,18,49,1061,4,2025-04-25,Bill Payment,Completed,55.0
10021,16,43,425,5,2025-10-04,Bill Payment,Voided,0.0
10022,18,,525,5,2025-12-01,Plan Change,Completed,1.4
10023,18,49,2584,3,2026-01-16,Bill Payment,Completed,45.0
10024,9,21,2383,1,2025-05-05,Bill Payment,Completed,30.0
10025,14,36,2213,,2026-02-01,Accessory Sale,Completed,36.54
10026,11,29,681,1,2025-08-30,Bill Payment,Completed,30.0
10027,2,5,338,6,2026-01-01,Bill Payment,Completed,65.0
10028,14,37,1758,4,2025-08-23,Bill Payment,Refunded,-55.0
10029,1,2,2558,6,2025-06-26,Bill Payment,Completed,65.0
10030,18,50,1831,3,2026-04-07,Bill Payment,Completed,45.0
10031,4,9,842,6,2025-08-02,Bill Payment,Completed,65.0
10032,13,34,2494,,2025-11-14,Accessory Sale,Completed,26.1
10033,11,28,2317,4,2026-01-18,Bill Payment,Completed,55.0
10034,2,3,2026,6,2025-10-13,Upgrade,Completed,114.51
10035,18,50,1056,4,2026-02-01,Bill Payment,Completed,55.0
10036,12,32,1036,3,2025-12-25,Bill Payment,Completed,45.0
10037,9,21,2220,4,2025-07-27,Bill Payment,Completed,55.0
10038,11,29,1753,5,2026-02-28,Bill Payment,Voided,0.0
10039,1,1,1889,3,2025-11-29,Bill Payment,Completed,45.0
10040,12,32,1306,1,2025-11-30,Upgrade,Completed,89.04
10041,18,50,214,2,2025-09-09,Bill Payment,Completed,40.0
10042,7,16,249,6,2026-06-17,New Activation,Completed,76.52
10043,2,4,347,1,2025-07-05,Bill Payment,Completed,30.0
10044,13,33,888,6,2025-12-15,Bill Payment,Completed,65.0
10045,14,36,2432,,2025-02-23,Accessory Sale,Completed,121.92
10046,5,,1224,1,2026-06-11,Bill Payment,Completed,30.0
10047,8,18,1500,5,2026-06-17,Bill Payment,Completed,60.0
10048,3,8,485,2,2025-02-07,New Activation,Completed,49.58
10049,14,38,317,,2026-03-07,Accessory Sale,Completed,106.97
10050,8,18,69,,2026-01-06,Accessory Sale,Completed,118.47
10051,11,30,1824,1,2025-10-24,Bill Payment,Completed,30.0
10052,14,38,171,2,2025-03-10,Plan Change,Completed,0.33
10053,13,33,2255,3,2025-10-22,Bill Payment,Completed,45.0
10054,9,20,2417,2,2025-09-17,Plan Change,Completed,5.38
10055,18,50,1363,1,2025-03-25,Bill Payment,Voided,0.0
10056,7,15,2245,4,2025-08-12,Bill Payment,Completed,55.0
10057,6,14,1051,3,2025-11-07,Bill Payment,Refunded,-45.0
10058,12,31,701,3,2025-09-22,Bill Payment,Completed,45.0
10059,2,5,1456,5,2026-04-27,Bill Payment,Completed,60.0
10060,2,,1440,3,2025-03-02,Bill Payment,Voided,0.0
10061,1,1,1998,5,2025-12-23,Bill Payment,Completed,60.0
10062,9,21,2519,4,2025-05-31,Bill Payment,Completed,55.0
10063,9,21,1313,5,2025-03-27,New Activation,Completed,68.03
10064,4,10,1892,6,2025-12-13,Bill Payment,Completed,65.0
10065,18,49,313,4,2025-11-26,Plan Change,Refunded,-1.18
10066,2,3,551,3,2025-02-16,Bill Payment,Completed,45.0
10067,10,24,1176,2,2026-02-28,Bill Payment,Voided,0.0
10068,9,21,2488,3,2026-04-24,Bill Payment,Completed,45.0
10069,5,11,1585,5,2025-05-04,Bill Payment,Completed,60.0
10070,7,15,2225,1,2025-06-24,Plan Change,Completed,7.27
10071,16,45,436,2,2026-04-02,New Activation,Voided,0.0
10072,12,32,492,,2025-09-18,Accessory Sale,Completed,52.69
10073,17,47,105,6,2026-02-08,Bill Payment,Completed,65.0
10074,8,19,182,1,2025-09-09,Bill Payment,Completed,30.0
10075,10,24,821,,2025-05-05,Accessory Sale,Completed,53.59
10076,7,16,481,1,2025-12-26,Plan Change,Voided,0.0
10077,6,14,880,4,2026-01-05,Upgrade,Completed,96.73
10078,5,11,1533,3,2026-03-09,Upgrade,Completed,79.77
10079,18,49,1536,1,2025-10-01,Bill Payment,Completed,30.0
10080,2,4,254,5,2025-03-22,Plan Change,Completed,8.08
10081,13,34,1323,,2026-01-29,Accessory Sale,Completed,42.79
10082,3,6,384,,2025-12-31,Accessory Sale,Completed,104.41
10083,2,,2579,2,2025-05-12,New Activation,Refunded,-47.82
10084,12,32,1003,,2026-01-30,Accessory Sale,Completed,149.41
10085,18,49,1818,5,2025-04-03,Bill Payment,Completed,60.0
10086,13,34,2381,1,2025-02-13,New Activation,Completed,42.42
10087,18,49,802,6,2026-01-25,Bill Payment,Completed,65.0
10088,9,23,1823,3,2025-12-11,Bill Payment,Completed,45.0
10089,8,18,1968,3,2025-01-31,Bill Payment,Completed,45.0
10090,8,18,928,6,2025-01-12,Bill Payment,Completed,65.0
10091,5,12,2385,1,2025-11-06,Bill Payment,Completed,30.0
10092,13,34,1658,4,2025-04-01,Bill Payment,Completed,55.0
10093,12,31,147,5,2025-04-24,Bill Payment,Completed,60.0
10094,8,19,1022,4,2026-06-18,Bill Payment,Completed,55.0
10095,3,8,393,,2026-06-05,Accessory Sale,Refunded,-139.09
10096,9,,202,6,2025-01-09,Plan Change,Completed,6.12
10097,6,14,494,5,2025-07-03,Bill Payment,Voided,0.0
10098,1,2,2329,6,2025-10-17,New Activation,Completed,77.17
10099,13,33,602,3,2025-05-07,Bill Payment,Completed,45.0
10100,6,13,2253,4,2026-05-05,Bill Payment,Completed,55.0
10101,18,49,540,4,2025-11-08,Bill Payment,Completed,55.0
10102,16,44,2569,2,2026-05-06,Upgrade,Voided,0.0
10103,5,11,1742,1,2026-05-29,Bill Payment,Completed,30.0
10104,14,35,281,2,2026-05-12,Upgrade,Voided,0.0
10105,16,46,1985,1,2025-07-20,Bill Payment,Completed,30.0
10106,16,46,2185,1,2026-02-13,Bill Payment,Completed,30.0
10107,6,13,2028,1,2026-05-02,Bill Payment,Completed,30.0
10108,12,31,1099,,2026-05-31,Accessory Sale,Voided,0.0
10109,8,17,314,4,2025-03-06,Plan Change,Completed,5.45
10110,17,48,215,5,2025-03-28,Bill Payment,Completed,60.0
10111,4,10,2436,5,2026-05-01,Upgrade,Completed,97.02
10112,18,50,1801,1,2025-12-24,Upgrade,Completed,63.92
10113,11,27,1269,5,2025-11-24,New Activation,Completed,73.18
10114,3,6,1645,4,2025-08-30,Bill Payment,Completed,55.0
10115,2,4,1418,6,2025-10-27,Bill Payment,Completed,65.0
10116,16,46,764,6,2026-04-14,Bill Payment,Completed,65.0
10117,7,16,2556,5,2026-05-09,Bill Payment,Completed,60.0
10118,16,46,7,6,2025-09-02,Bill Payment,Completed,65.0
10119,6,14,2085,,2025-11-08,Accessory Sale,Completed,37.7
10120,2,5,116,,2025-10-12,Accessory Sale,Completed,80.31
10121,16,43,579,1,2026-06-06,Bill Payment,Completed,30.0
10122,12,32,2483,2,2026-05-08,Upgrade,Completed,62.39
10123,8,17,2236,6,2025-12-11,Bill Payment,Completed,65.0
10124,12,32,65,1,2025-08-02,Bill Payment,Completed,30.0
10125,7,15,2535,6,2026-01-19,New Activation,Completed,72.33
10126,16,46,2279,6,2025-07-24,Bill Payment,Completed,65.0
10127,18,49,1978,6,2025-07-09,Bill Payment,Completed,65.0
10128,8,,213,2,2025-08-10,Bill Payment,Completed,40.0
10129,1,1,2234,6,2025-09-01,Bill Payment,Completed,65.0
10130,15,42,1370,2,2025-06-15,Bill Payment,Completed,40.0
10131,1,,1922,2,2025-10-28,Upgrade,Completed,90.85
10132,13,33,1319,,2026-03-08,Accessory Sale,Voided,0.0
10133,18,49,2105,5,2025-10-12,Bill Payment,Completed,60.0
10134,8,17,1179,,2025-07-02,Accessory Sale,Completed,13.68
10135,13,34,2382,1,2025-10-28,Upgrade,Completed,55.19
10136,16,46,1199,4,2025-05-25,Bill Payment,Refunded,-55.0
10137,14,38,1416,2,2025-10-08,Bill Payment,Completed,40.0
10138,6,13,1926,1,2026-06-07,Bill Payment,Completed,30.0
10139,12,32,944,2,2025-10-11,Bill Payment,Refunded,-40.0
10140,7,16,1848,2,2026-04-25,Bill Payment,Completed,40.0
10141,18,49,1863,3,2025-06-19,Plan Change,Completed,3.58
10142,14,36,1055,,2025-11-20,Accessory Sale,Completed,21.56
10143,9,22,650,6,2025-04-20,Bill Payment,Completed,65.0
10144,3,8,1144,5,2026-05-27,Bill Payment,Refunded,-60.0
10145,6,13,1154,6,2025-09-07,Bill Payment,Voided,0.0
10146,6,13,973,4,2025-05-29,New Activation,Completed,63.62
10147,3,,673,2,2025-01-13,Upgrade,Completed,106.93
10148,16,46,2435,4,2025-12-04,Bill Payment,Completed,55.0
10149,15,42,1258,4,2026-05-22,Upgrade,Completed,111.1
10150,4,10,221,5,2025-09-28,New Activation,Completed,66.43
10151,2,4,2402,3,2026-06-06,Bill Payment,Completed,45.0
10152,4,9,186,3,2025-12-03,Bill Payment,Completed,45.0
10153,18,,2360,,2026-03-03,Accessory Sale,Completed,59.21
10154,16,44,1091,,2026-01-14,Accessory Sale,Completed,13.24
10155,4,10,1219,6,2026-02-22,Bill Payment,Completed,65.0
10156,6,13,1662,3,2025-01-19,Bill Payment,Completed,45.0
10157,8,19,120,,2025-05-01,Accessory Sale,Completed,140.91
10158,15,41,452,2,2025-01-28,Upgrade,Voided,0.0
10159,14,35,199,6,2025-08-06,Bill Payment,Completed,65.0
10160,12,,220,5,2025-04-04,Bill Payment,Completed,60.0
10161,5,12,840,1,2025-08-25,Bill Payment,Completed,30.0
10162,12,31,1780,1,2025-01-21,Bill Payment,Completed,30.0
10163,17,47,452,3,2025-09-14,Bill Payment,Completed,45.0
10164,8,17,186,,2026-06-30,Accessory Sale,Completed,47.06
10165,11,30,943,2,2026-01-30,Bill Payment,Completed,40.0
10166,8,17,2327,4,2026-05-25,Bill Payment,Completed,55.0
10167,4,9,138,4,2025-07-24,Bill Payment,Refunded,-55.0
10168,18,49,1597,3,2025-03-08,Bill Payment,Completed,45.0
10169,15,,2026,1,2025-03-18,Plan Change,Completed,3.01
10170,6,13,365,1,2025-06-25,Bill Payment,Completed,30.0
10171,11,30,1999,3,2025-04-18,Bill Payment,Completed,45.0
10172,9,20,5,5,2025-05-23,New Activation,Completed,66.4
10173,17,48,1620,6,2025-08-24,Bill Payment,Completed,65.0
10174,8,,2458,1,2025-11-13,New Activation,Completed,44.97
10175,5,11,1386,,2025-06-21,Accessory Sale,Completed,77.26
10176,4,9,764,,2025-09-30,Accessory Sale,Completed,95.82
10177,14,38,746,4,2025-09-25,Bill Payment,Completed,55.0
10178,1,2,1120,,2026-01-25,Accessory Sale,Refunded,-139.65
10179,6,13,752,3,2026-06-23,Bill Payment,Completed,45.0
10180,12,32,894,3,2026-02-19,New Activation,Completed,55.29
10181,12,,898,2,2025-08-19,Bill Payment,Voided,0.0
10182,3,6,2503,1,2025-07-29,Bill Payment,Completed,30.0
10183,17,,64,,2026-05-29,Accessory Sale,Completed,10.52
10184,15,40,724,2,2025-03-16,Bill Payment,Completed,40.0
10185,3,6,1578,4,2025-12-01,Upgrade,Refunded,-79.7
10186,4,9,800,4,2026-02-18,New Activation,Voided,0.0
10187,2,4,775,1,2025-08-10,Bill Payment,Completed,30.0
10188,13,33,2334,,2025-06-23,Accessory Sale,Completed,130.4
10189,5,11,906,2,2025-08-15,New Activation,Completed,45.06
10190,6,13,534,1,2025-07-04,Bill Payment,Completed,30.0
10191,2,3,2072,2,2025-03-18,Bill Payment,Completed,40.0
10192,14,35,1071,1,2025-10-22,Plan Change,Completed,3.72
10193,4,10,394,,2025-01-27,Accessory Sale,Completed,44.4
10194,18,49,139,4,2026-04-13,Bill Payment,Voided,0.0
10195,6,14,2284,1,2025-08-19,Bill Payment,Completed,30.0
10196,15,39,1953,5,2025-06-12,Bill Payment,Completed,60.0
10197,14,35,99,6,2025-09-06,New Activation,Refunded,-70.78
10198,6,13,589,3,2026-04-18,Bill Payment,Completed,45.0
10199,11,29,1234,1,2025-06-11,Bill Payment,Completed,30.0
10200,10,25,565,2,2026-05-15,Upgrade,Voided,0.0
10201,15,40,2442,4,2026-04-03,Bill Payment,Completed,55.0
10202,1,2,345,,2026-05-10,Accessory Sale,Completed,57.88
10203,5,11,678,4,2026-06-13,Upgrade,Completed,130.93
10204,18,50,2357,4,2026-03-07,Bill Payment,Completed,55.0
10205,5,11,708,3,2025-12-09,Bill Payment,Completed,45.0
10206,12,,1759,4,2025-06-03,Bill Payment,Voided,0.0
10207,10,25,1876,1,2025-05-04,Bill Payment,Completed,30.0
10208,12,31,990,4,2026-06-22,New Activation,Completed,69.52
10209,14,38,531,3,2025-03-12,Bill Payment,Completed,45.0
10210,17,47,284,6,2025-04-27,Bill Payment,Voided,0.0
10211,12,32,358,4,2025-10-15,Bill Payment,Refunded,-55.0
10212,1,1,1948,,2025-08-17,Accessory Sale,Completed,122.25
10213,16,43,368,4,2026-01-26,Bill Payment,Voided,0.0
10214,2,5,2277,6,2025-05-09,Bill Payment,Completed,65.0
10215,14,36,2277,5,2025-09-07,Bill Payment,Completed,60.0
10216,11,30,817,2,2025-10-24,New Activation,Completed,53.3
10217,12,31,1797,5,2026-06-23,Bill Payment,Completed,60.0
10218,16,45,620,4,2025-05-21,Bill Payment,Completed,55.0
10219,2,3,915,2,2025-08-06,Bill Payment,Completed,40.0
10220,14,35,2589,,2025-10-05,Accessory Sale,Completed,19.24
10221,3,7,1603,4,2025-02-23,Upgrade,Completed,75.44
10222,1,2,2127,3,2026-02-09,Bill Payment,Completed,45.0
10223,8,18,2343,1,2026-04-22,Bill Payment,Completed,30.0
10224,7,,2401,2,2025-02-07,Upgrade,Completed,95.37
10225,6,14,801,6,2026-04-27,Bill Payment,Completed,65.0
10226,6,13,1044,6,2025-08-03,Bill Payment,Refunded,-65.0
10227,7,15,2168,6,2026-06-26,Bill Payment,Completed,65.0
10228,2,3,2180,3,2025-11-30,Bill Payment,Completed,45.0
10229,18,49,49,,2025-06-28,Accessory Sale,Completed,79.44
10230,9,20,679,4,2025-11-18,New Activation,Completed,62.24
10231,9,23,468,5,2025-12-16,Bill Payment,Completed,60.0
10232,8,18,852,3,2026-03-08,Bill Payment,Completed,45.0
10233,12,32,316,2,2026-01-07,Bill Payment,Completed,40.0
10234,5,12,1334,,2025-08-30,Accessory Sale,Completed,59.33
10235,8,18,2282,6,2025-05-22,Bill Payment,Completed,65.0
10236,16,45,594,1,2025-05-11,Bill Payment,Completed,30.0
10237,6,14,573,3,2025-01-09,Bill Payment,Completed,45.0
10238,13,34,2090,,2025-08-07,Accessory Sale,Completed,130.42
10239,16,46,975,6,2025-03-14,Bill Payment,Completed,65.0
10240,12,,95,,2025-01-30,Accessory Sale,Refunded,-46.36
10241,18,49,2220,5,2026-04-16,Bill Payment,Completed,60.0
10242,5,,674,6,2026-01-02,Bill Payment,Voided,0.0
10243,11,30,2151,2,2026-02-24,New Activation,Completed,52.51
10244,18,49,1630,1,2025-02-26,Bill Payment,Completed,30.0
10245,18,49,2499,,2025-09-21,Accessory Sale,Completed,33.25
10246,8,18,1937,5,2025-02-09,New Activation,Voided,0.0
10247,11,27,1971,,2025-11-23,Accessory Sale,Completed,53.6
10248,2,4,2414,5,2026-03-29,Bill Payment,Completed,60.0
10249,2,3,1019,5,2025-10-10,Bill Payment,Completed,60.0
10250,16,45,33,6,2026-05-02,New Activation,Completed,71.63
10251,10,,1309,,2025-08-03,Accessory Sale,Completed,96.71
10252,9,21,1586,3,2025-10-28,Bill Payment,Voided,0.0
10253,17,47,847,,2025-02-22,Accessory Sale,Refunded,-77.12
10254,1,2,101,3,2026-06-15,Bill Payment,Completed,45.0
10255,17,47,1441,,2025-05-16,Accessory Sale,Completed,139.33
10256,4,9,448,4,2026-06-15,New Activation,Completed,61.84
10257,5,12,1576,2,2026-06-01,Bill Payment,Completed,40.0
10258,5,12,653,6,2025-10-29,Bill Payment,Completed,65.0
10259,2,5,1268,2,2025-05-19,Bill Payment,Refunded,-40.0
10260,3,,1738,5,2026-03-25,Bill Payment,Completed,60.0
10261,1,2,1097,6,2025-11-21,Bill Payment,Completed,65.0
10262,10,26,801,,2025-07-31,Accessory Sale,Completed,98.88
10263,11,29,2558,,2026-05-27,Accessory Sale,Completed,44.93
10264,7,16,2181,5,2026-01-25,Bill Payment,Refunded,-60.0
10265,11,27,594,2,2025-07-12,New Activation,Refunded,-52.66
10266,16,45,1253,3,2025-09-22,Upgrade,Refunded,-102.36
10267,13,34,1719,6,2026-04-07,Upgrade,Completed,107.63
10268,7,15,493,6,2025-08-13,Bill Payment,Completed,65.0
10269,10,24,2109,6,2026-04-28,Bill Payment,Voided,0.0
10270,6,13,2391,6,2025-06-13,Plan Change,Completed,2.26
10271,14,36,194,5,2025-04-13,New Activation,Completed,65.42
10272,18,50,2188,3,2025-02-15,Plan Change,Completed,5.39
10273,14,38,2110,3,2025-01-31,New Activation,Voided,0.0
10274,6,14,1982,,2026-06-13,Accessory Sale,Completed,127.82
10275,10,26,1851,2,2025-10-22,Upgrade,Voided,0.0
10276,17,48,1178,4,2025-03-14,Bill Payment,Completed,55.0
10277,10,26,1721,4,2026-05-28,Bill Payment,Voided,0.0
10278,18,50,1601,4,2026-02-02,Bill Payment,Completed,55.0
10279,10,24,762,,2025-02-18,Accessory Sale,Completed,22.37
10280,18,50,2202,2,2026-04-12,Upgrade,Completed,67.95
10281,6,14,1887,3,2025-11-16,Bill Payment,Completed,45.0
10282,14,36,201,2,2025-02-18,Upgrade,Completed,62.93
10283,3,6,327,3,2025-03-15,New Activation,Completed,56.15
10284,5,11,1820,4,2025-08-13,Bill Payment,Completed,55.0
10285,14,35,1869,6,2025-10-24,Bill Payment,Completed,65.0
10286,12,31,1108,5,2025-04-13,Bill Payment,Voided,0.0
10287,6,14,254,2,2026-05-30,Bill Payment,Completed,40.0
10288,5,11,183,3,2026-01-17,Upgrade,Completed,69.55
10289,2,3,683,5,2025-03-31,Bill Payment,Completed,60.0
10290,14,35,1485,3,2026-05-06,Plan Change,Refunded,-7.85
10291,2,5,507,2,2026-04-11,Bill Payment,Completed,40.0
10292,11,,1243,5,2026-03-19,Bill Payment,Completed,60.0
10293,15,40,1069,3,2025-06-23,Bill Payment,Completed,45.0
10294,3,7,795,5,2025-01-01,New Activation,Voided,0.0
10295,1,1,648,5,2026-05-04,Bill Payment,Completed,60.0
10296,6,14,1168,,2026-04-17,Accessory Sale,Refunded,-91.98
10297,11,,852,4,2025-03-05,Plan Change,Completed,1.47
10298,14,36,528,5,2026-06-23,Plan Change,Completed,6.49
10299,3,,1855,,2025-09-02,Accessory Sale,Completed,11.26
10300,5,12,796,4,2026-03-30,Upgrade,Completed,80.41
10301,15,41,930,4,2025-06-08,Bill Payment,Voided,0.0
10302,14,36,2106,3,2025-09-14,New Activation,Completed,54.42
10303,6,13,2374,2,2025-11-13,Bill Payment,Refunded,-40.0
10304,14,36,964,3,2025-01-02,Bill Payment,Completed,45.0
10305,6,13,84,2,2025-02-21,Bill Payment,Completed,40.0
10306,9,23,2000,6,2025-01-13,Upgrade,Completed,144.01
10307,2,5,227,1,2025-04-24,New Activation,Completed,39.15
10308,1,2,672,4,2025-05-17,Bill Payment,Voided,0.0
10309,11,28,634,3,2026-01-25,Bill Payment,Completed,45.0
10310,2,4,978,1,2025-06-17,Bill Payment,Completed,30.0
10311,11,30,2360,6,2025-06-28,Plan Change,Completed,3.81
10312,15,42,1116,4,2025-12-24,Bill Payment,Completed,55.0
10313,12,31,1382,1,2026-05-13,Bill Payment,Completed,30.0
10314,3,6,1328,2,2025-09-05,Bill Payment,Completed,40.0
10315,6,13,513,6,2025-01-30,New Activation,Completed,76.93
10316,14,37,1113,4,2025-05-21,New Activation,Completed,61.23
10317,2,4,493,5,2026-03-28,Bill Payment,Completed,60.0
10318,13,34,158,1,2025-01-08,Bill Payment,Completed,30.0
10319,7,15,1301,,2026-06-01,Accessory Sale,Voided,0.0
10320,4,9,1113,1,2025-06-24,New Activation,Completed,42.75
10321,2,5,1652,,2026-06-11,Accessory Sale,Completed,36.52
10322,11,29,101,,2025-05-04,Accessory Sale,Completed,50.52
10323,17,47,1054,2,2025-09-22,Bill Payment,Voided,0.0
10324,2,4,1894,3,2025-02-08,New Activation,Completed,56.78
10325,15,41,998,4,2026-01-21,Bill Payment,Completed,55.0
10326,1,1,118,4,2026-06-13,Bill Payment,Completed,55.0
10327,14,38,769,1,2025-09-11,Bill Payment,Completed,30.0
10328,13,33,1419,5,2026-02-22,Bill Payment,Completed,60.0
10329,18,50,621,1,2025-08-13,Bill Payment,Completed,30.0
10330,11,27,2180,,2026-05-21,Accessory Sale,Completed,65.79
10331,16,43,906,3,2025-09-19,Bill Payment,Completed,45.0
10332,13,33,2571,,2025-08-21,Accessory Sale,Completed,41.56
10333,1,2,2585,4,2025-08-25,Bill Payment,Completed,55.0
10334,9,21,456,4,2025-10-07,Bill Payment,Completed,55.0
10335,5,12,478,5,2025-09-17,Upgrade,Completed,106.33
10336,14,36,2136,3,2025-09-22,Bill Payment,Completed,45.0
10337,1,1,1209,6,2026-02-05,Bill Payment,Completed,65.0
10338,18,49,206,1,2025-04-03,Bill Payment,Completed,30.0
10339,5,11,1527,3,2025-05-06,Bill Payment,Voided,0.0
10340,1,2,1063,6,2025-10-07,Bill Payment,Completed,65.0
10341,6,13,898,4,2025-11-14,Bill Payment,Completed,55.0
10342,18,50,1310,2,2025-08-28,Bill Payment,Voided,0.0
10343,1,1,2236,2,2025-09-23,Bill Payment,Completed,40.0
10344,6,13,1719,,2026-06-24,Accessory Sale,Completed,51.73
10345,11,29,2230,3,2025-11-07,Upgrade,Completed,110.13
10346,2,5,699,2,2026-01-18,Bill Payment,Completed,40.0
10347,9,22,1632,,2025-05-16,Accessory Sale,Refunded,-86.18
10348,7,15,1353,5,2026-02-23,Bill Payment,Completed,60.0
10349,5,11,341,2,2025-02-25,Bill Payment,Refunded,-40.0
10350,6,14,2123,1,2025-03-16,Bill Payment,Completed,30.0
10351,8,18,831,5,2025-01-24,New Activation,Voided,0.0
10352,5,12,2342,3,2025-09-01,Bill Payment,Voided,0.0
10353,12,32,2192,1,2025-07-09,Plan Change,Voided,0.0
10354,7,15,1692,5,2025-03-20,Bill Payment,Completed,60.0
10355,13,33,2094,,2025-06-21,Accessory Sale,Completed,120.67
10356,10,,837,,2025-09-21,Accessory Sale,Completed,93.83
10357,11,29,1734,2,2025-06-30,Bill Payment,Completed,40.0
10358,12,31,510,5,2026-01-22,Bill Payment,Completed,60.0
10359,14,36,2548,5,2025-08-05,Bill Payment,Completed,60.0
10360,12,31,432,1,2025-12-15,Bill Payment,Completed,30.0
10361,18,49,2490,4,2025-12-26,Bill Payment,Completed,55.0
10362,11,28,1430,2,2025-02-23,Bill Payment,Completed,40.0
10363,8,18,1841,,2025-12-06,Accessory Sale,Completed,47.22
10364,8,17,462,5,2025-12-27,Bill Payment,Completed,60.0
10365,12,31,154,6,2025-05-11,Bill Payment,Completed,65.0
10366,8,18,2438,4,2025-04-05,Bill Payment,Completed,55.0
10367,8,17,320,3,2025-11-16,New Activation,Completed,56.68
10368,5,11,1136,2,2025-12-26,New Activation,Refunded,-50.99
10369,2,5,61,6,2025-07-14,Bill Payment,Voided,0.0
10370,1,2,2148,,2025-01-01,Accessory Sale,Completed,106.93
10371,13,34,1540,3,2025-09-05,Upgrade,Completed,90.46
10372,5,11,1461,,2025-10-28,Accessory Sale,Completed,72.67
10373,17,48,12,4,2025-05-07,Upgrade,Completed,89.54
10374,6,13,837,,2026-04-07,Accessory Sale,Completed,21.21
10375,5,11,807,2,2026-06-16,Bill Payment,Completed,40.0
10376,10,,163,2,2026-06-05,Bill Payment,Completed,40.0
10377,7,16,1715,3,2025-12-13,Upgrade,Completed,82.29
10378,16,46,416,5,2025-06-20,Upgrade,Completed,95.45
10379,5,11,1988,,2026-05-18,Accessory Sale,Completed,72.63
10380,10,26,1601,2,2025-12-27,Bill Payment,Completed,40.0
10381,14,36,2068,4,2026-03-13,Plan Change,Completed,9.98
10382,4,9,796,2,2025-02-18,Plan Change,Completed,1.73
10383,14,37,122,4,2026-03-11,Bill Payment,Completed,55.0
10384,3,8,2398,2,2025-07-29,Bill Payment,Completed,40.0
10385,5,12,1219,1,2025-03-23,New Activation,Completed,38.12
10386,14,37,275,,2026-04-04,Accessory Sale,Completed,113.18
10387,3,,1076,5,2025-09-16,Bill Payment,Completed,60.0
10388,13,33,638,2,2026-05-16,Upgrade,Completed,83.82
10389,6,14,836,3,2025-12-30,Bill Payment,Voided,0.0
10390,13,34,599,6,2025-10-18,Bill Payment,Completed,65.0
10391,3,8,2284,1,2025-07-30,Plan Change,Completed,1.6
10392,11,29,1376,4,2026-01-31,New Activation,Completed,66.54
10393,14,36,2566,6,2025-05-30,New Activation,Completed,73.54
10394,2,3,754,2,2025-10-26,New Activation,Completed,45.95
10395,16,43,2566,4,2025-02-24,Bill Payment,Completed,55.0
10396,4,10,2488,5,2025-01-13,Bill Payment,Completed,60.0
10397,17,48,2143,1,2025-02-28,Bill Payment,Completed,30.0
10398,4,9,2558,2,2025-03-03,Bill Payment,Completed,40.0
10399,14,,728,3,2025-06-05,New Activation,Completed,56.79
10400,11,28,1620,6,2025-12-12,Bill Payment,Voided,0.0
10401,7,16,1407,,2026-05-09,Accessory Sale,Completed,31.29
10402,5,12,818,3,2025-03-21,Bill Payment,Completed,45.0
10403,14,36,1201,,2025-03-04,Accessory Sale,Completed,32.04
10404,2,,2283,1,2026-04-28,Bill Payment,Voided,0.0
10405,4,10,1835,2,2025-03-18,Bill Payment,Refunded,-40.0
10406,9,22,161,4,2026-02-16,Bill Payment,Completed,55.0
10407,6,13,2419,6,2026-05-18,Bill Payment,Completed,65.0
10408,14,38,1808,,2025-08-06,Accessory Sale,Completed,137.95
10409,6,14,1771,3,2026-04-13,Plan Change,Refunded,-9.88
10410,1,1,567,6,2025-08-14,Bill Payment,Completed,65.0
10411,11,,941,2,2026-06-22,Plan Change,Completed,3.93
10412,18,49,1165,1,2026-01-26,Bill Payment,Completed,30.0
10413,11,27,342,,2025-09-28,Accessory Sale,Completed,134.12
10414,8,18,1682,4,2025-11-09,Bill Payment,Completed,55.0
10415,11,28,320,3,2026-01-09,Bill Payment,Completed,45.0
10416,14,35,840,6,2025-07-27,Plan Change,Refunded,-2.26
10417,14,38,632,5,2025-04-01,Plan Change,Completed,6.24
10418,17,48,1037,5,2025-09-11,Bill Payment,Voided,0.0
10419,8,19,347,3,2025-04-26,Bill Payment,Completed,45.0
10420,18,,1609,2,2026-01-19,Bill Payment,Completed,40.0
10421,18,50,685,,2025-11-13,Accessory Sale,Completed,104.94
10422,6,13,1064,6,2026-05-25,Upgrade,Refunded,-87.74
10423,18,50,2388,5,2025-12-04,Bill Payment,Completed,60.0
10424,6,14,1723,3,2025-10-18,Bill Payment,Completed,45.0
10425,1,,2257,4,2025-06-21,Bill Payment,Completed,55.0
10426,1,1,1306,6,2025-11-25,Bill Payment,Voided,0.0
10427,3,,953,1,2025-07-15,Bill Payment,Completed,30.0
10428,3,7,2069,1,2025-03-06,New Activation,Completed,39.45
10429,3,7,2399,5,2025-02-06,Bill Payment,Refunded,-60.0
10430,7,15,1992,4,2025-07-26,New Activation,Completed,64.54
10431,6,13,1399,,2025-10-17,Accessory Sale,Completed,30.06
10432,12,32,2382,5,2026-02-04,Bill Payment,Completed,60.0
10433,10,24,2522,4,2025-05-08,Upgrade,Completed,132.38
10434,15,39,817,4,2025-10-03,Bill Payment,Completed,55.0
10435,12,32,1495,4,2025-06-11,Bill Payment,Completed,55.0
10436,16,43,1459,3,2025-08-27,Bill Payment,Completed,45.0
10437,5,12,2480,1,2025-09-15,Bill Payment,Completed,30.0
10438,17,48,595,3,2026-02-03,Bill Payment,Completed,45.0
10439,6,14,1613,3,2025-03-10,Bill Payment,Completed,45.0
10440,16,46,1648,3,2026-02-02,Bill Payment,Completed,45.0
10441,14,38,944,5,2025-05-25,Bill Payment,Completed,60.0
10442,5,12,2301,1,2026-01-31,Bill Payment,Completed,30.0
10443,8,19,392,3,2026-01-09,Bill Payment,Refunded,-45.0
10444,2,4,507,1,2025-09-28,Upgrade,Completed,63.89
10445,17,47,1130,6,2025-09-13,Bill Payment,Completed,65.0
10446,8,18,763,,2025-08-13,Accessory Sale,Completed,24.27
10447,4,10,2392,5,2025-02-06,Bill Payment,Refunded,-60.0
10448,2,3,508,6,2025-12-21,Plan Change,Completed,4.15
10449,2,4,741,1,2026-01-27,New Activation,Completed,39.46
10450,16,45,350,6,2026-03-30,Bill Payment,Completed,65.0
10451,9,22,1147,2,2025-08-02,Bill Payment,Completed,40.0
10452,4,9,1091,,2026-04-16,Accessory Sale,Completed,26.4
10453,11,28,603,1,2025-12-18,New Activation,Voided,0.0
10454,9,22,2423,3,2025-10-05,Bill Payment,Completed,45.0
10455,16,44,1691,6,2025-08-16,Bill Payment,Completed,65.0
10456,14,,778,6,2025-06-22,Bill Payment,Voided,0.0
10457,11,27,1283,3,2025-03-31,Bill Payment,Completed,45.0
10458,14,36,1740,4,2026-03-19,Bill Payment,Completed,55.0
10459,5,12,399,1,2025-01-06,Bill Payment,Completed,30.0
10460,14,35,338,6,2025-11-22,Plan Change,Completed,2.94
10461,18,49,1817,5,2025-09-14,Upgrade,Completed,121.26
10462,18,50,1003,1,2026-04-11,Bill Payment,Completed,30.0
10463,14,38,1795,4,2025-06-29,Plan Change,Completed,0.44
10464,14,35,618,6,2025-05-19,Plan Change,Completed,3.41
10465,18,49,202,6,2025-12-12,Bill Payment,Completed,65.0
10466,17,48,951,1,2025-06-22,Upgrade,Completed,83.06
10467,1,2,618,1,2025-06-24,Bill Payment,Completed,30.0
10468,8,17,1768,1,2025-04-14,New Activation,Completed,36.32
10469,5,12,1191,1,2025-04-20,Bill Payment,Completed,30.0
10470,6,14,1032,,2025-07-03,Accessory Sale,Refunded,-11.93
10471,13,33,1358,2,2025-10-25,Bill Payment,Completed,40.0
10472,2,3,504,6,2025-01-25,Plan Change,Voided,0.0
10473,17,47,488,5,2025-02-22,Upgrade,Voided,0.0
10474,3,8,2472,5,2025-04-06,Bill Payment,Completed,60.0
10475,16,43,2217,3,2025-12-14,Bill Payment,Completed,45.0
10476,11,27,508,5,2025-09-07,Bill Payment,Completed,60.0
10477,5,12,1070,1,2025-07-22,New Activation,Completed,39.33
10478,13,33,2237,5,2025-12-02,New Activation,Completed,71.38
10479,6,14,284,,2025-03-27,Accessory Sale,Completed,120.45
10480,16,45,2486,2,2025-07-13,Bill Payment,Completed,40.0
10481,14,36,944,1,2026-03-15,Bill Payment,Completed,30.0
10482,14,36,878,1,2025-02-16,Bill Payment,Completed,30.0
10483,14,38,1160,3,2025-07-10,Bill Payment,Voided,0.0
10484,5,11,1681,5,2025-05-06,Bill Payment,Completed,60.0
10485,6,13,1587,4,2025-01-15,Upgrade,Refunded,-80.09
10486,7,,43,,2025-04-09,Accessory Sale,Completed,65.48
10487,11,30,2521,1,2025-09-26,Bill Payment,Refunded,-30.0
10488,18,49,797,6,2025-10-17,Bill Payment,Completed,65.0
10489,6,14,1628,2,2025-06-22,Bill Payment,Completed,40.0
10490,5,12,2597,,2025-12-28,Accessory Sale,Completed,73.43
10491,1,1,409,4,2026-04-15,Bill Payment,Refunded,-55.0
10492,14,36,964,5,2025-06-04,Bill Payment,Completed,60.0
10493,4,10,489,6,2026-04-12,Bill Payment,Completed,65.0
10494,4,9,1968,,2025-11-12,Accessory Sale,Completed,148.2
10495,2,4,1419,5,2025-12-23,Bill Payment,Completed,60.0
10496,8,19,1424,1,2025-05-08,Bill Payment,Voided,0.0
10497,16,43,723,4,2025-12-19,Bill Payment,Completed,55.0
10498,10,24,219,3,2025-04-20,New Activation,Completed,56.03
10499,2,3,781,2,2025-08-10,New Activation,Completed,48.89
10500,4,9,2234,,2026-04-04,Accessory Sale,Completed,16.88
10501,18,50,2117,2,2026-02-19,Upgrade,Completed,60.94
10502,2,3,973,5,2026-03-27,Bill Payment,Completed,60.0
10503,17,,163,4,2026-03-26,Bill Payment,Completed,55.0
10504,14,38,1132,5,2026-06-07,Bill Payment,Completed,60.0
10505,13,34,537,5,2026-02-21,Bill Payment,Refunded,-60.0
10506,1,2,1656,3,2025-01-18,Bill Payment,Completed,45.0
10507,15,39,794,4,2026-02-22,Bill Payment,Completed,55.0
10508,8,17,2255,4,2025-04-23,New Activation,Completed,63.41
10509,5,11,1614,2,2025-02-26,Upgrade,Completed,95.68
10510,6,,312,5,2025-10-02,Bill Payment,Completed,60.0
10511,15,40,2240,3,2025-09-04,Plan Change,Completed,6.68
10512,7,15,242,5,2026-03-21,New Activation,Refunded,-70.2
10513,16,44,1079,6,2025-03-27,Bill Payment,Completed,65.0
10514,17,48,142,2,2025-03-31,Bill Payment,Completed,40.0
10515,18,49,2068,,2026-04-08,Accessory Sale,Refunded,-69.29
10516,5,12,1329,5,2025-02-06,Plan Change,Refunded,-9.88
10517,4,9,2196,1,2025-05-11,Bill Payment,Completed,30.0
10518,8,17,919,3,2025-10-10,Bill Payment,Voided,0.0
10519,12,31,1639,,2025-08-10,Accessory Sale,Refunded,-95.76
10520,18,50,211,3,2025-12-01,Bill Payment,Completed,45.0
10521,7,15,2148,1,2025-08-16,Bill Payment,Completed,30.0
10522,3,6,2185,3,2026-06-25,Bill Payment,Completed,45.0
10523,11,30,765,3,2025-06-20,Bill Payment,Completed,45.0
10524,9,21,1989,5,2026-01-01,Upgrade,Completed,126.48
10525,13,33,26,3,2026-06-01,Upgrade,Completed,102.85
10526,12,32,429,4,2026-05-14,Bill Payment,Voided,0.0
10527,3,7,934,3,2025-10-27,New Activation,Completed,51.48
10528,12,32,1459,1,2025-08-27,Bill Payment,Completed,30.0
10529,4,10,1351,5,2026-05-05,Bill Payment,Completed,60.0
10530,2,3,1350,1,2026-01-14,Upgrade,Completed,98.06
10531,7,16,305,4,2025-04-20,Bill Payment,Completed,55.0
10532,3,8,1354,6,2026-01-04,Upgrade,Completed,92.14
10533,9,22,2343,1,2025-01-16,Plan Change,Voided,0.0
10534,12,32,2415,,2025-05-08,Accessory Sale,Completed,38.16
10535,11,30,2165,5,2026-06-12,Bill Payment,Completed,60.0
10536,16,44,2213,5,2025-12-18,Bill Payment,Completed,60.0
10537,1,1,2027,6,2025-04-22,Bill Payment,Refunded,-65.0
10538,10,25,278,1,2025-01-13,Plan Change,Voided,0.0
10539,2,5,945,6,2025-03-09,Bill Payment,Completed,65.0
10540,11,29,1639,6,2025-05-11,Bill Payment,Completed,65.0
